customer_id,kmeans_segment,segment_label,secondary_cluster,value_tier,pca_x,pca_y
12347,2,Steady Mid-Value (A),2,High,4.353647019650451,-0.9415974435692802
12348,4,Seasonal Gift Shopper,6,Low,-2.2933493261973688,1.2403777697512612
12349,3,Steady Mid-Value,1,Medium,-0.33565255567777497,0.9922395176516263
12350,3,Steady Mid-Value,2,Medium,-0.17270566743157223,0.23761626510727327
12351,3,Steady Mid-Value,4,Medium,-0.05185514808511693,0.32590743408220435
12352,1,Loyal High-Value,3,High,-0.16874984123904851,2.4986314194915034
12353,3,Steady Mid-Value,4,Low,-1.1905455263024625,-0.6093242415515621
12354,4,Seasonal Gift Shopper,4,Low,-1.519675173421332,0.16089296435091158
12355,0,At-Risk / Lapsing (A),4,Low,-2.273894689432176,-1.6483385271456474
12356,2,Steady Mid-Value (A),0,High,1.2264692087472986,-0.6643905460929294
12357,1,Loyal High-Value,5,High,3.514451260530344,1.927838065534513
12358,3,Steady Mid-Value,4,High,0.10013061456989077,0.9197170392643594
12359,2,Steady Mid-Value (A),0,High,2.0753537597167004,-1.4708411864366435
12360,4,Seasonal Gift Shopper,6,Low,-4.3459881341748705,-1.2197105401572426
12361,3,Steady Mid-Value,4,Medium,-0.289643185638278,1.0169497040065159
12362,1,Loyal High-Value,5,High,0.944815359248703,2.1572623875058885
12363,2,Steady Mid-Value (A),0,Medium,1.3844290323834432,-0.5574662924658111
12364,2,Steady Mid-Value (A),2,High,1.5256181561043713,-0.6381907272805776
12365,2,Steady Mid-Value (A),0,High,2.5079604266058295,-1.120265407635467
12366,2,Steady Mid-Value (A),2,High,1.6879198912196498,-0.33793869990739467
12367,5,At-Risk / Lapsing,3,Low,-0.9153252298855036,0.07935513609460594
12368,4,Seasonal Gift Shopper,4,Low,-1.4915425539601503,-0.5308915578732675
12369,3,Steady Mid-Value,4,Medium,0.2901143246623969,-1.0356298622496272
12370,0,At-Risk / Lapsing (A),4,Medium,0.05060969824739266,-0.33684891905388564
12371,2,Steady Mid-Value (A),0,Medium,0.7943533805299461,-0.48597826699383107
12372,3,Steady Mid-Value,4,Medium,-0.9606328937589192,1.8983442241860307
12373,0,At-Risk / Lapsing (A),4,Low,-0.9379334933081075,-1.0389907147839879
12374,2,Steady Mid-Value (A),2,High,2.0768676034062543,-0.982186919641689
12375,3,Steady Mid-Value,0,Medium,0.24999999590230437,-0.2708472359223626
12376,4,Seasonal Gift Shopper,4,Low,-1.6184183725063057,-1.0337681868023467
12377,4,Seasonal Gift Shopper,6,Low,-2.0596613948111004,0.19332275313721445
12378,4,Seasonal Gift Shopper,6,Low,-2.496196152490375,2.208706863387733
12379,2,Steady Mid-Value (A),2,High,1.6248299695530632,-0.3258355305511412
12380,3,Steady Mid-Value,4,Low,-1.0654809285919853,-0.6696822938868822
12381,0,At-Risk / Lapsing (A),4,Medium,-0.43729456276663486,-0.3520631024206314
12382,2,Steady Mid-Value (A),2,High,1.6836110573688838,-0.43444607168139515
12383,3,Steady Mid-Value,0,Medium,0.46752092752310437,-0.24367952017798167
12384,0,At-Risk / Lapsing (A),0,High,1.4925278291005497,-0.31963556593987386
12385,2,Steady Mid-Value (A),0,High,2.2743281462626395,-0.2398743608784632
12386,2,Steady Mid-Value (A),2,High,2.0670733528878547,-0.39515745303355165
12387,3,Steady Mid-Value,4,Low,-1.0994914312766493,0.3718498559145515
12388,2,Steady Mid-Value (A),2,High,1.4845514692444688,-0.03715058898783799
12389,0,At-Risk / Lapsing (A),4,Medium,-0.9282469539435918,0.686719157370054
12390,2,Steady Mid-Value (A),0,High,1.1374918772505547,-0.47175387670943564
12391,4,Seasonal Gift Shopper,4,Low,-1.8204604707826553,0.09854734245272805
12392,2,Steady Mid-Value (A),0,Medium,0.9604564950326726,-0.5540198954466473
12393,4,Seasonal Gift Shopper,4,Low,-2.2560127120364433,-1.7218256396202496
12394,2,Steady Mid-Value (A),2,Medium,0.9532325942899214,-0.2869635500612145
12395,2,Steady Mid-Value (A),0,High,1.2196823924747477,-0.46606658822928365
12396,5,At-Risk / Lapsing,3,Low,-2.028646650228643,-0.12564117083405754
12397,4,Seasonal Gift Shopper,6,Low,-3.1535992217384394,-0.38887749654453635
12398,4,Seasonal Gift Shopper,3,Low,-2.284936272390997,0.5198901629201551
12399,2,Steady Mid-Value (A),0,High,0.5676019349422621,-0.008967620450355703
12400,2,Steady Mid-Value (A),2,High,2.687479417481907,-1.008797816866191
12401,3,Steady Mid-Value,4,Low,-1.5951906860689207,0.7682200764809382
12402,3,Steady Mid-Value,1,Medium,0.4789678153456406,0.39825150058075937
12403,4,Seasonal Gift Shopper,6,Low,-4.069552125499086,-1.3521649037962493
12404,0,At-Risk / Lapsing (A),4,Medium,-0.8023607887624662,0.2641226161545856
12405,2,Steady Mid-Value (A),0,High,1.9779073151123254,-1.132639088135304
12406,2,Steady Mid-Value (A),1,High,0.93815605813988,0.15508582195626064
12407,3,Steady Mid-Value,2,Medium,0.4293698897950417,-0.4778796691021954
12408,2,Steady Mid-Value (A),2,High,1.9156667757556383,-0.17796661447628118
12409,3,Steady Mid-Value,4,Medium,0.5843501250240754,-0.4342905862905438
12410,3,Steady Mid-Value,1,High,0.06852530009546408,1.013739926281716
12411,4,Seasonal Gift Shopper,4,Low,-1.5788692517031009,0.15967191719250046
12412,2,Steady Mid-Value (A),2,High,2.9868599487177434,-1.670286489589963
12413,3,Steady Mid-Value,1,Medium,-0.16468819307783727,-0.08147028323101284
12414,0,At-Risk / Lapsing (A),4,Medium,0.293602291656533,-0.6885515751718074
12415,3,Steady Mid-Value,2,High,0.83342088610145,-0.37263920292314145
12416,2,Steady Mid-Value (A),4,High,1.6576913130082953,-1.5195789598039138
12417,2,Steady Mid-Value (A),2,High,2.2829978208199515,-1.3025460839848708
12418,2,Steady Mid-Value (A),4,High,1.5691480009314818,-0.8323081679344295
12419,3,Steady Mid-Value,1,Medium,-0.06240265184076815,-0.29802828678194104
12420,3,Steady Mid-Value,1,Medium,-0.9817858930655857,1.3787959994464813
12421,3,Steady Mid-Value,0,Medium,0.1582518036973612,0.8488618200124893
12422,5,At-Risk / Lapsing,3,Low,-3.637006910336909,0.1375794219897921
12423,3,Steady Mid-Value,2,Medium,0.6997673182242137,-0.29701139418064215
12424,4,Seasonal Gift Shopper,6,Low,-3.2172259125700546,-0.26967901424293733
12425,5,At-Risk / Lapsing,3,Low,-2.2362223473783334,2.603133404509266
12426,3,Steady Mid-Value,4,Medium,0.310337742519721,0.7786548040251581
12427,2,Steady Mid-Value (A),0,High,1.0014149604787412,-0.5125259545979394
12428,3,Steady Mid-Value,1,Medium,-0.26010712825796223,1.5561772233231037
12429,3,Steady Mid-Value,4,Medium,0.7349690505517565,-0.1408963715569579
12430,5,At-Risk / Lapsing,0,Medium,-0.04667755887083989,1.214499693196765
12431,5,At-Risk / Lapsing,3,Low,-4.669919240289468,-1.1162705686439196
12432,3,Steady Mid-Value,2,High,1.2305810527579815,0.4510953954045144
12433,2,Steady Mid-Value (A),2,High,1.5773217130597026,-0.0008188190077422428
12434,0,At-Risk / Lapsing (A),4,Medium,0.03860423323590647,0.3895880171022617
12435,4,Seasonal Gift Shopper,4,Low,-1.55648822302547,0.1579895898593193
12436,3,Steady Mid-Value,1,Medium,0.1917685191801567,0.8598081360620564
12437,3,Steady Mid-Value,1,High,0.46295639558942847,1.0034104785475269
12438,5,At-Risk / Lapsing,0,Medium,-0.5759125948726609,0.7354870498263278
12439,5,At-Risk / Lapsing,3,Low,-3.9345438549659444,-0.4340692412305933
12440,5,At-Risk / Lapsing,3,Medium,-0.5361257182943381,1.7489284542764185
12441,0,At-Risk / Lapsing (A),4,Medium,0.891283769726964,-1.2876549124241203
12442,1,Loyal High-Value,4,High,-0.1833775102595216,2.4350112743940886
12443,4,Seasonal Gift Shopper,6,Low,-2.4234845690872167,1.3629039001773646
12444,4,Seasonal Gift Shopper,6,Low,-2.7828635826699655,0.47273424516884094
12445,1,Loyal High-Value,5,High,1.7810668581010303,2.7752368828275698
12446,3,Steady Mid-Value,4,Medium,0.6322222636746966,-0.30109684135144354
12447,2,Steady Mid-Value (A),2,High,3.217448357789167,-1.3815064375859998
12448,3,Steady Mid-Value,4,Low,-1.441756650670848,0.6401477174233009
12449,0,At-Risk / Lapsing (A),4,Low,-2.3177289458802703,-0.6270149107138692
12450,3,Steady Mid-Value,1,High,0.46936515581192734,0.10358001535492428
12451,4,Seasonal Gift Shopper,6,Low,-2.1050001349720335,-0.17567495289497037
12452,3,Steady Mid-Value,4,Medium,-0.9042386308682668,0.1290257320900886
12453,3,Steady Mid-Value,4,Low,-1.0687353136879882,-0.9924473421134272
12454,3,Steady Mid-Value,4,Low,-0.7122307076081379,0.14558281253471217
12455,4,Seasonal Gift Shopper,4,Low,-2.8115484089248945,-1.4498560894226247
12456,0,At-Risk / Lapsing (A),6,Low,-2.6169568617756855,0.5046764892021623
12457,3,Steady Mid-Value,1,Medium,0.6298475731208967,-0.764237250569748
12458,3,Steady Mid-Value,1,Medium,0.1212662872316421,-0.09687598558712021
12459,3,Steady Mid-Value,4,Low,-0.1933121027460465,-0.521609921312589
12460,0,At-Risk / Lapsing (A),6,Low,-3.3561295588754545,0.09336234731673912
12461,4,Seasonal Gift Shopper,6,Low,-4.205623125873313,-0.580575039154043
12462,3,Steady Mid-Value,4,Low,-1.0888293180982227,1.0640869203854044
12463,4,Seasonal Gift Shopper,6,Low,-2.4392934200417407,1.5947421980034935
12464,2,Steady Mid-Value (A),0,High,2.062847006127681,0.42278335339110146
12465,3,Steady Mid-Value,4,Medium,0.2210505018396645,-0.7491252588452005
12466,3,Steady Mid-Value,1,Low,-0.9038086256549375,0.5576962290178359
12467,0,At-Risk / Lapsing (A),4,Low,-1.241455257774762,-2.6872721188370106
12468,1,Loyal High-Value,4,High,1.3902485326102738,0.7069265594351735
12469,3,Steady Mid-Value,4,Medium,0.3325647702184025,-0.24201169614097323
12470,3,Steady Mid-Value,1,Medium,0.5152669078035772,0.37583999943931223
12471,0,At-Risk / Lapsing (A),4,Low,-0.635815229446917,-1.9828983288897604
12472,4,Seasonal Gift Shopper,6,Low,-2.264992066231406,2.11555599557491
12473,4,Seasonal Gift Shopper,1,Low,-1.8332861708358785,-0.0031991590355357788
12474,5,At-Risk / Lapsing,3,Low,-2.1564461563145607,-0.26527123510056966
12475,0,At-Risk / Lapsing (A),0,Medium,0.12346001595716002,-0.1368826863913141
12476,1,Loyal High-Value,6,Medium,-1.120095055004658,3.806524211613503
12477,4,Seasonal Gift Shopper,6,Low,-5.1472736559294745,-2.564252007822541
12478,2,Steady Mid-Value (A),2,High,2.278722672453091,-0.5343190766771133
12479,1,Loyal High-Value,4,High,1.290706756029264,2.618815163613015
12480,1,Loyal High-Value,3,High,0.5534717671526311,3.657541192762999
12481,3,Steady Mid-Value,4,Low,-0.7853148433202662,0.09849662457261942
12482,3,Steady Mid-Value,1,Medium,-0.3045231769146414,1.4289195887487405
12483,2,Steady Mid-Value (A),2,High,1.375409106712614,-0.36365609548786076
12484,3,Steady Mid-Value,4,Low,0.11372996805342474,-1.557418353145651
12485,0,At-Risk / Lapsing (A),0,Medium,-0.12542272545379818,0.2202303335748959
12486,4,Seasonal Gift Shopper,4,Low,-2.5254958825261955,-1.9225401134046511
12487,2,Steady Mid-Value (A),2,Medium,1.7117202409381076,-1.5393601249823319
12488,3,Steady Mid-Value,4,Low,-1.1747217324739452,0.9591034907599414
12489,5,At-Risk / Lapsing,0,Medium,0.0318991788975942,-0.10486601581214332
12490,2,Steady Mid-Value (A),2,High,4.542165719089543,-1.1871702934260155
12491,4,Seasonal Gift Shopper,6,Low,-3.9461583890717757,-1.2369954579938993
12492,1,Loyal High-Value,5,High,1.9709979022235022,2.0611199226774763
12493,3,Steady Mid-Value,1,Medium,-0.33584315091242994,0.4399608631790931
12494,3,Steady Mid-Value,4,Medium,0.5907706879757064,-0.5554857127791222
12495,2,Steady Mid-Value (A),2,High,2.527018867662703,-0.3409599271817006
12496,3,Steady Mid-Value,4,Low,-0.6991806506994734,0.12896056703256248
12497,5,At-Risk / Lapsing,1,Low,-1.3820621842305867,-0.5000769987850845
12498,2,Steady Mid-Value (A),0,High,3.330684882737138,-1.4358312214263882
12499,5,At-Risk / Lapsing,3,Low,-1.8453842171831059,0.3088807068994803
12500,3,Steady Mid-Value,4,Low,-1.02766424103066,-0.7745138795859015
12501,4,Seasonal Gift Shopper,3,Low,-2.619750126589054,1.7980974177531972
12502,3,Steady Mid-Value,4,Medium,-0.27897062708363657,1.4338187251573087
12503,3,Steady Mid-Value,1,Medium,0.20293294459048017,0.5601001288071492
12504,4,Seasonal Gift Shopper,4,Low,-2.9484818675858175,-1.771781275590327
12505,2,Steady Mid-Value (A),2,High,2.3458694586921625,-0.3492021646926111
12506,3,Steady Mid-Value,4,Medium,-0.17619885259448614,-0.5362352099770328
12507,4,Seasonal Gift Shopper,6,Low,-3.552430309224027,-0.034971059461206294
12508,1,Loyal High-Value,3,Medium,-0.1838474742643931,2.16504073606561
12509,4,Seasonal Gift Shopper,6,Low,-3.576350549939779,-0.37139515960604014
12510,2,Steady Mid-Value (A),0,High,2.9829918477005983,-1.0544713137957775
12511,2,Steady Mid-Value (A),4,High,1.9957942945651215,-0.9198601686171572
12512,3,Steady Mid-Value,1,Medium,-0.032383232057877055,0.2640470374223626
12513,2,Steady Mid-Value (A),0,High,3.0261365713876267,-0.9233888828941662
12514,5,At-Risk / Lapsing,1,Low,-1.704457599650012,0.6760116587384876
12515,1,Loyal High-Value,3,High,0.19671368933476507,2.713168653520456
12516,3,Steady Mid-Value,1,Low,-1.6518211443458855,0.5696127083977903
12517,3,Steady Mid-Value,2,High,1.3613282377269829,0.596929121492337
12518,3,Steady Mid-Value,4,Medium,-0.36274258947084376,0.11266957005518677
12519,0,At-Risk / Lapsing (A),1,Low,-1.893444008815585,-0.22891482695944526
12520,2,Steady Mid-Value (A),0,High,2.5271298152000448,-1.2359766977828244
12521,2,Steady Mid-Value (A),0,Medium,1.1277187984538992,-0.7753106483653808
12522,2,Steady Mid-Value (A),2,High,1.4487623614541547,-0.18923783416352916
12523,4,Seasonal Gift Shopper,6,Low,-4.885130898699447,-2.021230809198037
12524,2,Steady Mid-Value (A),2,High,2.149941297932526,-1.178192024812248
12525,3,Steady Mid-Value,1,Medium,0.5181857906368922,0.8435718690330727
12526,3,Steady Mid-Value,4,Medium,-0.32126802449754394,1.56488508602725
12527,3,Steady Mid-Value,1,Medium,-0.2659670736896323,0.08796070998623526
12528,3,Steady Mid-Value,4,Low,-0.48085609407201524,-0.3314874308366002
12529,3,Steady Mid-Value,1,Medium,-0.7489844422456192,1.5326147648477575
12530,1,Loyal High-Value,1,Medium,-0.13514962677542683,1.8614815220100518
12531,3,Steady Mid-Value,4,Low,-0.7505457122530041,-0.33587907658394467
12532,2,Steady Mid-Value (A),4,Medium,0.7963818089149719,-0.9104900648333185
12533,3,Steady Mid-Value,1,High,0.3131490945078036,0.1356339548897035
12534,3,Steady Mid-Value,0,Medium,0.17491824552172233,-0.05931019459628224
12535,3,Steady Mid-Value,1,Medium,0.16124684203999035,1.192583492191704
12536,4,Seasonal Gift Shopper,6,Low,-1.955014783919667,0.2062672850815245
12537,3,Steady Mid-Value,1,Low,-1.529264295372156,0.5850183407752045
12538,0,At-Risk / Lapsing (A),3,Low,-1.6912552145981217,-1.9072327498838748
12539,3,Steady Mid-Value,4,Medium,-0.10915322194094695,0.1623222254662416
12540,3,Steady Mid-Value,4,Medium,0.424118555273941,0.1503885606080039
12541,2,Steady Mid-Value (A),2,High,2.1625999584855418,-0.7785862363032897
12542,1,Loyal High-Value,5,High,3.1435235526518297,1.6174504495747228
12543,2,Steady Mid-Value (A),0,High,1.25341868570194,0.35331191307837573
12544,3,Steady Mid-Value,2,Medium,0.7252986531509118,-0.6526429711489481
12545,1,Loyal High-Value,5,High,2.6644296703346773,1.1759832293863057
12546,4,Seasonal Gift Shopper,4,Low,-2.4670426494086666,-2.152631077760035
12547,2,Steady Mid-Value (A),4,High,2.5758056957429893,-1.5113349550959774
12548,3,Steady Mid-Value,4,Medium,0.2819699451770302,-0.16479980799130237
12549,2,Steady Mid-Value (A),4,Medium,0.9600354120583791,0.0011570645232428399
12550,4,Seasonal Gift Shopper,3,Low,-3.205167936747067,-0.058735584681090226
12551,2,Steady Mid-Value (A),2,Medium,0.7330327973626531,-0.47331964469969623
12552,3,Steady Mid-Value,2,High,1.038964279299091,0.2138723532465028
12553,5,At-Risk / Lapsing,1,Low,-1.4250725850439563,0.8040890844572336
12554,0,At-Risk / Lapsing (A),4,Low,-1.276650271854156,0.6121717548707253
12555,0,At-Risk / Lapsing (A),4,Low,-0.9593140836194519,-0.6438165645362565
12556,3,Steady Mid-Value,4,Medium,0.5329266121976793,0.31111343713678025
12557,2,Steady Mid-Value (A),2,High,3.0538133377990437,-0.5337567988565559
12558,0,At-Risk / Lapsing (A),1,Low,-1.220237687135123,0.10349898583720113
12559,3,Steady Mid-Value,4,Medium,-0.31447164107086034,-1.001897923630579
12560,4,Seasonal Gift Shopper,4,Low,-1.633891030127145,0.10710009254260573
12561,2,Steady Mid-Value (A),2,High,1.0835726559375494,-0.2528245213154082
12562,2,Steady Mid-Value (A),2,High,1.9766635073814238,-0.44873605813568346
12563,3,Steady Mid-Value,4,Medium,0.29734840770368265,0.4370284127585397
12564,0,At-Risk / Lapsing (A),4,Low,-1.9335845525290254,-0.21583900629892683
12565,3,Steady Mid-Value,1,Medium,0.5437432309885784,-0.2913133865187854
12566,3,Steady Mid-Value,1,Medium,-0.39012373013228574,-0.13400831637271163
12567,2,Steady Mid-Value (A),2,High,1.5070418011096238,-0.25294110691783644
12568,2,Steady Mid-Value (A),2,High,1.7064746346844775,-0.12589676321064078
12569,2,Steady Mid-Value (A),2,High,1.317799557245031,0.33031938266275074
12570,3,Steady Mid-Value,4,Low,-0.44841107479635134,-0.49554469776219234
12571,3,Steady Mid-Value,2,High,0.8833374402903302,0.26262150545771806
12572,4,Seasonal Gift Shopper,6,Low,-3.056582519310318,0.03285115337435994
12573,2,Steady Mid-Value (A),0,High,1.1285886946004684,0.11707753781227642
12574,3,Steady Mid-Value,1,High,-0.0872949824076211,0.6488391149574985
12575,1,Loyal High-Value,5,High,2.393918490420556,1.7293175836426389
12576,4,Seasonal Gift Shopper,6,Low,-4.384366470510803,-1.1104027754080334
12577,2,Steady Mid-Value (A),4,High,1.0235611343520055,-0.3416976103371137
12578,4,Seasonal Gift Shopper,4,Low,-1.3872968496640081,0.10774364209927972
12579,5,At-Risk / Lapsing,3,Low,-0.49072313436119985,0.18268483855737036
12580,1,Loyal High-Value,5,High,2.5771899835026884,2.1162301184813233
12581,2,Steady Mid-Value (A),2,Medium,0.8077634505361279,-0.7605776102896716
12582,3,Steady Mid-Value,1,Medium,-0.18259581743076295,1.091934724046624
12583,2,Steady Mid-Value (A),4,Medium,0.42900865721819137,-1.4377730852208235
12584,1,Loyal High-Value,5,High,1.5343196133246166,3.2168339845945937
12585,3,Steady Mid-Value,4,Medium,-0.0391428384903472,1.2292111910457937
12586,2,Steady Mid-Value (A),2,High,1.9579878098825418,-0.26522748504221905
12587,1,Loyal High-Value,5,High,3.1927476947684394,1.7187991267422318
12588,2,Steady Mid-Value (A),4,High,1.4656061354169898,-1.2780332755142065
12589,2,Steady Mid-Value (A),2,High,1.6165639916005445,-0.6559562757631352
12590,3,Steady Mid-Value,4,Medium,0.3276714953536915,-0.032113370262733955
12591,1,Loyal High-Value,5,High,2.779670233425726,2.3650278017963076
12592,3,Steady Mid-Value,0,High,0.5587552030975574,-0.13155436284741268
12593,2,Steady Mid-Value (A),2,Medium,1.036733776404299,-0.8926148234913581
12594,3,Steady Mid-Value,4,Low,-1.1752535606994197,-0.45647817487942083
12595,0,At-Risk / Lapsing (A),6,Low,-3.4155452987662627,-2.5871401145768456
12596,4,Seasonal Gift Shopper,3,Low,-2.9248853683568674,-0.1109911006571752
12597,3,Steady Mid-Value,1,Medium,-0.5079860629963755,1.147670093695181
12598,0,At-Risk / Lapsing (A),0,High,0.743205359131071,-0.17977019343664585
12599,3,Steady Mid-Value,4,Medium,-0.9731514604773759,0.017411635613852082
12600,3,Steady Mid-Value,4,Medium,-0.6313754664386263,0.7423985643057578
12601,3,Steady Mid-Value,4,Medium,-1.0843952497643234,0.6766703684024941
12602,4,Seasonal Gift Shopper,6,Low,-2.6636260778363074,1.404591485705915
12603,1,Loyal High-Value,3,High,0.7546126580780882,3.2860286224843356
12604,2,Steady Mid-Value (A),2,High,1.4601506905865798,-0.18524994455773755
12605,2,Steady Mid-Value (A),0,High,2.685166076247533,-1.0280928956930133
12606,2,Steady Mid-Value (A),0,High,0.9830142460180246,0.22965187372111215
12607,2,Steady Mid-Value (A),2,Medium,1.3864867706474584,-1.0501560722927272
12608,3,Steady Mid-Value,0,Medium,0.10864662799738307,-0.28214831913768007
12609,2,Steady Mid-Value (A),2,Medium,1.1948212219292729,-0.6141077708991493
12610,4,Seasonal Gift Shopper,4,Low,-1.8366724370453515,-1.0101285462495093
12611,2,Steady Mid-Value (A),0,High,2.381658270342853,-1.4102244243924782
12612,3,Steady Mid-Value,4,Low,-1.0110240828917463,0.03210201533328083
12613,2,Steady Mid-Value (A),2,High,1.2171624459155932,-0.04579265319424138
12614,3,Steady Mid-Value,4,Medium,-0.28360934126058224,-0.31344557204695345
12615,0,At-Risk / Lapsing (A),0,Medium,0.13544482780223657,-0.7771971291141802
12616,4,Seasonal Gift Shopper,6,Low,-4.005817818144671,-0.34321983360474134
12617,2,Steady Mid-Value (A),0,High,2.0528196912116212,-0.9229010477531131
12618,2,Steady Mid-Value (A),2,High,3.480509011518921,-1.4446139281816368
12619,0,At-Risk / Lapsing (A),4,Low,-1.6767376271081866,0.08259950518258422
12620,4,Seasonal Gift Shopper,6,Low,-3.5720000310614988,0.5364736316140369
12621,3,Steady Mid-Value,4,Medium,0.184745195816581,-0.011694969305983124
12622,2,Steady Mid-Value (A),2,High,2.720519509646929,-0.3480458794565799
12623,2,Steady Mid-Value (A),4,High,1.1471678173924091,0.13818824442898942
12624,2,Steady Mid-Value (A),4,Medium,0.6616153519289368,-0.8780882958411274
12625,1,Loyal High-Value,4,High,1.3287838856262826,2.2213421976501224
12626,3,Steady Mid-Value,1,Low,-0.8707345004733664,-0.08999351365101267
12627,4,Seasonal Gift Shopper,4,Low,-2.3419219029107867,-0.4544014971967202
12628,5,At-Risk / Lapsing,1,Low,-0.48779312381863027,-0.7350652133774739
12629,3,Steady Mid-Value,1,Medium,0.3859284024365208,0.159863027131972
12630,3,Steady Mid-Value,4,Low,-1.3862046810594264,0.907839222315684
12631,5,At-Risk / Lapsing,0,Medium,0.43611944316621065,0.1399507898744708
12632,2,Steady Mid-Value (A),4,Medium,0.9530848947710433,-0.8111656120129889
12633,1,Loyal High-Value,3,High,0.41219593084640155,2.6958342118724072
12634,3,Steady Mid-Value,1,Medium,0.16578958743956104,0.015126605824977251
12635,2,Steady Mid-Value (A),2,High,1.5432117562791594,-0.4358639755397968
12636,3,Steady Mid-Value,0,High,0.7497354409444565,-0.01129833969137563
12637,3,Steady Mid-Value,1,Medium,-0.10167598851946763,0.07880033079474871
12638,4,Seasonal Gift Shopper,3,Medium,-1.5492583584859454,1.9311688619527196
12639,2,Steady Mid-Value (A),2,High,3.326083228220013,-1.1957667196951633
12640,3,Steady Mid-Value,4,Low,-0.8564873721566514,-0.2137173489585752
12641,3,Steady Mid-Value,4,Medium,-0.43198036728832695,2.073368586310677
12642,1,Loyal High-Value,4,High,1.5884651092978206,1.719015939954318
12643,4,Seasonal Gift Shopper,4,Low,-1.6314676721495487,0.4974270942068001
12644,0,At-Risk / Lapsing (A),4,Medium,0.37976077166637806,-1.4691197077484963
12645,2,Steady Mid-Value (A),0,High,1.5002802029161668,-1.525465576276539
12646,1,Loyal High-Value,5,High,1.5122589591145954,1.5539896191716784
12647,0,At-Risk / Lapsing (A),3,Low,-1.5154601216360717,0.4655104064138028
12648,4,Seasonal Gift Shopper,4,Low,-1.6858471557741432,0.100355611079942
12649,3,Steady Mid-Value,4,Medium,0.19488082639855608,0.14035179245968937
12650,3,Steady Mid-Value,4,Low,-1.150745299033987,-0.38610010391865074
12651,3,Steady Mid-Value,4,Low,-0.9752897685517041,-0.025890254827210125
12652,4,Seasonal Gift Shopper,6,Low,-2.5707649920909623,1.0061528259188055
12653,3,Steady Mid-Value,1,Medium,-0.08091475318565125,0.335189942404685
12654,5,At-Risk / Lapsing,0,Medium,-0.5094337979609097,0.7988416081734776
12655,5,At-Risk / Lapsing,1,Low,-1.0440190421924822,0.8777343072365205
12656,4,Seasonal Gift Shopper,3,Low,-2.9829301535836157,0.5752859899669482
12657,1,Loyal High-Value,4,High,0.6928727331204341,1.2561569084762838
12658,1,Loyal High-Value,4,High,-0.22215976044360355,2.5772095418368157
12659,2,Steady Mid-Value (A),2,High,3.046285114499596,-1.0823236816392363
12660,2,Steady Mid-Value (A),1,High,0.6334662546975525,0.11866690398148264
12661,3,Steady Mid-Value,1,Medium,-0.96454977418821,1.2246982084403226
12662,2,Steady Mid-Value (A),0,High,2.238563443541759,-1.1604297382805062
12663,4,Seasonal Gift Shopper,4,Low,-2.2668928385339537,-0.8390630120311735
12664,2,Steady Mid-Value (A),1,Medium,0.9160072230810333,-1.0683707403728895
12665,2,Steady Mid-Value (A),2,High,1.4193776382241192,-0.5721750432918591
12666,2,Steady Mid-Value (A),2,Medium,1.2986870806011257,-0.848555140209858
12667,2,Steady Mid-Value (A),1,Medium,0.38910961900249386,-0.3767100093641371
12668,1,Loyal High-Value,4,High,2.2983719112303294,1.74650970491027
12669,2,Steady Mid-Value (A),2,High,2.698066143415414,-0.9775395011543403
12670,3,Steady Mid-Value,4,Medium,0.6667622730718269,0.13239141687119488
12671,3,Steady Mid-Value,1,Low,-1.5278249719267258,0.1720222885484212
12672,3,Steady Mid-Value,4,Low,-0.9550847144091407,-0.251965964730805
12673,3,Steady Mid-Value,4,Medium,0.16079838113505465,1.704485797659941
12674,3,Steady Mid-Value,4,Medium,-0.2836625975131295,0.5654486114264606
12675,0,At-Risk / Lapsing (A),3,Low,-1.5856887199454481,-0.02004805292921688
12676,3,Steady Mid-Value,1,Medium,-0.5682870996989,0.8991416036811044
12677,4,Seasonal Gift Shopper,4,Low,-2.1725341851783564,-0.18856155334499133
12678,4,Seasonal Gift Shopper,6,Low,-4.447257074230723,-1.0952127163837277
12679,3,Steady Mid-Value,4,Medium,0.4616256598523788,-0.26693686720789866
12680,2,Steady Mid-Value (A),4,Medium,0.8942903243233564,-0.8016184156270653
12681,4,Seasonal Gift Shopper,4,Low,-2.0959171265635956,-1.267127845290505
12682,3,Steady Mid-Value,2,High,1.0747498632477313,0.26520710387641916
12683,3,Steady Mid-Value,1,Low,-0.595790293005125,-0.9644154133913717
12684,1,Loyal High-Value,5,High,1.2663259249253485,2.471678621623638
12685,4,Seasonal Gift Shopper,4,Low,-1.781196684229131,-0.6171650885144828
12686,1,Loyal High-Value,5,High,1.1686903888537163,3.759956177266312
12687,3,Steady Mid-Value,4,Low,-1.486891649222374,0.5650157510809765
12688,2,Steady Mid-Value (A),0,Medium,1.2478242827390937,-0.6820538473773912
12689,2,Steady Mid-Value (A),0,High,1.6752177132734647,-0.39177058112530794
12690,5,At-Risk / Lapsing,3,Low,-1.3047241979002808,0.722785491848208
12691,5,At-Risk / Lapsing,3,Low,-3.4080250320676426,0.44673359154892983
12692,2,Steady Mid-Value (A),2,High,1.369417827464281,-0.30785776810434423
12693,2,Steady Mid-Value (A),2,High,1.2277643640128244,-0.2748678542599517
12694,3,Steady Mid-Value,1,Low,-0.8285842957836489,-0.0949994233500478
12695,4,Seasonal Gift Shopper,6,Low,-2.1815057437912357,1.4667787560883276
12696,4,Seasonal Gift Shopper,6,Low,-3.251961616008688,-0.37483381321041304
12697,3,Steady Mid-Value,1,Medium,-0.21931907991619595,0.3841857313656037
12698,2,Steady Mid-Value (A),2,High,1.176744512156943,0.07878754837859792
12699,3,Steady Mid-Value,4,Medium,-0.5760370330370688,0.6750775406322842
12700,2,Steady Mid-Value (A),0,High,1.1128219799887413,-0.11662618379205852
12701,0,At-Risk / Lapsing (A),3,Low,-3.4963295384529487,-1.2298599147410125
12702,3,Steady Mid-Value,1,Medium,-0.27827371491560593,0.12355021326743722
12703,3,Steady Mid-Value,4,Medium,-0.22468751229405362,-0.2497442860835523
12704,2,Steady Mid-Value (A),2,High,2.4561057961041017,-1.191612411503755
12705,1,Loyal High-Value,4,High,3.4814084246062604,1.573552296450175
12706,3,Steady Mid-Value,1,Medium,-0.2595031745479169,0.24189498749114424
12707,0,At-Risk / Lapsing (A),1,High,-0.3246668568468934,1.1761572066734223
12708,4,Seasonal Gift Shopper,4,Low,-2.3464012229989266,-0.9436480687431186
12709,0,At-Risk / Lapsing (A),4,Low,-1.10861235612471,-0.7660783365551279
12710,0,At-Risk / Lapsing (A),6,Low,-2.973334136183404,-0.07610657073588815
12711,2,Steady Mid-Value (A),4,Medium,1.6723370685078098,-1.6569404164050596
12712,2,Steady Mid-Value (A),2,High,1.5217341969911389,-0.5313229670365535
12713,2,Steady Mid-Value (A),2,Medium,0.9707568760952912,-1.0728008655978318
12714,2,Steady Mid-Value (A),2,Medium,1.0908442731342705,-1.3516930396242222
12715,3,Steady Mid-Value,0,Medium,0.3646531676532298,0.28226544578119134
12716,3,Steady Mid-Value,1,Medium,0.18005574826428516,0.13846280489148657
12717,3,Steady Mid-Value,4,Low,-1.2934788742550982,-0.07616129762532475
12718,0,At-Risk / Lapsing (A),6,Low,-2.8845726902590205,0.9168919800454478
12719,2,Steady Mid-Value (A),2,High,2.134900378359252,-1.025818295121276
12720,3,Steady Mid-Value,4,Medium,-1.3090321671769267,0.7241377075898712
12721,0,At-Risk / Lapsing (A),1,Low,-1.524361966481958,0.5902079472420845
12722,0,At-Risk / Lapsing (A),0,High,0.5485599382580357,-0.1517826176203548
12723,0,At-Risk / Lapsing (A),6,Low,-2.8069690304057957,0.6442978406560488
12724,2,Steady Mid-Value (A),2,High,1.560987092785749,-1.0334190449542522
12725,3,Steady Mid-Value,4,Medium,0.1277166401011171,-0.6566549728819979
12726,4,Seasonal Gift Shopper,6,Medium,-1.78056894824375,1.9163882147583458
12727,4,Seasonal Gift Shopper,6,Low,-2.682784134147481,1.6953392816804616
12728,1,Loyal High-Value,3,High,-0.07143708574172855,2.8711944206833477
12729,3,Steady Mid-Value,1,Medium,-0.42649843523271785,0.41336933659659525
12730,0,At-Risk / Lapsing (A),6,Low,-5.616209902093914,-3.8344037179381543
12731,3,Steady Mid-Value,4,Low,-1.5302866434441147,0.38090562419641216
12732,3,Steady Mid-Value,1,Medium,0.37974269389062343,0.6497643469692168
12733,2,Steady Mid-Value (A),1,Medium,0.8045739721433949,-0.08100418480263814
12734,3,Steady Mid-Value,4,Low,-0.5114522913297526,0.5201223931343949
12735,2,Steady Mid-Value (A),2,High,2.6008727159385003,0.20838107545306017
12736,3,Steady Mid-Value,4,Medium,-1.0553043667688782,0.3537754223671165
12737,1,Loyal High-Value,5,High,0.8174574609903134,2.5598732800468786
12738,4,Seasonal Gift Shopper,3,Medium,-1.955864971661621,1.7508308516976065
12739,2,Steady Mid-Value (A),2,High,1.6274209413869736,-0.7870424203376277
12740,4,Seasonal Gift Shopper,6,Low,-2.7311369925144295,0.41384723439616794
12741,2,Steady Mid-Value (A),0,High,2.2580308658903054,-0.9505407888125931
12742,1,Loyal High-Value,4,High,2.199179346047372,2.065865670899839
12743,2,Steady Mid-Value (A),2,High,1.955721595128827,-0.3561335115569952
12744,2,Steady Mid-Value (A),2,High,2.9932293242797012,-0.7079106892284533
12745,2,Steady Mid-Value (A),4,Low,0.508140064541491,-1.7695084605535891
12746,5,At-Risk / Lapsing,3,Medium,-0.3561064418435643,0.6234321761469593
12747,5,At-Risk / Lapsing,3,High,0.2595704850344211,3.4645956570255954
12748,4,Seasonal Gift Shopper,4,Low,-1.5427527738244824,-1.5277818990838994
12749,2,Steady Mid-Value (A),2,High,1.8073820509598297,-0.9098599542707964
12750,3,Steady Mid-Value,4,Medium,-0.9318805314896011,-0.026842783803590464
12751,0,At-Risk / Lapsing (A),4,Low,-1.787233587923841,-0.3048874314846302
12752,2,Steady Mid-Value (A),0,High,1.775239630724706,0.731111666549211
12753,4,Seasonal Gift Shopper,6,Low,-3.724495832566853,-0.41523479099352417
12754,1,Loyal High-Value,5,High,2.87635981736394,2.511377244545821
12755,3,Steady Mid-Value,4,High,0.8138755793932794,0.34116715188321106
12756,2,Steady Mid-Value (A),2,High,1.1265002545469096,-0.1458902666438289
12757,3,Steady Mid-Value,4,Medium,-0.02691617903274368,0.2880862093860489
12758,3,Steady Mid-Value,4,Medium,-0.3636475495809473,-0.4113998531349142
12759,3,Steady Mid-Value,1,Low,-0.79112352679487,0.08612354700051021
12760,2,Steady Mid-Value (A),2,High,1.963749141499824,-0.40231801831153013
12761,2,Steady Mid-Value (A),0,High,2.667088888070963,-1.3510275317995397
12762,2,Steady Mid-Value (A),1,Low,0.28966142582212856,-1.5263049311436445
12763,0,At-Risk / Lapsing (A),0,Medium,0.5114569429838892,-0.5065850558111177
12764,2,Steady Mid-Value (A),0,High,3.7431778816263583,-1.906842817056087
12765,2,Steady Mid-Value (A),0,High,3.4055280448323653,-0.8389662823811895
12766,5,At-Risk / Lapsing,3,Low,-1.9531165363389964,-0.5493818441635567
12767,2,Steady Mid-Value (A),0,High,1.4098214741000283,0.282850456500765
12768,2,Steady Mid-Value (A),2,High,1.2393070333351468,0.1224140186658617
12769,2,Steady Mid-Value (A),0,Medium,0.5191456966246798,-0.6033236090930226
12770,3,Steady Mid-Value,1,Medium,-1.0429249080064171,0.8060425374971828
12771,1,Loyal High-Value,5,High,1.4770590906428887,2.765697582147517
12772,2,Steady Mid-Value (A),2,High,1.7792988812291224,-0.44261616600207376
12773,5,At-Risk / Lapsing,3,Low,-2.2861758192016777,1.4900123261979537
12774,0,At-Risk / Lapsing (A),0,Medium,1.875844962519781,-2.0539013981117153
12775,3,Steady Mid-Value,4,Medium,-0.45107374454311394,1.0339190403784104
12776,3,Steady Mid-Value,1,High,0.4882256429929315,0.47235335690494323
12777,3,Steady Mid-Value,1,Medium,-0.1673750566539193,0.9557296778139432
12778,4,Seasonal Gift Shopper,6,Low,-2.955783274653767,-0.8550998434557625
12779,4,Seasonal Gift Shopper,4,Low,-2.890205114797684,-1.8239154133038598
12780,2,Steady Mid-Value (A),2,Medium,0.8609389988986397,-1.0023417032622381
12781,2,Steady Mid-Value (A),0,High,1.6894377659418787,-0.6308889787408402
12782,2,Steady Mid-Value (A),2,High,2.514434797116675,-0.24966475076204614
12783,5,At-Risk / Lapsing,3,Low,-2.4645566039496107,0.8195189406027172
12784,2,Steady Mid-Value (A),2,High,1.656580124470822,-0.8899697307658941
12785,4,Seasonal Gift Shopper,4,Low,-0.9750560967650791,-0.8761647473240641
12786,4,Seasonal Gift Shopper,4,Low,-2.6779297188304048,-1.783886672305177
12787,2,Steady Mid-Value (A),2,High,2.066156083017985,-0.6603318243101228
12788,5,At-Risk / Lapsing,0,Medium,0.517001078355531,0.3183346334132786
12789,3,Steady Mid-Value,4,Medium,-0.38542253125229986,1.3307660881054741
12790,3,Steady Mid-Value,1,Medium,-0.29766154269149875,0.06991624677218322
12791,3,Steady Mid-Value,4,Medium,0.16675591230912346,-0.26796645691394577
12792,4,Seasonal Gift Shopper,6,Low,-4.111128662921078,-0.6921083865449978
12793,2,Steady Mid-Value (A),2,High,2.48190126915981,-0.534818123188288
12794,3,Steady Mid-Value,4,Medium,0.3558100008792265,-0.531704900914418
12795,2,Steady Mid-Value (A),0,High,1.6447386710442884,0.18388069679616836
12796,0,At-Risk / Lapsing (A),1,Low,-1.2680630739036718,-0.5210427236991951
12797,4,Seasonal Gift Shopper,4,Low,-2.0944991908688415,-1.4636483693915916
12798,3,Steady Mid-Value,1,Medium,0.012790175738871286,-0.1469544303529715
12799,5,At-Risk / Lapsing,3,Low,-3.2698529570006007,1.130552193398042
12800,2,Steady Mid-Value (A),2,Medium,0.896930651348783,-0.6671132591962639
12801,4,Seasonal Gift Shopper,6,Low,-4.310890163203288,-0.7268450433899125
12802,2,Steady Mid-Value (A),4,High,0.9010822219620449,0.04157731084090942
12803,4,Seasonal Gift Shopper,4,Low,-2.0112525831213723,-0.3551579464021991
12804,2,Steady Mid-Value (A),0,High,2.0527636597278347,-1.0490715890894615
12805,4,Seasonal Gift Shopper,6,Low,-2.4261971216408003,1.0869481638526697
12806,3,Steady Mid-Value,2,Medium,0.6131440704791941,-0.46184776630807023
12807,2,Steady Mid-Value (A),0,Medium,1.4094232724759117,-0.8817308869864949
12808,2,Steady Mid-Value (A),2,Medium,0.9194116221587618,-0.7381323263962166
12809,2,Steady Mid-Value (A),0,High,1.6725043301501616,0.05690398362915155
12810,1,Loyal High-Value,4,Medium,0.3600279424142504,1.3189277321874298
12811,2,Steady Mid-Value (A),0,High,2.101683914100206,-1.542923919663289
12812,0,At-Risk / Lapsing (A),4,Medium,0.06780431267360054,-0.1447922858402061
12813,4,Seasonal Gift Shopper,4,Low,-2.378128760434972,-0.5033764784781833
12814,3,Steady Mid-Value,1,Medium,0.26356079024189505,0.20314688296805875
12815,3,Steady Mid-Value,1,Low,0.20004322555470097,-0.7441734741411286
12816,4,Seasonal Gift Shopper,4,Low,-2.073115830266328,-0.6188539934956522
12817,2,Steady Mid-Value (A),2,Medium,0.9187716186862,-0.3907676899902373
12818,5,At-Risk / Lapsing,3,Low,-2.3252067927238533,-0.23226546561307693
12819,2,Steady Mid-Value (A),4,Medium,1.00145625145365,-0.4934351114710654
12820,1,Loyal High-Value,5,High,3.7926185821413827,1.3475583508470519
12821,4,Seasonal Gift Shopper,4,Low,-1.6907272569007108,-0.8217117048332423
12822,3,Steady Mid-Value,4,High,0.8207235500219774,0.3151832049697006
12823,2,Steady Mid-Value (A),4,Medium,1.0367160400186641,-0.597762766231003
12824,2,Steady Mid-Value (A),2,High,3.289891272219439,-0.44723410104707434
12825,0,At-Risk / Lapsing (A),4,Low,-1.1542067756738508,0.8518439303176755
12826,3,Steady Mid-Value,1,Medium,-0.3673236706066395,0.2909410366272452
12827,5,At-Risk / Lapsing,3,Medium,-0.13357524705585963,2.320678912790639
12828,3,Steady Mid-Value,4,Medium,0.3641048176220703,-0.3520910263522505
12829,5,At-Risk / Lapsing,3,Low,-3.2770657664092777,1.0860037877674182
12830,5,At-Risk / Lapsing,3,Low,-2.6401300335142377,0.2152828255706721
12831,3,Steady Mid-Value,4,Low,-0.2791719450319075,-0.6671636792622244
12832,3,Steady Mid-Value,1,Medium,-0.028317513420104995,-0.3957193066189636
12833,3,Steady Mid-Value,4,Medium,-0.5995290818204648,0.10765464675808853
12834,4,Seasonal Gift Shopper,4,Low,-1.692305465034396,-0.9880116222355861
12835,4,Seasonal Gift Shopper,6,Low,-3.3975403104314625,0.3255545539586495
12836,2,Steady Mid-Value (A),4,High,1.767356609854477,-1.4321522229702655
12837,2,Steady Mid-Value (A),4,High,1.0209021198509394,-0.22330846450667094
12838,2,Steady Mid-Value (A),0,High,2.932957877060434,-1.1176393373446398
12839,2,Steady Mid-Value (A),2,Medium,1.1934253970625408,-0.8669424179542172
12840,2,Steady Mid-Value (A),0,High,1.1736037992081978,0.23444706992875045
12841,4,Seasonal Gift Shopper,4,Low,-1.683754421967847,-0.10448532384628113
12842,3,Steady Mid-Value,1,Medium,0.48431801110234934,-0.6226602316742716
12843,5,At-Risk / Lapsing,3,Low,-1.9427679851154402,0.2573825826503748
12844,4,Seasonal Gift Shopper,6,Low,-2.9702497240910195,0.696277647028125
12845,3,Steady Mid-Value,0,Medium,0.3571630406362408,0.3898654676032945
12846,3,Steady Mid-Value,4,Low,-0.6120862844019848,0.09333595877209008
12847,2,Steady Mid-Value (A),0,High,1.1664474241727254,-0.030553284053729608
12848,4,Seasonal Gift Shopper,6,Low,-3.7231870484144065,-0.1319744432711279
12849,3,Steady Mid-Value,2,Medium,0.5103644716459083,-0.2602957738459724
12850,4,Seasonal Gift Shopper,6,Low,-3.571022887659092,0.3052133187612199
12851,2,Steady Mid-Value (A),0,High,2.040128138550052,-1.0554528217619383
12852,3,Steady Mid-Value,1,Medium,0.18052911177492112,0.2491910153723311
12853,2,Steady Mid-Value (A),2,Medium,1.018042734585865,-0.7850986780798035
12854,3,Steady Mid-Value,4,Low,-1.26525064184607,1.0170034966235486
12855,2,Steady Mid-Value (A),0,Medium,1.2262686111845025,-1.3891804709735405
12856,3,Steady Mid-Value,1,Medium,-0.04411782759800148,0.6177738524596897
12857,0,At-Risk / Lapsing (A),4,Low,-0.32341457307806215,-0.5488263318795448
12858,4,Seasonal Gift Shopper,4,Low,-1.5470653204929847,0.20409844345565922
12859,3,Steady Mid-Value,3,High,-0.954590908037996,1.197346240612616
12860,3,Steady Mid-Value,4,High,0.1753149351670699,0.3922375267893644
12861,3,Steady Mid-Value,1,Low,-1.0969670470443496,-0.653024333317181
12862,2,Steady Mid-Value (A),4,High,1.4183734252082274,0.15012947122636935
12863,3,Steady Mid-Value,1,Low,-1.7057642741184253,0.7304581606177851
12864,0,At-Risk / Lapsing (A),4,Low,-2.9036600143659603,-2.183720696287367
12865,4,Seasonal Gift Shopper,6,Low,-4.196229895050553,-0.8001780317698262
12866,5,At-Risk / Lapsing,3,Low,-1.709459636743649,0.2931510159456107
12867,1,Loyal High-Value,4,High,2.103401668025447,1.7718648669394135
12868,2,Steady Mid-Value (A),0,High,1.7517420605531655,-0.374832360925152
12869,3,Steady Mid-Value,4,Low,0.06874343554956598,-1.2944520376878077
12870,3,Steady Mid-Value,2,Medium,0.7411994736619407,-0.27544226825620804
12871,3,Steady Mid-Value,4,Low,0.09668218076075415,-1.532450532915434
12872,0,At-Risk / Lapsing (A),4,Low,-0.6112831078809374,0.03760299006994096
12873,3,Steady Mid-Value,1,Medium,0.13164842028965532,0.5813821850345414
12874,2,Steady Mid-Value (A),2,High,1.77785974767688,-0.3484822126083645
12875,4,Seasonal Gift Shopper,4,Low,-1.7827995418650227,-0.6539030808275778
12876,0,At-Risk / Lapsing (A),6,Low,-4.023794215505717,-1.1265588012632097
12877,2,Steady Mid-Value (A),2,Medium,1.333883029944731,-0.5993836486539663
12878,2,Steady Mid-Value (A),2,Medium,1.3848750670329402,-0.6393961321704331
12879,2,Steady Mid-Value (A),0,High,4.961632093883527,-1.3219958373378753
12880,1,Loyal High-Value,4,High,3.7447576369490383,1.074542089497153
12881,2,Steady Mid-Value (A),2,High,2.7242281336227303,-1.0675860048871466
12882,3,Steady Mid-Value,4,High,0.4444062256831805,0.6904687206836306
12883,2,Steady Mid-Value (A),2,High,1.7611030299484385,-0.8010730445883522
12884,3,Steady Mid-Value,1,Low,-1.246678229944191,0.09191068034086088
12885,2,Steady Mid-Value (A),2,High,2.2262715947123968,-1.2258129651488574
12886,2,Steady Mid-Value (A),2,High,1.711236620135643,-0.333136971030534
12887,2,Steady Mid-Value (A),4,Medium,0.2501028463764847,-1.0107988282559266
12888,0,At-Risk / Lapsing (A),0,Low,-0.2620359962462399,-1.0266125010494522
12889,3,Steady Mid-Value,4,Low,-0.6935660669086687,0.16677455590009446
12890,0,At-Risk / Lapsing (A),1,Low,-0.8571034152543632,0.04969098181163875
12891,5,At-Risk / Lapsing,1,Low,-0.9940357213057325,-0.2283763609540499
12892,3,Steady Mid-Value,4,Medium,-0.2304454947281892,0.20078517328729195
12893,2,Steady Mid-Value (A),4,Medium,1.0285407002182743,-0.7577281203802099
12894,2,Steady Mid-Value (A),2,Medium,1.0539140793834625,-0.46525642124437255
12895,1,Loyal High-Value,5,High,3.2386090539260466,1.1979846236478586
12896,4,Seasonal Gift Shopper,4,Low,-1.6236666407025382,-0.7138165212501513
12897,3,Steady Mid-Value,4,Low,-0.346247572188837,-1.4291909207129874
12898,2,Steady Mid-Value (A),0,Medium,0.5412577685519775,-0.37303265568019295
12899,3,Steady Mid-Value,1,Medium,0.13442487816025095,-0.2809830135965136
12900,3,Steady Mid-Value,0,High,0.6925375655671469,-0.3340310909655112
12901,1,Loyal High-Value,5,High,3.392974338351588,1.8051344348782425
12902,2,Steady Mid-Value (A),2,High,1.7063674372632591,-0.7520991108872251
12903,3,Steady Mid-Value,1,Medium,0.27353736838679743,0.3441192586278893
12904,2,Steady Mid-Value (A),4,Medium,1.502620985612432,-0.9680729886365879
12905,1,Loyal High-Value,5,High,3.2083503067168992,1.6891287026786015
12906,3,Steady Mid-Value,0,High,0.40691006659839163,0.37843085674903354
12907,3,Steady Mid-Value,1,Low,-0.6431481243937399,0.9509175925826122
12908,5,At-Risk / Lapsing,3,Low,-1.413936331428009,-0.2610079259184376
12909,3,Steady Mid-Value,1,High,0.22893119100947068,0.575212667887099
12910,1,Loyal High-Value,5,High,2.0667426622585805,2.122668438128234
12911,1,Loyal High-Value,5,High,1.546475287025253,2.8484983486105167
12912,2,Steady Mid-Value (A),2,High,1.8888040575538405,-0.6659463425175388
12913,5,At-Risk / Lapsing,3,Low,-2.6777048546454227,1.736749007384363
12914,2,Steady Mid-Value (A),0,Medium,0.9405044788120995,-0.5138327605491297
12915,3,Steady Mid-Value,1,Medium,0.43365903277048634,0.9839082224977023
12916,5,At-Risk / Lapsing,0,Medium,0.3897404212822135,0.7470306834823414
12917,3,Steady Mid-Value,4,Low,-0.4630541888946631,-0.1620320762205806
12918,2,Steady Mid-Value (A),2,Medium,1.4184221079891064,-1.1342658507955095
12919,2,Steady Mid-Value (A),0,High,1.0121797367212357,-0.42968160760295393
12920,3,Steady Mid-Value,1,Low,-1.594292712788588,0.5035848222546767
12921,4,Seasonal Gift Shopper,4,Low,-1.7316577561028688,-0.6011635503832208
12922,3,Steady Mid-Value,1,High,0.36333197303392056,0.6033169529007631
12923,3,Steady Mid-Value,4,Medium,-0.8165497382571406,0.4123669018266997
12924,3,Steady Mid-Value,4,Medium,-0.182451577991386,1.0415932491607687
12925,2,Steady Mid-Value (A),2,High,1.5422027587223024,-0.00860951042288957
12926,2,Steady Mid-Value (A),2,High,1.3364423511639134,-0.45928346398591496
12927,4,Seasonal Gift Shopper,6,Low,-2.5133679734570324,1.0787378843921658
12928,2,Steady Mid-Value (A),4,High,1.7027186048026566,0.12404357248665424
12929,3,Steady Mid-Value,4,Medium,0.5619730111237825,0.6988323978523747
12930,4,Seasonal Gift Shopper,4,Low,-1.634593213708451,0.15185769886520087
12931,2,Steady Mid-Value (A),4,Medium,0.7842747231483103,-0.7052286379747764
12932,2,Steady Mid-Value (A),2,High,1.2235484261050211,-0.11574409086880792
12933,2,Steady Mid-Value (A),0,Medium,1.47663811401182,-0.9061777619936375
12934,4,Seasonal Gift Shopper,4,Low,-2.4781158786002075,-0.9520590833640655
12935,0,At-Risk / Lapsing (A),4,Low,-0.7734352631864085,-0.06271284644175033
12936,2,Steady Mid-Value (A),2,High,3.0854711466812117,-1.0554008136494684
12937,0,At-Risk / Lapsing (A),0,Low,-0.48179969236535314,-0.3497996106247345
12938,1,Loyal High-Value,5,High,1.9459891463173231,2.8653985264822937
12939,3,Steady Mid-Value,1,Medium,0.4242105670595364,0.5074845023173247
12940,1,Loyal High-Value,5,High,3.0759639289505114,2.1409093107291577
12941,0,At-Risk / Lapsing (A),4,Low,-2.1961808571053205,-2.232342344906266
12942,4,Seasonal Gift Shopper,6,Low,-2.7702364511141915,1.5080006546217146
12943,4,Seasonal Gift Shopper,6,Low,-4.364599042946523,-1.1290333010056062
12944,2,Steady Mid-Value (A),2,High,2.9132357384118435,-0.786155877004084
12945,2,Steady Mid-Value (A),2,Medium,0.7430530426110342,-1.2662746049923204
12946,4,Seasonal Gift Shopper,6,Low,-4.644114602482883,-1.5508689945728171
12947,0,At-Risk / Lapsing (A),0,High,1.5215957559591555,-1.065956633129397
12948,3,Steady Mid-Value,2,Medium,0.6262533906860878,-0.7094483117233573
12949,3,Steady Mid-Value,1,Medium,-0.3967040306325718,1.6200985295940564
12950,3,Steady Mid-Value,0,Medium,0.43432001029248135,-0.14663934191077221
12951,2,Steady Mid-Value (A),1,Low,0.0032362472323527584,-1.0563308065510322
12952,3,Steady Mid-Value,4,Medium,-0.08277142690565673,-0.6386722105413964
12953,4,Seasonal Gift Shopper,6,Low,-4.272843866648072,-1.0330707637042054
12954,3,Steady Mid-Value,4,Medium,0.40764199041514243,0.16719301386924235
12955,4,Seasonal Gift Shopper,6,Low,-3.433994560862763,-0.8562202996596391
12956,2,Steady Mid-Value (A),0,High,1.1034450220571266,-0.2570669941548099
12957,1,Loyal High-Value,4,High,1.298539076672253,1.6643212218259005
12958,3,Steady Mid-Value,1,Medium,-1.1058926293869815,0.5928598329757824
12959,3,Steady Mid-Value,2,Medium,0.6569708588144021,-0.008095258565155753
12960,2,Steady Mid-Value (A),1,Low,0.27611424571790766,-1.1291286924940593
12961,1,Loyal High-Value,3,High,-0.05031449510254734,2.8879937982118817
12962,3,Steady Mid-Value,1,Low,-0.8493678574419975,0.018495511300044194
12963,3,Steady Mid-Value,4,Low,-0.18177194954289608,-1.102220249808184
12964,3,Steady Mid-Value,4,Medium,0.1551004797585199,-0.6613229253240777
12965,0,At-Risk / Lapsing (A),3,Medium,-1.0450014714073044,1.288308291419978
12966,3,Steady Mid-Value,4,Medium,-0.41723105891148915,-0.07358029531790072
12967,3,Steady Mid-Value,4,Low,-0.926744524885676,-0.09800042854975106
12968,5,At-Risk / Lapsing,1,Low,-0.5048960742207287,-0.8961297327512479
12969,4,Seasonal Gift Shopper,4,Low,-1.6310609265879483,0.06438147982058526
12970,2,Steady Mid-Value (A),2,Medium,0.8737419211014702,-0.22677091276442102
12971,3,Steady Mid-Value,4,Medium,-0.2907829389139478,-0.8688501156389676
12972,2,Steady Mid-Value (A),2,High,1.3628754649909347,0.09050912238557682
12973,3,Steady Mid-Value,4,Medium,0.35570687385690664,-0.037837943523702205
12974,3,Steady Mid-Value,4,Low,-1.4707130851801598,-0.2649620376337384
12975,2,Steady Mid-Value (A),2,High,2.4548314926666697,-0.8611236227578045
12976,3,Steady Mid-Value,4,Low,-1.2095271167775938,-0.10737234977384916
12977,3,Steady Mid-Value,4,Low,-0.9610247202007015,-1.3085350516575651
12978,1,Loyal High-Value,5,High,4.191595394129047,1.4066511358885505
12979,0,At-Risk / Lapsing (A),4,Low,-0.9791277155489402,-0.2735230210587773
12980,4,Seasonal Gift Shopper,4,Low,-1.8063934899243792,-0.033756076463375556
12981,4,Seasonal Gift Shopper,6,Low,-3.3062738510733474,-0.020842069520890183
12982,0,At-Risk / Lapsing (A),4,Low,-1.0721778598425855,-1.4479007557408345
12983,3,Steady Mid-Value,2,Medium,0.5059770411003945,-0.5236691210434499
12984,2,Steady Mid-Value (A),4,High,1.6338157436133878,-0.42914247232826574
12985,5,At-Risk / Lapsing,3,Medium,-1.8576100698291838,1.5668279771665252
12986,5,At-Risk / Lapsing,3,Low,-2.156935659067315,2.024949871362331
12987,0,At-Risk / Lapsing (A),6,Low,-2.959692878471984,0.4287418450872334
12988,4,Seasonal Gift Shopper,6,Low,-3.149651495471982,0.6377025572332115
12989,3,Steady Mid-Value,1,Medium,0.32361533307986984,0.6742441520508873
12990,1,Loyal High-Value,5,High,1.8744083784398529,3.8364246476649226
12991,4,Seasonal Gift Shopper,6,Low,-3.4125405708485457,-0.27052161328224145
12992,2,Steady Mid-Value (A),2,High,3.142770551938113,-1.2489274323785744
12993,1,Loyal High-Value,5,High,2.3033934763646333,1.6808855101170967
12994,2,Steady Mid-Value (A),0,High,1.4628187808201079,-0.36499921049898654
12995,4,Seasonal Gift Shopper,4,Low,-1.5131063705875034,0.49499497082644817
12996,5,At-Risk / Lapsing,3,Low,-2.5382115848237996,-0.8043609904775638
12997,3,Steady Mid-Value,4,Low,-0.40849218243456303,-1.3912715006056942
12998,3,Steady Mid-Value,1,Medium,-0.6805484915580918,1.0785537727917098
12999,3,Steady Mid-Value,4,Medium,-0.5183524496554383,0.31903655137182363
13000,1,Loyal High-Value,4,High,1.3191377921415999,2.4412196125691774
13001,2,Steady Mid-Value (A),4,Medium,1.1554296406134146,-0.9016818132504981
13002,1,Loyal High-Value,5,High,2.4883319204974885,2.4015825085390294
13003,3,Steady Mid-Value,1,Medium,-0.5516014297151665,1.0869559838365301
13004,2,Steady Mid-Value (A),2,High,3.3895071810238573,-0.9241081185128632
13005,2,Steady Mid-Value (A),2,Medium,1.160683148117402,-0.5173133009394002
13006,0,At-Risk / Lapsing (A),0,Medium,-0.10413371667793096,0.2758390504711011
13007,3,Steady Mid-Value,2,Medium,0.9354156842509529,-0.41624918613976036
13008,3,Steady Mid-Value,2,High,0.7163916059466834,0.3709972092460597
13009,3,Steady Mid-Value,4,Low,-1.5107409522531636,0.7246449283112044
13010,2,Steady Mid-Value (A),0,High,2.324831713808117,-0.8521633970855292
13011,2,Steady Mid-Value (A),4,Medium,0.5505407855999435,-0.6650979274212171
13012,0,At-Risk / Lapsing (A),6,Low,-3.7954408636837385,-0.446151034798859
13013,3,Steady Mid-Value,3,High,-0.9441085984108614,1.7968720510112783
13014,2,Steady Mid-Value (A),2,High,1.8720971144242193,-0.7111475943159891
13015,4,Seasonal Gift Shopper,4,Low,-1.2939604780170109,-0.6204429491922311
13016,2,Steady Mid-Value (A),2,High,1.6898997833017169,-0.20664077009444887
13017,4,Seasonal Gift Shopper,4,Low,-2.3616481190008423,-0.9635011210457838
13018,0,At-Risk / Lapsing (A),3,Low,-1.5264562671507045,0.4432719281986742
13019,2,Steady Mid-Value (A),1,Low,0.17345779629748173,-1.8879430052550512
13020,3,Steady Mid-Value,0,High,0.7743117877280752,-0.1249526356215161
13021,2,Steady Mid-Value (A),4,High,1.7216228825382456,0.0402477878347464
13022,2,Steady Mid-Value (A),0,High,3.417458015398631,-1.2576442074978746
13023,1,Loyal High-Value,4,High,2.15902312050407,1.2593812069169303
13024,3,Steady Mid-Value,4,Medium,-0.49173019283346864,0.25775784800771506
13025,5,At-Risk / Lapsing,3,Low,-2.6272252356568493,1.6405092424983645
13026,2,Steady Mid-Value (A),2,Medium,0.9361260867295235,-0.2987051109236637
13027,3,Steady Mid-Value,4,High,0.9347612505038904,0.5859250903646396
13028,2,Steady Mid-Value (A),2,High,2.4473996495831947,-1.313660023423721
13029,4,Seasonal Gift Shopper,6,Low,-4.25212319876259,-1.190064930010779
13030,3,Steady Mid-Value,4,Medium,0.1901979283221563,0.30309924713428876
13031,3,Steady Mid-Value,4,Medium,-0.34791913983603256,0.5780481890679134
13032,3,Steady Mid-Value,1,Medium,0.3475965167471899,-0.5947360869003319
13033,3,Steady Mid-Value,3,Medium,-0.21484836135212257,1.4417078352632804
13034,2,Steady Mid-Value (A),2,High,2.597369824949692,-0.2165285536373097
13035,2,Steady Mid-Value (A),2,High,2.167735857986018,-0.6953547058019234
13036,4,Seasonal Gift Shopper,6,Low,-3.9030057905212407,-0.884977982597251
13037,3,Steady Mid-Value,1,Medium,0.12776212931602984,-0.10315187586302309
13038,1,Loyal High-Value,5,High,2.1468145386694166,1.4276119163002055
13039,3,Steady Mid-Value,1,Medium,-0.034697999275202535,-0.35077720168134574
13040,3,Steady Mid-Value,4,Medium,0.4235495354800995,-0.3030115145815582
13041,2,Steady Mid-Value (A),2,High,2.2030513133513323,-0.5826560276746124
13042,2,Steady Mid-Value (A),0,High,0.8468491049533363,0.20078545787141053
13043,2,Steady Mid-Value (A),0,High,2.447571021419148,-1.1220576347196718
13044,2,Steady Mid-Value (A),2,High,2.4387712903667054,-0.6614145086752697
13045,1,Loyal High-Value,5,High,3.6769883801961294,2.2901429302493943
13046,3,Steady Mid-Value,4,High,0.4625457924465181,0.9694368479199783
13047,3,Steady Mid-Value,1,Low,0.07533314744722976,-0.567504607641736
13048,0,At-Risk / Lapsing (A),4,Low,-0.48160631816382543,-1.524710375689138
13049,5,At-Risk / Lapsing,0,Medium,-0.10654906543371571,-0.19779772658527153
13050,4,Seasonal Gift Shopper,3,Low,-2.4305972070052784,2.1221696649988995
13051,1,Loyal High-Value,4,High,2.275409275180289,1.3702162649622063
13052,0,At-Risk / Lapsing (A),4,Medium,-0.6010079624731506,-1.0126948909441307
13053,1,Loyal High-Value,5,High,1.7218123780891967,2.307340368612109
13054,2,Steady Mid-Value (A),0,High,1.6906750788969869,-0.10603851929283944
13055,3,Steady Mid-Value,4,Low,-0.8016341914432575,0.40410589947309533
13056,2,Steady Mid-Value (A),2,High,1.8454250117105806,-0.31700933817905
13057,2,Steady Mid-Value (A),4,High,1.3134015417433353,-0.27194838457222903
13058,0,At-Risk / Lapsing (A),3,Low,-2.612541763451775,1.5470277322891846
13059,3,Steady Mid-Value,1,Medium,-0.2997107520046298,-0.20830840321186264
13060,2,Steady Mid-Value (A),2,Medium,1.0454106428853687,-0.5856899124426916
13061,1,Loyal High-Value,5,High,4.196060506365244,1.7082523899860407
13062,1,Loyal High-Value,4,High,2.148217739008706,2.0550418811612716
13063,4,Seasonal Gift Shopper,6,Low,-4.139381789609529,-0.9214620357739338
13064,2,Steady Mid-Value (A),2,High,1.6198326144059942,-0.21535826054681476
13065,3,Steady Mid-Value,4,Medium,-0.6299152618730024,1.3648436342619243
13066,4,Seasonal Gift Shopper,6,Low,-3.0350651817045025,0.6440713956244403
13067,2,Steady Mid-Value (A),2,High,1.9133187796445812,-0.6881665568048845
13068,2,Steady Mid-Value (A),4,High,1.6256845398776587,-0.26229363309704634
13069,1,Loyal High-Value,5,High,2.1994674446336724,1.6992343224432727
13070,2,Steady Mid-Value (A),4,High,1.8766724609717398,-0.8907287488029074
13071,0,At-Risk / Lapsing (A),4,Low,-2.4395130460275634,-1.2222834009361276
13072,3,Steady Mid-Value,4,Low,-0.9332067954443173,-0.25148561516325746
13073,4,Seasonal Gift Shopper,3,Low,-2.303638584974526,-0.29192494149054016
13074,3,Steady Mid-Value,4,Medium,0.2315162607958759,0.30799809623651986
13075,2,Steady Mid-Value (A),1,Medium,0.5602083939892053,-0.38902099561571296
13076,4,Seasonal Gift Shopper,6,Low,-3.3738865396088213,0.8388363784663114
13077,0,At-Risk / Lapsing (A),5,High,0.9553381049495825,0.9336299887236771
13078,0,At-Risk / Lapsing (A),1,Low,-0.852273451621844,-1.4085934011868966
13079,3,Steady Mid-Value,1,Low,-1.1467134649625217,0.0991075832367692
13080,2,Steady Mid-Value (A),1,Medium,0.8168243024534837,-0.9009250715653957
13081,2,Steady Mid-Value (A),2,High,3.422102179786644,-1.2762035664313052
13082,3,Steady Mid-Value,1,Low,-1.2710484558078141,0.01668940059874881
13083,1,Loyal High-Value,5,High,2.5308087122887666,2.2183758671129508
13084,2,Steady Mid-Value (A),2,High,2.476932822388801,-0.6624201688263632
13085,2,Steady Mid-Value (A),0,High,1.4836979380906214,-0.18172053874847857
13086,2,Steady Mid-Value (A),4,High,1.4314202724148093,-0.25377699447452573
13087,2,Steady Mid-Value (A),2,High,1.9067927010801047,-0.03625006051697387
13088,4,Seasonal Gift Shopper,6,Low,-3.854705935127636,-0.4953827769281747
13089,3,Steady Mid-Value,4,Low,-0.36882464461689085,-0.45163382751989795
13090,3,Steady Mid-Value,4,Medium,-0.1093194626102498,0.545237269693126
13091,4,Seasonal Gift Shopper,4,Low,-2.9920860218619527,-1.6490029614747321
13092,3,Steady Mid-Value,2,High,0.8051438729031807,-0.24544484038605183
13093,3,Steady Mid-Value,4,Low,-1.171367339002572,0.09062931027440553
13094,2,Steady Mid-Value (A),4,High,1.5666702922055658,-0.4490448310184388
13095,3,Steady Mid-Value,4,Medium,0.27429624555659726,-0.2863333947892119
13096,2,Steady Mid-Value (A),2,High,1.6777590269323257,-1.0458425806835154
13097,2,Steady Mid-Value (A),0,High,2.3720256093255476,-0.5362428068448066
13098,0,At-Risk / Lapsing (A),4,Low,-1.7606451875801281,-0.7047809879720759
13099,2,Steady Mid-Value (A),0,High,1.5016503507517631,-0.7254215629169382
13100,3,Steady Mid-Value,4,Medium,0.5021630391875768,0.14057261555461364
13101,3,Steady Mid-Value,1,Medium,0.36433643952578026,0.07113425621299845
13102,2,Steady Mid-Value (A),0,Medium,1.2594266115256472,-0.7804161763800587
13103,1,Loyal High-Value,3,High,-0.022784265735705012,2.798658167297019
13104,1,Loyal High-Value,4,High,1.0036700990227614,1.624475787334988
13105,5,At-Risk / Lapsing,0,Medium,-0.22720069606987445,0.9362110432809105
13106,2,Steady Mid-Value (A),4,High,1.441859889742243,-0.9855449140059226
13107,3,Steady Mid-Value,4,Medium,-0.44199596158885435,0.39549453206703056
13108,3,Steady Mid-Value,1,Medium,0.4702985674976062,-0.6660564239814232
13109,5,At-Risk / Lapsing,1,Low,-0.650950638935041,0.9565768799461568
13110,4,Seasonal Gift Shopper,4,Low,-1.4509753671283783,0.2231525435574133
13111,3,Steady Mid-Value,4,Medium,-0.04755637719102521,0.9660181169661068
13112,3,Steady Mid-Value,1,Medium,-0.7445488671840812,1.15931901099961
13113,4,Seasonal Gift Shopper,6,Low,-5.663914858882829,-2.5668919895094024
13114,1,Loyal High-Value,5,High,1.5045034852727233,2.8349780805057394
13115,3,Steady Mid-Value,4,Medium,0.20864108305176818,0.2985158544409966
13116,2,Steady Mid-Value (A),0,High,2.6306737524831427,-0.7453204355664936
13117,4,Seasonal Gift Shopper,6,Low,-5.380137609206903,-3.178253289723797
13118,3,Steady Mid-Value,2,Medium,0.26701009829151406,0.38817919158501385
13119,0,At-Risk / Lapsing (A),4,Low,0.18986840143879757,-2.2518519342952676
13120,4,Seasonal Gift Shopper,6,Low,-2.6210717419966842,1.8112297580174785
13121,3,Steady Mid-Value,4,Medium,0.29998181215345504,0.225374398579684
13122,0,At-Risk / Lapsing (A),4,Low,-0.5935741882474536,-0.8862300490706763
13123,2,Steady Mid-Value (A),2,High,2.7600151617852,-0.37271326687464407
13124,3,Steady Mid-Value,1,Medium,0.1255560525957712,-0.21656929656557633
13125,3,Steady Mid-Value,1,High,0.5264815627967826,0.8037555812901371
13126,3,Steady Mid-Value,2,High,0.9576089398390751,0.01856706414952126
13127,5,At-Risk / Lapsing,0,Medium,-0.36470979805166676,-0.04756028162800959
13128,3,Steady Mid-Value,4,Medium,-0.6194975486694285,0.4001880554637048
13129,3,Steady Mid-Value,4,Medium,-0.15796590493214466,0.27074566455702304
13130,5,At-Risk / Lapsing,3,Low,-2.5946373347439313,0.6485826192947814
13131,2,Steady Mid-Value (A),2,High,2.639172031357357,-0.20140975045072051
13132,2,Steady Mid-Value (A),2,Medium,1.1456216133986783,-0.31859146141695127
13133,2,Steady Mid-Value (A),0,High,1.3396516003901349,0.07590773944426434
13134,3,Steady Mid-Value,4,High,0.7522417129586741,-0.15179118056265134
13135,3,Steady Mid-Value,1,Medium,-0.5171812398920999,1.1026228105132867
13136,4,Seasonal Gift Shopper,6,Low,-3.488536703102365,0.22261056809305776
13137,4,Seasonal Gift Shopper,4,Low,-1.8524265118416117,0.37313019484845883
13138,4,Seasonal Gift Shopper,4,Low,-2.0433995088483607,-0.9569056307998862
13139,3,Steady Mid-Value,4,Low,-0.4666123029411818,0.09246541879677253
13140,3,Steady Mid-Value,4,Low,-0.9629895262543582,-0.5851376753752785
13141,2,Steady Mid-Value (A),4,Medium,1.7065077622655869,-1.475336457512374
13142,2,Steady Mid-Value (A),0,Medium,1.5188206514222702,-1.3223488638535026
13143,1,Loyal High-Value,3,High,0.530648624251174,3.5757857562128588
13144,3,Steady Mid-Value,4,Low,-0.1603591122494222,-1.1774898416542978
13145,4,Seasonal Gift Shopper,4,Low,-3.014877714529982,-1.864885617389688
13146,2,Steady Mid-Value (A),2,High,1.6598189058927793,-0.01491715926536386
13147,0,At-Risk / Lapsing (A),0,Medium,0.5669389848378318,-0.1767647098275099
13148,4,Seasonal Gift Shopper,6,Low,-4.128262610558683,-0.4271375633946855
13149,5,At-Risk / Lapsing,3,Low,-1.7205982785238576,0.7564419677973928
13150,3,Steady Mid-Value,1,Medium,0.3565272552682798,0.2392212256529963
13151,2,Steady Mid-Value (A),2,High,3.489796195769086,-1.1212337821543705
13152,4,Seasonal Gift Shopper,4,Low,-3.3050168397838497,-2.0253085829466904
13153,1,Loyal High-Value,4,High,1.2902608093863999,2.705139325220842
13154,3,Steady Mid-Value,1,Medium,0.46169010676178734,0.2733345828664938
13155,1,Loyal High-Value,5,High,3.2947467646930733,1.368844046823455
13156,3,Steady Mid-Value,2,Medium,0.57290948275306,-0.28061653443955803
13157,2,Steady Mid-Value (A),2,Medium,1.006367754349996,-0.2589247252283466
13158,3,Steady Mid-Value,2,High,0.7016635136896078,-0.06561604259050624
13159,5,At-Risk / Lapsing,3,Medium,-1.6627462966604858,3.5792038290973833
13160,3,Steady Mid-Value,4,Medium,0.04322001835612436,-0.19891275300777952
13161,1,Loyal High-Value,5,High,3.9788376999019137,1.3602008137218622
13162,1,Loyal High-Value,5,High,2.1011290944918475,0.8836468963376645
13163,2,Steady Mid-Value (A),0,High,0.948894357170179,0.22826039175185608
13164,2,Steady Mid-Value (A),0,High,1.843946033292921,-1.0337392856958152
13165,2,Steady Mid-Value (A),0,High,2.868334841420477,-0.9522486732156269
13166,3,Steady Mid-Value,2,High,1.0628471416793546,0.24071999306457162
13167,3,Steady Mid-Value,4,Low,-0.8076724990877778,0.07102606493096672
13168,2,Steady Mid-Value (A),4,High,1.6798672506777326,-0.44098567457553994
13169,0,At-Risk / Lapsing (A),3,Low,-1.0552587563638596,-0.638328775435281
13170,2,Steady Mid-Value (A),0,High,1.9670176559033943,-1.304378002276293
13171,3,Steady Mid-Value,4,Low,-0.7971113536035435,0.5185476185597654
13172,2,Steady Mid-Value (A),0,High,1.6634131284571096,-1.530754510028971
13173,4,Seasonal Gift Shopper,6,Low,-2.9663456832496418,0.450138314275359
13174,2,Steady Mid-Value (A),2,Medium,1.6811252770614098,-1.2673222590061979
13175,3,Steady Mid-Value,4,Low,-0.5828255041315866,-0.2176638752491752
13176,2,Steady Mid-Value (A),2,High,2.888907787639798,-0.9236794003448557
13177,4,Seasonal Gift Shopper,4,Low,-1.5188640084818175,-0.3465539322732015
13178,5,At-Risk / Lapsing,3,Low,-2.114284186835585,-0.4033029652561235
13179,4,Seasonal Gift Shopper,3,Low,-2.6009804438897377,0.39877157457353146
13180,3,Steady Mid-Value,4,Medium,-0.07722535069426567,0.1664658451482527
13181,5,At-Risk / Lapsing,0,High,0.47350472652525705,0.6292435779493407
13182,5,At-Risk / Lapsing,3,Medium,-0.33051532127910294,2.791721754656343
13183,0,At-Risk / Lapsing (A),4,Medium,0.24485283270415809,-0.8684512869926819
13184,3,Steady Mid-Value,1,Medium,-0.5041422097683641,0.48694961808180687
13185,2,Steady Mid-Value (A),0,High,2.257269225004854,-0.6066006601457848
13186,0,At-Risk / Lapsing (A),1,Low,-0.5234569034788371,-0.8850442034951486
13187,3,Steady Mid-Value,1,Medium,0.13573465305314242,-0.1496683187093005
13188,3,Steady Mid-Value,4,Medium,0.24525762480440716,-0.13815326811282663
13189,2,Steady Mid-Value (A),2,High,2.073688937726471,-0.3496170565836699
13190,2,Steady Mid-Value (A),0,High,2.867245039885844,-1.6230408881519554
13191,3,Steady Mid-Value,4,High,1.029991032488553,0.5246120989103031
13192,2,Steady Mid-Value (A),0,High,2.2569385611892923,-0.5126232413607467
13193,3,Steady Mid-Value,4,Medium,0.3442257656477007,0.35747020426223325
13194,2,Steady Mid-Value (A),4,High,1.4104160102504852,-0.4500032682015205
13195,2,Steady Mid-Value (A),2,High,1.9140288323617154,-1.661438307638994
13196,3,Steady Mid-Value,4,Medium,-1.1256795486526205,0.9464776158581366
13197,3,Steady Mid-Value,4,Low,-1.003544204420355,-0.9868936617890305
13198,3,Steady Mid-Value,1,Medium,-1.1955872976939221,0.619646003883262
13199,0,At-Risk / Lapsing (A),4,Low,0.34462396984887333,-1.4139409237513387
13200,3,Steady Mid-Value,1,High,0.18724260657181604,1.2730722572411401
13201,4,Seasonal Gift Shopper,4,Low,-1.574377327382929,0.16037390413813846
13202,3,Steady Mid-Value,1,Low,-0.8401406355950714,-0.2252619770090999
13203,3,Steady Mid-Value,4,Medium,-0.5047836114692771,-0.2499091571992214
13204,1,Loyal High-Value,4,High,0.4196607940989084,1.8056391163330885
13205,2,Steady Mid-Value (A),0,High,1.3382173325361812,0.43523413611515493
13206,5,At-Risk / Lapsing,1,Low,-1.8828260638296062,-1.059220750047673
13207,2,Steady Mid-Value (A),0,Medium,1.0130746633861816,-1.083685908345963
13208,0,At-Risk / Lapsing (A),3,Medium,-0.39068061941124993,1.2278579806768344
13209,4,Seasonal Gift Shopper,4,Low,-2.5449563538630575,-0.8748167635573232
13210,4,Seasonal Gift Shopper,3,Low,-1.6735741751170943,0.5943539338095584
13211,3,Steady Mid-Value,4,Low,-0.2661036828836168,-0.5777475555435735
13212,3,Steady Mid-Value,4,Medium,0.19912934694526524,0.5488770040102594
13213,2,Steady Mid-Value (A),0,Medium,0.5513301655273066,-0.7068490179968651
13214,4,Seasonal Gift Shopper,6,Low,-2.698609732538357,1.5534141388905287
13215,2,Steady Mid-Value (A),2,Medium,0.8776077699536284,-0.7161376800744822
13216,3,Steady Mid-Value,4,Medium,0.45831100353389576,0.27288265403048445
13217,3,Steady Mid-Value,4,Medium,0.05918432432046609,-0.47443440574888385
13218,4,Seasonal Gift Shopper,4,Low,-1.5767021788927627,-0.3876375732087865
13219,2,Steady Mid-Value (A),0,Medium,1.243992110931706,-0.8553326146472097
13220,2,Steady Mid-Value (A),0,High,2.255173534903767,-0.7190090936332664
13221,3,Steady Mid-Value,1,Low,-1.230928359851251,0.3809562642629028
13222,3,Steady Mid-Value,4,Medium,0.13310535764274897,-0.602440776186511
13223,3,Steady Mid-Value,2,Medium,0.13747627121393471,-0.20556923190230467
13224,5,At-Risk / Lapsing,3,Low,-3.557291694747443,0.7450458869483965
13225,3,Steady Mid-Value,2,Medium,0.5884600659640098,-0.2755205633710959
13226,3,Steady Mid-Value,1,Medium,-0.16202202774733113,0.8953889873100674
13227,3,Steady Mid-Value,1,Medium,-0.7691066777096637,1.734026420782351
13228,2,Steady Mid-Value (A),0,Medium,0.43455642247550047,-0.972710594152835
13229,4,Seasonal Gift Shopper,6,Low,-4.680103971811458,-1.6518951735825171
13230,0,At-Risk / Lapsing (A),0,Medium,0.46329158388478503,-0.8776294373353032
13231,4,Seasonal Gift Shopper,3,Low,-2.4392618429413266,0.3188321992846595
13232,1,Loyal High-Value,4,High,2.2959927339792934,1.2262066107260312
13233,4,Seasonal Gift Shopper,3,Low,-2.788449998566533,1.5521932154009266
13234,5,At-Risk / Lapsing,3,Low,-2.466310570107319,1.9346574978669047
13235,2,Steady Mid-Value (A),0,High,1.517699818608474,0.44697160541311987
13236,3,Steady Mid-Value,4,Medium,-0.9113220610607718,-0.31652748039844314
13237,3,Steady Mid-Value,4,Low,-1.4933448414302593,0.3178296586622422
13238,3,Steady Mid-Value,1,Low,-0.6118790607034097,0.31224148471419033
13239,2,Steady Mid-Value (A),0,High,2.1809850962021398,-0.5540082434415655
13240,1,Loyal High-Value,5,High,3.90142328271246,1.1369455440855287
13241,5,At-Risk / Lapsing,0,Low,-0.2041564706477939,-0.5155453101543357
13242,4,Seasonal Gift Shopper,4,Low,-1.8786268236984562,-0.13068948210721976
13243,3,Steady Mid-Value,4,Medium,-0.9945568488443329,1.3666677852786877
13244,2,Steady Mid-Value (A),4,Medium,0.45762022100616845,-0.30055272131439986
13245,0,At-Risk / Lapsing (A),6,Low,-5.233572034967183,-3.2214834266947863
13246,3,Steady Mid-Value,4,Medium,0.7363960844886484,-0.11602326964077535
13247,2,Steady Mid-Value (A),2,High,1.506498667096105,0.030711329874184023
13248,0,At-Risk / Lapsing (A),3,Low,-2.0761062011738565,-0.7809921847760307
13249,4,Seasonal Gift Shopper,6,Low,-3.0931628207006705,0.740678514294063
13250,3,Steady Mid-Value,1,Low,-0.38236650814827783,-0.36713870951857575
13251,3,Steady Mid-Value,4,Medium,-0.8398827727981588,0.5293923917066604
13252,1,Loyal High-Value,4,High,0.8329807325735689,2.071404689270058
13253,2,Steady Mid-Value (A),0,High,1.7384876306508594,-1.0488793346321108
13254,4,Seasonal Gift Shopper,6,Low,-3.7108317462421256,-0.13927551900105045
13255,3,Steady Mid-Value,1,Medium,-0.2714823991594058,0.8290184489385369
13256,2,Steady Mid-Value (A),2,High,1.7880902888799939,-1.71215879895187
13257,2,Steady Mid-Value (A),2,High,2.2263205397297408,-1.1672752345519697
13258,2,Steady Mid-Value (A),0,High,1.0768435013858069,-0.11477106441655978
13259,1,Loyal High-Value,5,High,2.3364999191219464,1.8075179398312218
13260,3,Steady Mid-Value,2,High,0.8895653384953331,0.4841120439869614
13261,3,Steady Mid-Value,4,Medium,-0.5555838700804765,1.9970585368177707
13262,4,Seasonal Gift Shopper,6,Low,-5.578388133440184,-2.5294721813967445
13263,2,Steady Mid-Value (A),2,High,1.5767085577444717,-0.4000772657529894
13264,3,Steady Mid-Value,1,Medium,-0.5091570226833287,1.8442304016405504
13265,3,Steady Mid-Value,0,High,0.26523859238123904,0.46983140589856454
13266,3,Steady Mid-Value,4,Low,-0.048023251172860285,-0.7347366061746841
13267,3,Steady Mid-Value,4,Medium,0.30720906205019755,0.10946831720368125
13268,2,Steady Mid-Value (A),0,High,1.7714843353185248,-0.9413822430478787
13269,2,Steady Mid-Value (A),2,High,1.1049337185963188,-0.25448754286840636
13270,4,Seasonal Gift Shopper,4,Low,-1.591522111699037,-1.0315931668430396
13271,1,Loyal High-Value,4,High,1.3581993773804473,2.507493684094043
13272,3,Steady Mid-Value,1,Medium,-0.5191023185525677,0.722234610786537
13273,2,Steady Mid-Value (A),0,High,2.1152333021175687,-0.6786811845959487
13274,3,Steady Mid-Value,1,Medium,-0.6403251914509333,0.3212893410509443
13275,5,At-Risk / Lapsing,3,Medium,-0.5260347564219112,0.841864641839469
13276,2,Steady Mid-Value (A),0,High,2.7362369003457863,-1.471222265962106
13277,0,At-Risk / Lapsing (A),4,Low,-1.2177886482957467,-1.370422186649582
13278,2,Steady Mid-Value (A),0,High,2.589119048496546,-1.2827992153680057
13279,2,Steady Mid-Value (A),2,Medium,0.980984493595386,-0.8187710682722049
13280,3,Steady Mid-Value,4,Low,0.10746120989192733,-1.3011618974248562
13281,4,Seasonal Gift Shopper,6,Low,-3.9507127582276227,-1.7570013304894456
13282,0,At-Risk / Lapsing (A),4,Low,-1.0474811636838541,-0.24625929426963877
13283,1,Loyal High-Value,5,High,2.8404951141890304,1.58887526643102
13284,4,Seasonal Gift Shopper,4,Low,-1.9984732429021688,-0.5554720752793557
13285,0,At-Risk / Lapsing (A),4,Low,-1.5511580398228098,-2.1075230517295265
13286,3,Steady Mid-Value,4,High,0.38277743523228613,1.2683138477677978
13287,4,Seasonal Gift Shopper,4,Low,-1.6812312760416637,0.36755207512183563
13288,2,Steady Mid-Value (A),0,High,1.3355666149193401,-0.03267865546490696
13289,2,Steady Mid-Value (A),2,High,1.5454789474816082,-0.3754570994112758
13290,3,Steady Mid-Value,1,Low,-1.3308418126092494,1.161059620482946
13291,3,Steady Mid-Value,4,Medium,-0.38425892280081836,0.20179324486196312
13292,3,Steady Mid-Value,2,Medium,0.05235593852625399,0.11829298113745844
13293,3,Steady Mid-Value,4,Medium,0.19154881558605505,-0.29449996577989473
13294,3,Steady Mid-Value,1,Medium,-0.3665287311017028,0.044857242936266944
13295,0,At-Risk / Lapsing (A),3,Low,-2.4069194015955735,1.098229528655718
13296,3,Steady Mid-Value,1,Medium,-0.26868690918151256,0.0713244426819908
13297,2,Steady Mid-Value (A),2,High,2.580381602531345,-0.8153324913608192
13298,2,Steady Mid-Value (A),4,High,1.5897758518771232,-0.43329979866379703
13299,4,Seasonal Gift Shopper,6,Low,-3.447042450046365,-0.48388128624451326
13300,4,Seasonal Gift Shopper,6,Low,-3.0978643452835186,0.21249098226392643
13301,0,At-Risk / Lapsing (A),4,Medium,-0.8964350603913551,0.10991566435256982
13302,4,Seasonal Gift Shopper,6,Low,-2.062441885798893,1.146153280663738
13303,2,Steady Mid-Value (A),0,Medium,0.7058853511792261,-0.09550592970041462
13304,4,Seasonal Gift Shopper,6,Low,-2.337285415562089,0.6022423985033875
13305,2,Steady Mid-Value (A),2,High,1.8624048074119814,-0.42266060838496033
13306,3,Steady Mid-Value,4,Medium,-0.5224048626755615,0.1543567931731032
13307,3,Steady Mid-Value,1,Medium,-0.25000820284096087,-0.5949308752514652
13308,3,Steady Mid-Value,4,Low,-1.2463874709148226,-0.16763201424906765
13309,3,Steady Mid-Value,4,Low,-1.1878233571592889,0.544516578735408
13310,2,Steady Mid-Value (A),0,High,1.676999371211639,0.29673098215921145
13311,3,Steady Mid-Value,4,Low,-0.31237521885963404,-0.14861863768328326
13312,3,Steady Mid-Value,1,Medium,0.09223311805616655,1.2771731210931077
13313,1,Loyal High-Value,5,High,2.2934066203090535,1.6218633686070536
13314,4,Seasonal Gift Shopper,6,Low,-1.8574553904059625,0.5152679181203457
13315,3,Steady Mid-Value,1,Medium,0.13459315951178852,-0.5387119527815157
13316,2,Steady Mid-Value (A),2,High,2.9192710288837067,-1.12214300855163
13317,3,Steady Mid-Value,1,Medium,-0.5554121165975766,0.5442381447397255
13318,5,At-Risk / Lapsing,3,Low,-2.4425496991904914,-1.237819357561372
13319,3,Steady Mid-Value,4,Medium,-0.4368207079282493,0.127323315167058
13320,2,Steady Mid-Value (A),2,High,2.7368205227106968,-0.859243366156244
13321,3,Steady Mid-Value,4,Medium,-0.4662788568423563,-0.029311386220579806
13322,3,Steady Mid-Value,2,Low,-0.5058236099760729,-0.29949931905483795
13323,2,Steady Mid-Value (A),0,High,3.3371657166478808,-1.4203372871419344
13324,2,Steady Mid-Value (A),1,Medium,0.40870993661052873,-1.2004404313715882
13325,2,Steady Mid-Value (A),2,High,2.0512310727523775,-0.7099725423708849
13326,3,Steady Mid-Value,2,High,1.1296131095503028,0.3442713088181648
13327,5,At-Risk / Lapsing,3,Medium,-1.9660122780575335,3.1949859799392835
13328,3,Steady Mid-Value,2,High,1.0742297715075448,-0.4062711650997546
13329,3,Steady Mid-Value,1,Medium,0.038521833675883514,0.14333111346247066
13330,0,At-Risk / Lapsing (A),3,High,1.0543121863296099,0.7942843032481495
13331,3,Steady Mid-Value,4,Low,-1.1399853367538468,0.759571338461534
13332,3,Steady Mid-Value,1,Medium,-0.1517268200600738,-0.7435165445690757
13333,2,Steady Mid-Value (A),0,High,1.956841792339419,-0.8075285276302411
13334,4,Seasonal Gift Shopper,6,Low,-3.7074962943538354,0.1850696081922357
13335,2,Steady Mid-Value (A),4,High,1.8626264683962492,-0.4817693795631987
13336,2,Steady Mid-Value (A),2,High,1.9716776619282943,-0.45346519091500115
13337,4,Seasonal Gift Shopper,6,Low,-2.403018044408081,2.0105546961675773
13338,3,Steady Mid-Value,1,Medium,-0.15923556865059227,-0.5265255406973385
13339,0,At-Risk / Lapsing (A),4,Low,-0.497275421539121,-1.5738087908469867
13340,0,At-Risk / Lapsing (A),0,High,0.7362330965698688,0.04608479412890803
13341,2,Steady Mid-Value (A),2,High,1.6047685122369821,-0.27857143686588204
13342,3,Steady Mid-Value,1,Medium,0.17112006056392629,0.4080029849851424
13343,5,At-Risk / Lapsing,3,Low,-1.6783907594281942,0.4759499674668277
13344,3,Steady Mid-Value,4,High,1.0789865580799383,0.19778379530825263
13345,2,Steady Mid-Value (A),0,High,1.9083478623655212,-0.9139518715451093
13346,3,Steady Mid-Value,4,High,1.0366149246931258,-0.2175757125886222
13347,2,Steady Mid-Value (A),4,High,1.174311510692697,-0.20670043396031543
13348,2,Steady Mid-Value (A),2,High,2.7325099558057735,-0.6056432939986128
13349,0,At-Risk / Lapsing (A),4,Low,-2.702444441214553,-1.7630546936663272
13350,2,Steady Mid-Value (A),4,High,0.891565172503993,-0.09721961516686163
13351,1,Loyal High-Value,5,High,1.9391331691839975,2.5987034248841283
13352,3,Steady Mid-Value,1,Medium,0.3177558761352489,0.16037765184671254
13353,2,Steady Mid-Value (A),2,High,2.9301693412256307,-1.1143140244006382
13354,3,Steady Mid-Value,4,Medium,-1.107254227832603,0.7483784068890059
13355,3,Steady Mid-Value,4,Low,-1.3627446198342967,-1.4664601926595717
13356,2,Steady Mid-Value (A),0,High,1.792010758816943,0.3756997601834735
13357,3,Steady Mid-Value,2,High,0.5974514388156478,-0.04814737374000669
13358,3,Steady Mid-Value,1,Medium,-0.06204669170675855,0.03237524237887342
13359,4,Seasonal Gift Shopper,6,Low,-3.9704357906330046,-1.870243146222618
13360,3,Steady Mid-Value,4,Medium,-0.696690469870448,-0.18496140390215793
13361,3,Steady Mid-Value,4,Low,-0.5794476686220164,-1.5567043688460482
13362,1,Loyal High-Value,5,High,2.37087726553621,2.6648588455481295
13363,3,Steady Mid-Value,4,Medium,-0.28210427395448767,-0.18317541006723567
13364,0,At-Risk / Lapsing (A),0,High,0.8603716392566279,0.010102649577417284
13365,3,Steady Mid-Value,4,Low,-0.37082331956787723,-0.7033547577695984
13366,3,Steady Mid-Value,4,Medium,0.5396757368126819,-0.27622258336387234
13367,3,Steady Mid-Value,4,High,0.3941190689381584,0.42496567492390735
13368,2,Steady Mid-Value (A),2,High,1.8254074700569258,-1.2187801141995733
13369,2,Steady Mid-Value (A),0,High,2.4358094365159237,-0.716642968849729
13370,4,Seasonal Gift Shopper,4,Low,-2.090370054181536,-0.31356064401196976
13371,3,Steady Mid-Value,2,High,1.0638169465858767,0.22571636024247077
13372,2,Steady Mid-Value (A),2,Medium,1.3725191689001057,-1.5580886277420725
13373,4,Seasonal Gift Shopper,4,Low,-2.0923653055218736,-0.18995766168574119
13374,4,Seasonal Gift Shopper,6,Low,-5.833848572932178,-3.330119313721202
13375,5,At-Risk / Lapsing,0,Medium,0.3468774097713286,0.45968959475144233
13376,3,Steady Mid-Value,2,High,0.9048674270729217,0.5963761911652617
13377,2,Steady Mid-Value (A),2,High,1.31675974717553,0.08165158189802339
13378,3,Steady Mid-Value,1,Medium,-0.7182705766371635,0.8212798421910643
13379,1,Loyal High-Value,3,High,-0.4864554242678902,3.683517220607533
13380,1,Loyal High-Value,5,High,1.8520015197443573,2.0869531719595917
13381,5,At-Risk / Lapsing,3,Medium,-1.4882122496319168,4.041369567905889
13382,3,Steady Mid-Value,1,Low,0.08269133419640805,-1.0863580897588578
13383,2,Steady Mid-Value (A),2,High,2.7991043744714217,-0.8089681163047752
13384,2,Steady Mid-Value (A),0,High,2.0040835650101014,-0.744529590352918
13385,3,Steady Mid-Value,4,Medium,-0.5806134092029436,1.9050052540603748
13386,4,Seasonal Gift Shopper,4,Low,-1.897995321450331,-1.8923263296261492
13387,3,Steady Mid-Value,4,Medium,-0.7890590449414431,0.9525452676800598
13388,3,Steady Mid-Value,4,Medium,0.6774023612341746,-0.25803916904015706
13389,4,Seasonal Gift Shopper,6,Low,-3.321673886572957,0.8614515021353588
13390,2,Steady Mid-Value (A),0,High,0.7495651237204267,0.1476115558380231
13391,3,Steady Mid-Value,4,Medium,-0.6251745811650057,0.5471175562690561
13392,3,Steady Mid-Value,4,Low,-1.0603962032756293,-0.42756815969681045
13393,4,Seasonal Gift Shopper,6,Low,-3.384144352551329,0.10573896008144655
13394,3,Steady Mid-Value,1,Medium,-0.21548569041845464,0.21493993232280031
13395,3,Steady Mid-Value,4,Medium,-0.47213695632821756,0.5730733030135553
13396,3,Steady Mid-Value,4,Medium,0.15712379929645748,1.0093872611893744
13397,3,Steady Mid-Value,4,Medium,-0.3687921196771533,1.1439574737742073
13398,2,Steady Mid-Value (A),0,High,1.593659114809274,-0.026949497564610764
13399,4,Seasonal Gift Shopper,4,Low,-1.9144229753143043,0.23643457570068493
13400,3,Steady Mid-Value,1,Low,-0.9962004959840504,0.3866283749341859
13401,1,Loyal High-Value,5,High,0.7503417504606336,2.1422176416787306
13402,1,Loyal High-Value,4,High,0.7494335267256278,3.1917995479587855
13403,4,Seasonal Gift Shopper,4,Low,-1.5494328559226664,0.18271656667471037
13404,1,Loyal High-Value,1,High,1.0259753953283872,0.7799848226099123
13405,3,Steady Mid-Value,4,Medium,0.24480331642209596,-0.09331546299959492
13406,3,Steady Mid-Value,0,High,0.6445099834321382,0.3551092781698691
13407,2,Steady Mid-Value (A),0,High,2.4696137687101354,-0.6817785707020058
13408,2,Steady Mid-Value (A),4,High,1.6563598291950734,-0.48306828075909974
13409,0,At-Risk / Lapsing (A),4,Low,-0.9320583780260032,0.08980880855288642
13410,2,Steady Mid-Value (A),0,High,2.472069905378825,-0.8401565733124546
13411,2,Steady Mid-Value (A),2,High,2.64457617555472,-0.8682710993232851
13412,4,Seasonal Gift Shopper,4,Low,-1.9755728160175074,-1.0296422361973618
13413,4,Seasonal Gift Shopper,4,Low,-1.989439115539194,-0.34543208858867874
13414,2,Steady Mid-Value (A),2,High,2.1874150373367285,-0.4202921048156518
13415,3,Steady Mid-Value,0,Medium,0.016845618257844603,0.16995848264085164
13416,3,Steady Mid-Value,4,Low,-0.5012646556748458,-1.1226966738374078
13417,2,Steady Mid-Value (A),2,High,1.0652951597777314,0.24935421498380722
13418,2,Steady Mid-Value (A),0,High,2.637327329376602,-0.9608935242032214
13419,3,Steady Mid-Value,2,High,0.8052010022910538,-0.0714040912788296
13420,3,Steady Mid-Value,2,Medium,0.4735468076539836,-0.14619430873561762
13421,2,Steady Mid-Value (A),4,Medium,1.099437321202778,-1.4978460977239605
13422,2,Steady Mid-Value (A),0,Medium,1.737863493624705,-1.3783579029115711
13423,3,Steady Mid-Value,0,Medium,0.4361585041717255,0.2183231950604383
13424,3,Steady Mid-Value,4,Medium,0.2444257335776998,-0.22851213462576753
13425,1,Loyal High-Value,5,High,3.135045267582022,1.6884932444752507
13426,4,Seasonal Gift Shopper,4,Low,-2.3907435361625704,-0.9184026904422498
13427,3,Steady Mid-Value,2,High,1.1004833662773799,0.13826179047447787
13428,0,At-Risk / Lapsing (A),0,Medium,1.0673530613584894,-0.9810925893106671
13429,1,Loyal High-Value,5,High,1.15895035905308,2.1906126273679924
13430,3,Steady Mid-Value,4,Low,-1.3327556953143829,-0.896975125265212
13431,0,At-Risk / Lapsing (A),3,Low,-1.4132703987162678,0.2243184456261336
13432,2,Steady Mid-Value (A),2,High,1.5898640031038824,-0.5355745160032044
13433,2,Steady Mid-Value (A),2,Medium,1.5646055650747077,-1.0633620626700468
13434,4,Seasonal Gift Shopper,6,Low,-4.002806121093673,-0.09145278612362531
13435,1,Loyal High-Value,5,High,2.313101778888888,1.325615246928221
13436,2,Steady Mid-Value (A),0,High,1.0415065906060372,0.40702436850430307
13437,4,Seasonal Gift Shopper,4,Low,-1.731618277762561,0.4912585780427403
13438,3,Steady Mid-Value,2,Medium,0.3794641538641496,-0.6289266697848974
13439,3,Steady Mid-Value,1,Low,-0.8463956254104993,0.5980319209970977
13440,3,Steady Mid-Value,4,Medium,0.05246112357805501,0.09663076101513747
13441,3,Steady Mid-Value,1,Medium,-0.025266641075302358,-0.07636329949289931
13442,2,Steady Mid-Value (A),4,High,1.6781995706676804,-1.1658924986319148
13443,3,Steady Mid-Value,0,Medium,0.2609357332897135,-0.449449160400138
13444,0,At-Risk / Lapsing (A),4,Medium,0.4859095577664075,-0.3193993259714994
13445,0,At-Risk / Lapsing (A),4,Medium,-0.8262959411156983,0.09635672444648238
13446,3,Steady Mid-Value,4,Medium,-0.458597494694223,0.749811069053044
13447,3,Steady Mid-Value,1,Medium,-0.5332940900156183,0.022204834093010637
13448,3,Steady Mid-Value,1,Low,-0.8017170548857847,-0.3870079833606759
13449,4,Seasonal Gift Shopper,4,Low,-1.5701002383141351,-0.5187336530106333
13450,5,At-Risk / Lapsing,1,Low,-1.3090672933811143,-0.05627326746898739
13451,3,Steady Mid-Value,1,High,0.3159827503096172,0.7240392690303815
13452,2,Steady Mid-Value (A),2,High,1.647822433041997,-0.7704305907964103
13453,3,Steady Mid-Value,2,High,0.8977479943587436,0.44427745037532856
13454,0,At-Risk / Lapsing (A),4,Medium,0.2615346137536555,-0.967707465165212
13455,0,At-Risk / Lapsing (A),4,Medium,-0.23252141626897144,-0.05475696619430991
13456,4,Seasonal Gift Shopper,4,Low,-1.3761534725563451,-0.13584225551304735
13457,0,At-Risk / Lapsing (A),3,Low,-2.166849259827627,1.5150152725705222
13458,3,Steady Mid-Value,3,Medium,0.2334464458139949,1.4342426320455497
13459,1,Loyal High-Value,1,High,0.7449351945354741,1.6042011338655378
13460,5,At-Risk / Lapsing,3,Medium,-1.0968418006515817,0.4800579988858129
13461,3,Steady Mid-Value,1,Medium,-0.26474994270932983,0.05380107804584979
13462,5,At-Risk / Lapsing,3,Low,-0.9927537310330098,-0.5583954531136145
13463,2,Steady Mid-Value (A),2,Medium,1.2618224455061293,-1.5267282030134033
13464,3,Steady Mid-Value,4,Low,-0.237530344121351,-0.8899502052732321
13465,3,Steady Mid-Value,1,High,1.073859887043805,0.9686480875865965
13466,3,Steady Mid-Value,2,Medium,0.5496900265315074,-0.1508524729151014
13467,0,At-Risk / Lapsing (A),0,Medium,0.4409449873146271,-0.6960693488292419
13468,3,Steady Mid-Value,4,Medium,-0.31234675473696577,1.1716239445890893
13469,2,Steady Mid-Value (A),0,High,2.941542527732595,-0.22097463422558739
13470,2,Steady Mid-Value (A),2,Medium,0.9916678270261368,-0.41167772703377464
13471,2,Steady Mid-Value (A),2,High,1.0263721450891323,-0.045524007615563494
13472,2,Steady Mid-Value (A),2,Medium,1.6011562764399978,-1.149557632175108
13473,2,Steady Mid-Value (A),4,High,2.7624285516101703,-1.9245712889808833
13474,4,Seasonal Gift Shopper,4,Low,-1.954703746057886,-1.763044414457358
13475,3,Steady Mid-Value,1,Low,-1.0610607790659776,-0.9442166328500703
13476,1,Loyal High-Value,4,High,1.0246509945349769,2.026334981657753
13477,4,Seasonal Gift Shopper,4,Low,-1.9351823211195658,-0.36737269567454284
13478,3,Steady Mid-Value,4,Medium,-0.6160742677951179,1.2256405048175871
13479,2,Steady Mid-Value (A),2,Medium,1.498700853778045,-1.3336125208363332
13480,5,At-Risk / Lapsing,0,Low,0.6534929625435144,-1.6926457504927688
13481,3,Steady Mid-Value,2,Medium,0.4640790802323341,-0.1193205863566431
13482,3,Steady Mid-Value,4,High,-0.07237232369256985,1.8088042436761929
13483,3,Steady Mid-Value,4,Low,-1.4514239366519768,-1.4660586540921066
13484,4,Seasonal Gift Shopper,4,Low,-1.6768993283142866,0.289552936110726
13485,3,Steady Mid-Value,4,Low,-1.0182799093247212,-0.8969710835700452
13486,3,Steady Mid-Value,4,Medium,0.41030257527354913,-0.005121571638848896
13487,4,Seasonal Gift Shopper,6,Low,-2.266887545342998,1.0199730327023344
13488,1,Loyal High-Value,4,High,0.4184846327076231,2.6596840256221084
13489,4,Seasonal Gift Shopper,6,Medium,-1.802444376916342,3.221538039177842
13490,2,Steady Mid-Value (A),2,Medium,1.3575393631532655,-0.9211418679876116
13491,3,Steady Mid-Value,1,Medium,-0.5052691965461656,0.05126508075654439
13492,4,Seasonal Gift Shopper,4,Low,-1.9911382586942201,-1.3329391741198955
13493,3,Steady Mid-Value,4,Medium,0.29635248853571633,-0.2005010506138199
13494,3,Steady Mid-Value,4,High,0.852697058877109,-0.5525248236515956
13495,3,Steady Mid-Value,1,Low,-1.4017729609640261,-1.3797159924235538
13496,3,Steady Mid-Value,4,Medium,0.07942549357760485,0.20384795944378928
13497,2,Steady Mid-Value (A),4,Medium,0.8959074673017479,-0.612568534386088
13498,3,Steady Mid-Value,2,High,1.118318913647576,0.32343479153799215
13499,0,At-Risk / Lapsing (A),4,Low,-1.0287287913261822,-2.033659869621283
13500,1,Loyal High-Value,5,High,2.648691508752385,1.523994244983554
13501,0,At-Risk / Lapsing (A),0,Medium,-0.08215408106326229,-0.7244195361866416
13502,2,Steady Mid-Value (A),0,High,2.142719391944626,-1.4381843563515035
13503,3,Steady Mid-Value,4,Low,-0.09413076347472026,-0.9978581517965757
13504,4,Seasonal Gift Shopper,4,Low,-2.7479152823562027,-1.698708562026676
13505,1,Loyal High-Value,5,High,4.259299752910935,0.9537575847092551
13506,4,Seasonal Gift Shopper,6,Low,-3.769151644947965,-0.07373352276968306
13507,0,At-Risk / Lapsing (A),0,Low,-0.3061419636004204,-0.8093781160184466
13508,3,Steady Mid-Value,4,Low,-0.9835077107767566,-2.174764000903817
13509,2,Steady Mid-Value (A),0,High,2.6362912377443934,-0.9872783450092631
13510,5,At-Risk / Lapsing,3,Low,-1.1830601355967538,-0.32017814644351095
13511,2,Steady Mid-Value (A),2,Medium,0.975841595323762,-1.0441747395891348
13512,3,Steady Mid-Value,1,Medium,-0.25060400397699256,0.020886550317185715
13513,2,Steady Mid-Value (A),4,Medium,0.5426134213839043,-1.218044799779678
13514,2,Steady Mid-Value (A),2,High,3.036703301104118,-1.2765826886629699
13515,0,At-Risk / Lapsing (A),6,Low,-2.3058458566282556,-0.2809945657973013
13516,2,Steady Mid-Value (A),4,Low,0.25153372653002937,-1.6142282987605678
13517,4,Seasonal Gift Shopper,4,Low,-1.982960465932253,-0.21936450831399903
13518,0,At-Risk / Lapsing (A),1,Low,-0.027955546642810487,-0.40328897428738475
13519,4,Seasonal Gift Shopper,3,Medium,-1.404659797422858,1.3980976816351156
13520,2,Steady Mid-Value (A),4,Medium,0.6149412663556337,-1.1448852496227448
13521,1,Loyal High-Value,5,High,2.0938404950118708,1.5429492418040807
13522,5,At-Risk / Lapsing,0,Medium,0.2611297885596744,0.3363532115366243
13523,3,Steady Mid-Value,2,Medium,0.46113970124073805,-0.3347917205879921
13524,4,Seasonal Gift Shopper,4,Low,-1.8418034127100282,-0.6306561354545012
13525,0,At-Risk / Lapsing (A),4,Low,-1.1065904303600103,-0.6437899327285399
13526,3,Steady Mid-Value,2,Medium,0.8428416140818069,0.06842948403273501
13527,0,At-Risk / Lapsing (A),4,Low,-1.689657077238152,-0.3817777798883923
13528,2,Steady Mid-Value (A),4,High,1.5725220049225408,0.16181095337070653
13529,3,Steady Mid-Value,1,Low,-1.5671795828870212,0.1969228080810629
13530,3,Steady Mid-Value,4,Low,0.10430264091748052,-0.6458906772220763
13531,5,At-Risk / Lapsing,1,Low,-0.8735209099119158,-0.8835843619625852
13532,3,Steady Mid-Value,0,Medium,0.22751880131822316,0.4617898459365312
13533,2,Steady Mid-Value (A),0,High,2.9615493981394647,-1.1219385387067615
13534,3,Steady Mid-Value,2,High,0.6825724214052378,0.63094379083603
13535,3,Steady Mid-Value,4,Low,-0.4259884196571661,-0.47874764211302945
13536,2,Steady Mid-Value (A),0,Medium,0.5929788411043012,-0.7563146470938574
13537,4,Seasonal Gift Shopper,4,Low,-2.0275379774381586,-0.7326700870377267
13538,2,Steady Mid-Value (A),4,High,1.2371792200128424,-0.29070854962350967
13539,0,At-Risk / Lapsing (A),0,Medium,0.29680450555816706,0.21856966033924116
13540,3,Steady Mid-Value,0,High,0.4482673912159217,0.44022558509508813
13541,2,Steady Mid-Value (A),2,High,1.3783184659042693,0.10268223530401584
13542,3,Steady Mid-Value,4,Medium,0.6954791732055168,-0.3529153076786323
13543,2,Steady Mid-Value (A),2,High,1.0730682088768737,0.009303354098981734
13544,3,Steady Mid-Value,4,Medium,0.19198242057607126,0.06361414858880841
13545,3,Steady Mid-Value,1,Medium,0.9122923170616163,-0.060331028968799945
13546,3,Steady Mid-Value,0,High,1.0979310577755852,0.7289634956361332
13547,3,Steady Mid-Value,4,Medium,-0.4265203290464626,-0.24292480332264885
13548,3,Steady Mid-Value,4,Low,0.10107136574038841,-1.3866798602728476
13549,2,Steady Mid-Value (A),0,High,1.5094205609852593,-0.49471841677992395
13550,2,Steady Mid-Value (A),2,High,2.0001256722091694,-1.171672210804309
13551,3,Steady Mid-Value,4,High,0.9819713625851842,0.6903566588280693
13552,3,Steady Mid-Value,2,Medium,0.09850168063307213,-0.27515977988239604
13553,4,Seasonal Gift Shopper,4,Low,-1.9738216992237392,-1.4981921621325665
13554,4,Seasonal Gift Shopper,6,Low,-4.87895377085776,-1.6504146700511788
13555,2,Steady Mid-Value (A),0,High,2.41826327870221,-0.8252225702674092
13556,2,Steady Mid-Value (A),2,High,2.9837795038789143,-1.15402551682588
13557,4,Seasonal Gift Shopper,4,Low,-1.928163998722384,-1.558052084022861
13558,3,Steady Mid-Value,1,Medium,-0.16883240858811738,0.5158449992802367
13559,3,Steady Mid-Value,1,Medium,0.1467711100580503,-0.3012523452789709
13560,5,At-Risk / Lapsing,0,Low,-1.04549171723581,0.6010039328742143
13561,5,At-Risk / Lapsing,0,Low,-0.4053118211305986,0.1780883839514731
13562,2,Steady Mid-Value (A),0,High,2.423145565878902,-0.8378284005634192
13563,2,Steady Mid-Value (A),4,High,1.1748095073699458,-0.2728346931612845
13564,1,Loyal High-Value,4,High,0.40135680676407637,2.5399763704160736
13565,5,At-Risk / Lapsing,3,Medium,-0.7527508105469737,0.9367614265664636
13566,5,At-Risk / Lapsing,3,Low,-2.3927436712154067,-1.1764488410471268
13567,3,Steady Mid-Value,4,Medium,0.6551223889944018,-0.37931684059636533
13568,3,Steady Mid-Value,2,High,1.2178424652554525,0.4252534403407933
13569,3,Steady Mid-Value,1,Medium,0.36691442471665053,-0.4725155040719472
13570,2,Steady Mid-Value (A),4,Medium,0.5345819847133522,-0.841026285058733
13571,3,Steady Mid-Value,4,Low,-1.3251732385370198,1.0638839546715062
13572,1,Loyal High-Value,4,High,0.26514772073073684,3.1858407526633035
13573,3,Steady Mid-Value,4,Medium,0.03799444517133577,0.026103084581703392
13574,2,Steady Mid-Value (A),2,High,1.895582039228028,-0.34220229112880823
13575,4,Seasonal Gift Shopper,6,Low,-2.4430108241625415,0.20838890061661983
13576,3,Steady Mid-Value,4,Medium,-0.09002443662848365,0.35965001181382344
13577,3,Steady Mid-Value,4,Medium,0.19453884881322395,0.5309479695049316
13578,4,Seasonal Gift Shopper,3,Low,-1.5574694748866889,0.6800843383305486
13579,3,Steady Mid-Value,1,Low,-1.3430719776294218,0.1401475131378854
13580,4,Seasonal Gift Shopper,1,Low,-1.9964611338827796,-0.5599748825881316
13581,3,Steady Mid-Value,1,Low,-0.8086259189226729,0.22433719337373417
13582,1,Loyal High-Value,5,High,2.7246762030600093,1.621186602963262
13583,4,Seasonal Gift Shopper,6,Low,-3.529681381460118,-0.4361662421479211
13584,2,Steady Mid-Value (A),2,High,1.9061286147972094,-1.0954797033013135
13585,1,Loyal High-Value,3,High,0.5792041985845877,3.958371361052642
13586,2,Steady Mid-Value (A),2,High,1.8974839339986056,-0.5614439694449267
13587,4,Seasonal Gift Shopper,6,Low,-4.333620111355672,-0.7626206879574045
13588,2,Steady Mid-Value (A),0,High,1.5826989879263675,-1.08297509428391
13589,4,Seasonal Gift Shopper,6,Low,-2.8497938369711453,-0.24610839812368018
13590,4,Seasonal Gift Shopper,6,Low,-2.606130760995005,1.2827461753601983
13591,2,Steady Mid-Value (A),0,High,2.662891014683992,-1.505104183581065
13592,1,Loyal High-Value,4,High,1.6597513425228394,1.9187611338020871
13593,3,Steady Mid-Value,4,Low,-0.8380608272048019,-0.08824051041959782
13594,5,At-Risk / Lapsing,3,Low,-0.49584706257848327,-0.28436175026543303
13595,2,Steady Mid-Value (A),2,High,1.068245222657541,-0.039353573312074716
13596,2,Steady Mid-Value (A),2,High,2.292050858223524,-1.2470583898543588
13597,5,At-Risk / Lapsing,1,Low,-1.3842279600645806,0.46701492943523376
13598,0,At-Risk / Lapsing (A),4,Low,-1.16336568418967,-1.3104909267493918
13599,0,At-Risk / Lapsing (A),4,Low,-1.6878099620273082,0.057393623242074095
13600,5,At-Risk / Lapsing,3,Low,-3.8539476848122987,0.7698432264540082
13601,4,Seasonal Gift Shopper,6,Low,-2.0927929694285923,-0.40604836846830544
13602,2,Steady Mid-Value (A),0,High,0.7347654154639951,0.07199027831472574
13603,2,Steady Mid-Value (A),0,High,1.0609934674261188,-0.24864221025920147
13604,2,Steady Mid-Value (A),0,Medium,1.0326884735892599,-0.5153936800934139
13605,1,Loyal High-Value,5,High,1.424092294894145,2.368794896975056
13606,3,Steady Mid-Value,2,High,0.9922716125635829,0.3362101121435072
13607,5,At-Risk / Lapsing,0,Medium,0.23184167278438783,-0.6513360605572657
13608,1,Loyal High-Value,5,High,3.965693539043737,0.976986259204438
13609,2,Steady Mid-Value (A),4,Medium,0.850438631529696,-0.6533818705168684
13610,3,Steady Mid-Value,4,Medium,-0.49438565091447373,0.2722681677844419
13611,2,Steady Mid-Value (A),0,High,1.3516067315481937,0.13922472764272903
13612,3,Steady Mid-Value,1,Medium,0.283369268945148,-0.5212710237559208
13613,3,Steady Mid-Value,1,Low,-0.2760410124511471,-0.8886037018411646
13614,3,Steady Mid-Value,1,Low,-0.6351080081653799,-0.6170074367522779
13615,2,Steady Mid-Value (A),2,High,1.8718677698284154,-0.13359950020026282
13616,1,Loyal High-Value,4,High,-0.029660207627061116,2.92383900062691
13617,4,Seasonal Gift Shopper,4,Low,-2.492628434411354,-2.1841703854278176
13618,3,Steady Mid-Value,1,Low,-0.5905247403815448,-0.6731272776516009
13619,3,Steady Mid-Value,4,Medium,-0.561237062670588,-0.15525787200627128
13620,3,Steady Mid-Value,1,Medium,-0.8785721140207553,1.0890161734908488
13621,3,Steady Mid-Value,0,Medium,0.11720794774979323,0.4644872484928229
13622,3,Steady Mid-Value,2,Medium,0.3947959408972278,-0.003989953310164186
13623,2,Steady Mid-Value (A),2,High,3.5132791209442513,-1.348490421803774
13624,0,At-Risk / Lapsing (A),4,Low,-2.4156503539245433,-1.5989018610244472
13625,2,Steady Mid-Value (A),0,High,1.411109913712972,-0.058879062384827124
13626,5,At-Risk / Lapsing,3,Medium,-0.9691722865354686,1.8010471648029758
13627,3,Steady Mid-Value,4,Medium,0.24754530111216425,-0.6391600898332919
13628,0,At-Risk / Lapsing (A),4,Low,-0.6400874818709333,-1.3275076654373203
13629,2,Steady Mid-Value (A),2,Medium,1.0261661323464442,-0.6998453187564715
13630,0,At-Risk / Lapsing (A),4,Low,-0.6644963915814508,-1.0650920138509898
13631,1,Loyal High-Value,3,High,-0.22034170282737042,2.8323468322717216
13632,5,At-Risk / Lapsing,3,Medium,-0.26783011417650465,3.096830993615524
13633,4,Seasonal Gift Shopper,6,Low,-3.614186948846143,-0.8282240021727629
13634,3,Steady Mid-Value,4,Medium,-0.454475512742039,0.5791727251598678
13635,2,Steady Mid-Value (A),2,High,2.439670899148264,-1.0051915135047338
13636,3,Steady Mid-Value,4,Medium,-0.012059912773521095,-0.36486941277950846
13637,3,Steady Mid-Value,4,Medium,0.45384643487010506,-0.44443885284918216
13638,4,Seasonal Gift Shopper,6,Low,-2.991686083021408,-0.8611091676037571
13639,4,Seasonal Gift Shopper,6,Low,-2.9119331213497053,1.5910628931335502
13640,3,Steady Mid-Value,4,Low,-0.7907932053318091,0.34055456208813834
13641,2,Steady Mid-Value (A),2,High,2.74403386682481,-1.161703595860424
13642,4,Seasonal Gift Shopper,6,Low,-2.3441841302149915,1.9387222314467025
13643,3,Steady Mid-Value,4,Low,-1.1601545069510257,-0.3360458883830776
13644,4,Seasonal Gift Shopper,6,Low,-1.9137515733071069,0.36542693949607474
13645,3,Steady Mid-Value,4,Low,-0.9980449861560364,-0.2797203490897255
13646,2,Steady Mid-Value (A),4,Medium,1.0857806568280293,-0.7722856726466308
13647,2,Steady Mid-Value (A),4,High,1.564008279947199,-0.3690425249895229
13648,3,Steady Mid-Value,1,Medium,-1.2672652563959692,0.27853515890965636
13649,3,Steady Mid-Value,2,Medium,0.625728027919048,-0.23885387325934673
13650,0,At-Risk / Lapsing (A),1,Low,-0.8089725005855525,0.7106714090287654
13651,1,Loyal High-Value,1,High,0.05261775203606046,1.9983121246968412
13652,2,Steady Mid-Value (A),0,High,1.393792080031394,-0.4554946679452004
13653,4,Seasonal Gift Shopper,6,Low,-5.101885810976639,-3.04703252582374
13654,2,Steady Mid-Value (A),2,High,1.85584949422414,-0.15581848127865713
13655,3,Steady Mid-Value,1,Medium,0.058129599872518006,-0.16786701222349454
13656,4,Seasonal Gift Shopper,6,Medium,-1.8617861261574287,2.7254881118363197
13657,1,Loyal High-Value,5,High,1.7724177475530731,1.7427707143138378
13658,3,Steady Mid-Value,4,Medium,0.060747486140942185,-0.6309222340889552
13659,3,Steady Mid-Value,2,Medium,0.5119224599113037,0.03100256544495023
13660,2,Steady Mid-Value (A),0,High,1.2109385291393568,-0.4578605434516449
13661,3,Steady Mid-Value,2,High,0.4429371845689639,0.4643966509999259
13662,5,At-Risk / Lapsing,0,Medium,0.2608256313229863,-0.18918980555546444
13663,2,Steady Mid-Value (A),2,High,3.0167377731238556,-1.1261889806468868
13664,4,Seasonal Gift Shopper,4,Low,-2.028095123924692,-1.2722712438228418
13665,2,Steady Mid-Value (A),2,High,2.5305317690787685,-0.641070539183565
13666,3,Steady Mid-Value,4,Medium,-0.11407866444238639,-0.5700425364765896
13667,3,Steady Mid-Value,1,Low,-0.9569026636389665,0.23583799472547648
13668,2,Steady Mid-Value (A),2,High,1.9697095846386854,-0.9445797209083042
13669,3,Steady Mid-Value,4,Low,-0.2216281237117381,-1.192195929214513
13670,2,Steady Mid-Value (A),2,High,1.6179196940799094,-0.7963593807971275
13671,4,Seasonal Gift Shopper,6,Low,-2.6591395597910026,0.9509652988425217
13672,3,Steady Mid-Value,4,Medium,-0.39900542667818617,0.14360822694619688
13673,3,Steady Mid-Value,0,Medium,0.37803644649057466,-0.09963638289557163
13674,2,Steady Mid-Value (A),2,High,4.652651127361588,-1.5107657058677033
13675,3,Steady Mid-Value,2,Medium,0.380554233775676,-0.1823431294570686
13676,3,Steady Mid-Value,1,Medium,0.4502643239932676,0.05677023848424227
13677,1,Loyal High-Value,4,High,0.16712970520982814,3.2177491956002817
13678,2,Steady Mid-Value (A),0,High,1.6058007531625458,-0.8435432702232069
13679,5,At-Risk / Lapsing,3,Low,-0.48365303592806475,0.4953537045318146
13680,2,Steady Mid-Value (A),0,High,3.121079327586381,-0.6687340219115665
13681,2,Steady Mid-Value (A),2,High,1.144243152428438,0.0024863970829563944
13682,2,Steady Mid-Value (A),4,Medium,0.7924350891887942,-1.065534372860191
13683,2,Steady Mid-Value (A),0,High,0.9607935869108123,-0.24051894393648096
13684,5,At-Risk / Lapsing,0,High,0.4045051416349118,0.9069888950460196
13685,3,Steady Mid-Value,4,Medium,0.16043224723427998,0.06634058805454
13686,3,Steady Mid-Value,4,Medium,0.07016752025154155,-0.3764456864989593
13687,3,Steady Mid-Value,4,Low,-0.657003202088383,-0.19345157749732303
13688,3,Steady Mid-Value,1,Low,-1.3937543385423938,-0.5170768598178159
13689,1,Loyal High-Value,5,High,1.8140098963173426,2.130765381853793
13690,2,Steady Mid-Value (A),1,Medium,0.3802335926823032,-1.0516266085174175
13691,2,Steady Mid-Value (A),0,High,2.182320053049067,-1.1631665388570893
13692,0,At-Risk / Lapsing (A),4,Medium,-0.36632272305326224,0.864725537181226
13693,5,At-Risk / Lapsing,3,Medium,-1.437381340004629,3.440638783619071
13694,4,Seasonal Gift Shopper,6,Low,-4.057178754431813,-0.7693910995914861
13695,3,Steady Mid-Value,0,Medium,0.3297904090775642,0.2750702228719181
13696,4,Seasonal Gift Shopper,4,Low,-2.660686825351949,-2.7763559069475217
13697,1,Loyal High-Value,5,High,1.0535504186957034,1.9535387091847203
13698,2,Steady Mid-Value (A),2,Medium,1.642940215215733,-0.5884278348944667
13699,4,Seasonal Gift Shopper,6,Low,-4.094252070748312,-0.9671575172817083
13700,2,Steady Mid-Value (A),0,Medium,0.2366615293842874,-1.3132455985641243
13701,2,Steady Mid-Value (A),2,High,1.5240807943729255,-0.05395225709310729
13702,3,Steady Mid-Value,2,Medium,0.0348083118791738,0.16102732925070315
13703,0,At-Risk / Lapsing (A),4,Low,0.8424084045718164,-2.472289036976951
13704,3,Steady Mid-Value,4,Low,-0.622477542919438,-0.034956236194717376
13705,2,Steady Mid-Value (A),2,Medium,1.2841799392808366,-0.7897635989881404
13706,3,Steady Mid-Value,4,Medium,0.3468540243024875,-0.3637691637997037
13707,2,Steady Mid-Value (A),2,High,1.1241970465625304,-0.06809266420889953
13708,3,Steady Mid-Value,2,Medium,0.5997704723163454,0.07948406084152211
13709,0,At-Risk / Lapsing (A),6,Low,-3.5567035862729277,-1.7518578538334022
13710,3,Steady Mid-Value,1,Low,-1.5600851605561743,0.9809907395865023
13711,4,Seasonal Gift Shopper,4,Low,-2.03413151794103,-1.6076960122887032
13712,2,Steady Mid-Value (A),0,High,3.5953449387398493,-0.5786377953361762
13713,4,Seasonal Gift Shopper,4,Low,-2.9717954665538775,-3.1948851867688184
13714,5,At-Risk / Lapsing,3,Low,-1.7613316893981028,-0.37611071601675733
13715,0,At-Risk / Lapsing (A),1,Medium,-0.5140414480073096,0.013747467555786728
13716,5,At-Risk / Lapsing,3,Low,-0.778269159605961,0.4279180135155195
13717,1,Loyal High-Value,5,High,2.698788654406722,1.4126989396339815
13718,3,Steady Mid-Value,4,Medium,-1.2253968596103226,1.178674077049226
13719,3,Steady Mid-Value,0,High,1.1526906439710651,0.41479375319115974
13720,0,At-Risk / Lapsing (A),1,Low,-1.4441836277441886,-0.06292357351310862
13721,3,Steady Mid-Value,4,Medium,0.7366314925161482,0.039778102454902584
13722,4,Seasonal Gift Shopper,6,Low,-3.3755975951370596,-0.2349286022937423
13723,2,Steady Mid-Value (A),2,Medium,1.8354987462409478,-1.1610831602496823
13724,3,Steady Mid-Value,4,High,0.404988982450522,0.3130352729448633
13725,0,At-Risk / Lapsing (A),6,Low,-3.4107457327491564,-0.41077695113146606
13726,3,Steady Mid-Value,4,Low,-0.7125262812791929,-0.6547479518894633
13727,3,Steady Mid-Value,1,Medium,-0.5573408817217014,0.7934451882245495
13728,5,At-Risk / Lapsing,3,Medium,-1.0659221128868963,0.826841703115746
13729,4,Seasonal Gift Shopper,6,Low,-2.7701822711465187,-0.20297153104375992
13730,5,At-Risk / Lapsing,3,Low,-4.777174993194102,-1.2422006107965753
13731,2,Steady Mid-Value (A),2,High,1.1587629682345428,-0.10846848322202123
13732,3,Steady Mid-Value,4,Medium,-0.23403861435552642,-0.2842043972499866
13733,0,At-Risk / Lapsing (A),0,Medium,0.14400458712178316,-0.8705077031589663
13734,3,Steady Mid-Value,4,Low,-1.457483088714884,0.27844093861836455
13735,4,Seasonal Gift Shopper,6,Medium,-1.7328712167092053,3.7189565303168917
13736,0,At-Risk / Lapsing (A),4,Low,-1.6230828385912435,0.20847980135871286
13737,0,At-Risk / Lapsing (A),4,Low,-0.9598915404851243,-0.8805836542389156
13738,0,At-Risk / Lapsing (A),1,Low,-0.9850297701299879,-0.7052030790791339
13739,2,Steady Mid-Value (A),2,High,1.4027225172364934,-0.4845602784568325
13740,3,Steady Mid-Value,4,Medium,-0.29719332100792156,0.2737744160417984
13741,5,At-Risk / Lapsing,1,Low,-1.4138772931935655,0.783388023041276
13742,4,Seasonal Gift Shopper,4,Low,-1.8052060788532123,0.018228904879361758
13743,3,Steady Mid-Value,2,High,0.8918053643786068,-0.08776068080285969
13744,2,Steady Mid-Value (A),2,High,2.3743116912285345,-1.2644449198475554
13745,3,Steady Mid-Value,0,Medium,0.45282371068141275,0.5104982127799972
13746,2,Steady Mid-Value (A),2,High,2.5202848448952664,-1.1571309479303578
13747,3,Steady Mid-Value,2,Medium,0.4170339979220982,0.0174936809177251
13748,1,Loyal High-Value,4,High,2.6200622516322722,1.7341783723841098
13749,2,Steady Mid-Value (A),2,High,1.7977579687179661,-1.0310473959789637
13750,1,Loyal High-Value,5,High,2.0857393800017845,1.4141955423151993
13751,2,Steady Mid-Value (A),0,High,2.379570430298557,-0.9090869396571549
13752,2,Steady Mid-Value (A),0,High,2.237602801103583,-1.0993280950476587
13753,4,Seasonal Gift Shopper,6,Medium,-1.8990449212588678,1.5437781751383963
13754,2,Steady Mid-Value (A),0,High,1.7382429229541185,-0.8663888374566189
13755,3,Steady Mid-Value,2,Medium,0.7355526824264175,0.025773727028303457
13756,0,At-Risk / Lapsing (A),4,Medium,0.010862932153478284,-0.19573913044665514
13757,4,Seasonal Gift Shopper,6,Low,-3.92303006945178,-0.21449621026099025
13758,3,Steady Mid-Value,4,High,0.9892124757420362,0.03464521459559787
13759,2,Steady Mid-Value (A),2,High,1.195242552132857,0.04597899501332623
13760,4,Seasonal Gift Shopper,6,Low,-2.3792189027278647,2.223498473132977
13761,3,Steady Mid-Value,1,Low,-1.1568371049171333,0.09910455028206282
13762,0,At-Risk / Lapsing (A),3,Low,-1.9370709548935032,-1.567126732022983
13763,3,Steady Mid-Value,4,Medium,0.5590145146411145,-0.29573914106953847
13764,3,Steady Mid-Value,1,Low,0.10837170539926624,-1.3653145086065506
13765,3,Steady Mid-Value,1,Medium,-0.626510061493295,0.8043218099386215
13766,3,Steady Mid-Value,4,Low,-0.4898500918103,-0.23384631024150096
13767,3,Steady Mid-Value,1,Medium,0.33866236713558023,-0.6743339481223133
13768,4,Seasonal Gift Shopper,4,Low,-1.4920190332555412,0.31557751457279565
13769,3,Steady Mid-Value,4,Low,-0.65145529063179,-0.4541049534908183
13770,3,Steady Mid-Value,1,Medium,0.23732131005926824,-0.42827325739099625
13771,2,Steady Mid-Value (A),2,High,3.1491618800141867,-0.9340481707762672
13772,4,Seasonal Gift Shopper,4,Low,-1.7903675834102621,0.09785398781213193
13773,3,Steady Mid-Value,1,Low,-0.41456437428409243,-0.6745938198295752
13774,1,Loyal High-Value,5,High,4.099138710623882,1.4771712240008867
13775,4,Seasonal Gift Shopper,6,Low,-2.5600605760887625,-0.049949728192608456
13776,0,At-Risk / Lapsing (A),0,Medium,-0.16552584638380055,0.49835470909141166
13777,2,Steady Mid-Value (A),2,High,2.4876207737783584,-1.3703961902325914
13778,1,Loyal High-Value,5,High,2.013077401570937,1.590756672351721
13779,2,Steady Mid-Value (A),2,High,1.9726493595955032,-0.7379809567360156
13780,0,At-Risk / Lapsing (A),5,High,0.8384316206304256,1.0721469962436492
13781,4,Seasonal Gift Shopper,4,Low,-1.7229257668538631,0.3221915471807736
13782,2,Steady Mid-Value (A),0,High,1.650485139532878,-0.6762850958046793
13783,3,Steady Mid-Value,1,Medium,0.5605519826900497,-1.1670452447981154
13784,3,Steady Mid-Value,0,High,0.10819987094177215,0.6937938779119223
13785,3,Steady Mid-Value,1,Medium,0.11048784904852142,0.8899447013840885
13786,2,Steady Mid-Value (A),4,High,2.30819688211339,-1.3736697444476595
13787,2,Steady Mid-Value (A),2,High,2.681209949024163,-0.0978411194772642
13788,4,Seasonal Gift Shopper,4,Low,-2.5592076256933516,-1.5913761388395946
13789,2,Steady Mid-Value (A),0,High,1.8424052466785277,-0.7616232425819909
13790,2,Steady Mid-Value (A),2,High,2.071924790341353,-1.0020865136967516
13791,1,Loyal High-Value,5,High,3.135450199785771,2.6215128160400494
13792,2,Steady Mid-Value (A),0,High,1.0865200074123396,-0.10083456672948883
13793,3,Steady Mid-Value,1,Low,-1.2189199885557784,-0.47974432713991
13794,3,Steady Mid-Value,4,Low,-0.4382193924981714,-0.3345570666894534
13795,3,Steady Mid-Value,4,Low,-0.6911908463294426,-0.2049068027267036
13796,2,Steady Mid-Value (A),4,Medium,0.8473980681438578,0.08394959910342972
13797,3,Steady Mid-Value,1,Low,-0.33442142970401545,-0.7880023656907956
13798,4,Seasonal Gift Shopper,6,Low,-2.292623107343837,0.942889861134838
13799,3,Steady Mid-Value,4,Low,-0.6337809428072886,0.12324847551663612
13800,4,Seasonal Gift Shopper,6,Low,-3.905024376904674,-0.10271504896312716
13801,5,At-Risk / Lapsing,3,Low,-1.487985302059923,0.3890465461061463
13802,2,Steady Mid-Value (A),4,High,1.122270746040239,0.13136475635254324
13803,4,Seasonal Gift Shopper,6,Low,-3.6190173742624454,0.2821424228238346
13804,4,Seasonal Gift Shopper,6,Low,-3.6657927898129654,-0.13001173065317712
13805,4,Seasonal Gift Shopper,4,Low,-1.873788915550357,0.2205018939106833
13806,3,Steady Mid-Value,1,High,0.48834648032868605,0.7564060823186703
13807,3,Steady Mid-Value,4,Medium,0.011175313020606143,-0.3744515842865388
13808,2,Steady Mid-Value (A),4,High,1.247155255650532,-0.5792101676926996
13809,1,Loyal High-Value,5,High,4.74074024522299,1.1733801384774356
13810,2,Steady Mid-Value (A),2,High,2.5323828659686285,-0.4589808310939922
13811,3,Steady Mid-Value,4,Low,-0.34000546935973264,0.05895156085642819
13812,3,Steady Mid-Value,4,Low,-0.9571831338893365,0.09550993280433374
13813,5,At-Risk / Lapsing,3,Low,-2.12833099755339,0.1385964961558196
13814,3,Steady Mid-Value,1,Medium,0.015442124033687723,-0.43667675302476866
13815,4,Seasonal Gift Shopper,4,Low,-2.888428622267576,-2.4840851709049914
13816,3,Steady Mid-Value,4,Medium,-0.14559928989203513,1.223632071472718
13817,3,Steady Mid-Value,1,Low,-0.8412292351785586,-0.5981106469795309
13818,4,Seasonal Gift Shopper,4,Low,-1.6685561382025942,-0.1263905796851159
13819,0,At-Risk / Lapsing (A),6,Low,-1.79405671911999,1.9402145525852101
13820,4,Seasonal Gift Shopper,3,Medium,-1.930141203932308,2.7083287002731593
13821,2,Steady Mid-Value (A),2,High,1.784826648211153,-0.9045863209564103
13822,2,Steady Mid-Value (A),0,High,1.6294377631874777,-0.9366741672555117
13823,3,Steady Mid-Value,4,Medium,-0.3187342649858025,-0.27143272597158846
13824,3,Steady Mid-Value,0,High,1.0634961477979712,0.3775730732517117
13825,3,Steady Mid-Value,2,High,0.880098483977951,0.12478529799996957
13826,3,Steady Mid-Value,1,Medium,-0.25451994398378436,0.2377828760869282
13827,3,Steady Mid-Value,4,Medium,-0.36170676897001525,0.23669614838695663
13828,0,At-Risk / Lapsing (A),6,Medium,-1.3951891730674515,2.0030063753638405
13829,3,Steady Mid-Value,4,Medium,0.281052390298643,-0.15842483808209845
13830,3,Steady Mid-Value,1,Medium,-0.9086009683268959,1.3247618516496018
13831,2,Steady Mid-Value (A),2,High,1.2971197775398036,-3.414442986561282e-05
13832,3,Steady Mid-Value,2,High,0.7170367731593784,0.2349160803758328
13833,0,At-Risk / Lapsing (A),4,Medium,-0.2750831582327776,-0.3578257955612121
13834,2,Steady Mid-Value (A),4,High,1.3885273561268294,-0.29724634538446354
13835,2,Steady Mid-Value (A),4,Medium,0.579890466065598,-1.21359688894368
13836,0,At-Risk / Lapsing (A),1,Medium,-0.026886249026650752,-0.36851156454539513
13837,2,Steady Mid-Value (A),2,High,1.7753990994726296,0.19199911652241802
13838,5,At-Risk / Lapsing,0,Medium,0.6015021020220527,-0.45518645947275743
13839,3,Steady Mid-Value,4,Low,-0.9799750508114757,-0.03458459482530943
13840,2,Steady Mid-Value (A),2,Medium,0.8826814615243425,-0.7941927719285343
13841,3,Steady Mid-Value,1,Low,-0.7810199470929519,-0.14361451863027602
13842,0,At-Risk / Lapsing (A),4,Low,-1.3924310477627748,-0.6154037453971599
13843,2,Steady Mid-Value (A),2,High,1.1990561080706255,-0.16926260511944077
13844,5,At-Risk / Lapsing,0,High,0.3560453307280537,0.5686572855548861
13845,2,Steady Mid-Value (A),2,Medium,1.839898285928987,-1.2146551483331494
13846,3,Steady Mid-Value,4,High,1.16551746387001,-0.06761761131596285
13847,3,Steady Mid-Value,1,Low,-0.18146874561372658,-0.9828985467621538
13848,4,Seasonal Gift Shopper,6,Low,-2.8463264063755855,0.9529838843746665
13849,3,Steady Mid-Value,4,Low,-0.5871061723614494,-0.4093925267390491
13850,5,At-Risk / Lapsing,3,Low,-2.170495330296596,0.42867339978749075
13851,3,Steady Mid-Value,4,Low,-1.1253062828298719,0.928346334433872
13852,0,At-Risk / Lapsing (A),4,Low,-1.15994539512125,-1.9850664054092328
13853,1,Loyal High-Value,5,High,-0.08363684376391121,3.0571211160087612
13854,2,Steady Mid-Value (A),2,High,1.3105643928132793,0.4053687382452158
13855,3,Steady Mid-Value,4,Medium,0.2972955925189822,0.21578340460166257
13856,3,Steady Mid-Value,4,Medium,-0.4919723522734643,1.1565409773212232
13857,3,Steady Mid-Value,4,Medium,0.1664998694130277,0.17803323932967127
13858,0,At-Risk / Lapsing (A),6,Low,-3.0447023428179696,0.47906969120040843
13859,3,Steady Mid-Value,4,Medium,-0.27216235602718386,0.47400363587954875
13860,3,Steady Mid-Value,4,Low,-0.6669204798261409,-0.977145585402157
13861,2,Steady Mid-Value (A),2,High,2.2390172628799316,-1.0747385883238048
13862,1,Loyal High-Value,4,High,2.7528998514688197,1.7086036769558346
13863,2,Steady Mid-Value (A),2,High,1.6489277555798665,-0.6695105762145032
13864,0,At-Risk / Lapsing (A),4,Low,-1.3896175458612756,-1.3060119323066766
13865,3,Steady Mid-Value,4,Low,-1.3000286197600202,1.0018070236228682
13866,4,Seasonal Gift Shopper,4,Low,-2.294742836074029,-1.0115455297249545
13867,0,At-Risk / Lapsing (A),1,Medium,-0.8979317533166592,0.5145011792566022
13868,2,Steady Mid-Value (A),4,High,1.3597830717576822,-0.8120480314809735
13869,3,Steady Mid-Value,4,High,0.9519350840909135,0.003238901715691171
13870,3,Steady Mid-Value,4,Low,-1.507605454876377,-0.9026151756505524
13871,3,Steady Mid-Value,2,Medium,0.4282187972869538,0.12243228231906657
13872,2,Steady Mid-Value (A),2,High,4.132872766133272,-1.159902488129638
13873,2,Steady Mid-Value (A),2,High,2.524889878880157,-0.8602942372283565
13874,3,Steady Mid-Value,1,High,0.7909694543647516,0.6863671245078667
13875,3,Steady Mid-Value,1,Medium,-0.3671498110098916,-0.03765741912726759
13876,3,Steady Mid-Value,4,High,0.4456033041664619,0.1546483806152383
13877,3,Steady Mid-Value,1,Low,-1.089434850807763,0.5456837425669949
13878,3,Steady Mid-Value,1,Medium,-0.8146502347592058,0.6340681162941456
13879,5,At-Risk / Lapsing,3,Low,-4.713318554075623,-1.177073106033817
13880,2,Steady Mid-Value (A),2,Medium,0.6163170636942197,-0.6832763794055913
13881,4,Seasonal Gift Shopper,4,Low,-2.07194801344593,-1.1601531933059668
13882,2,Steady Mid-Value (A),0,Medium,0.760660188499234,-1.4053964776864316
13883,3,Steady Mid-Value,4,Medium,0.2424962620129627,0.09350319517356838
13884,2,Steady Mid-Value (A),2,Medium,1.0976035812907556,-1.1917550568377955
13885,2,Steady Mid-Value (A),0,High,1.4358227538937873,0.21433733657845375
13886,3,Steady Mid-Value,1,Medium,-0.6405786427534287,0.4142080411469375
13887,3,Steady Mid-Value,4,Low,-1.1177191681361582,-0.9104682345250676
13888,3,Steady Mid-Value,4,Medium,0.2271062221344142,-0.5263147913038668
13889,4,Seasonal Gift Shopper,3,Low,-2.0328152629803484,2.8018920362387836
13890,3,Steady Mid-Value,0,Medium,0.29655219066783156,-0.38155490787539625
13891,3,Steady Mid-Value,4,Low,-0.6485778654337319,-0.4333666125531335
13892,2,Steady Mid-Value (A),0,High,2.3957182026276445,-0.5795893939119358
13893,3,Steady Mid-Value,0,Medium,-0.18352173012944828,0.6791991485835441
13894,2,Steady Mid-Value (A),4,Medium,1.3905005220221736,-1.1084169414411507
13895,0,At-Risk / Lapsing (A),4,Low,-1.3489719066501775,0.7470619537055113
13896,3,Steady Mid-Value,4,High,0.8185299664906446,0.3182563456594124
13897,0,At-Risk / Lapsing (A),4,Low,-1.4951011932885376,-2.075074960461542
13898,0,At-Risk / Lapsing (A),6,Low,-4.331367655641838,-1.9130389940534709
13899,1,Loyal High-Value,5,High,3.2175222485675774,1.449337238579416
13900,3,Steady Mid-Value,1,High,0.4881336539324545,-0.19879516199033637
13901,2,Steady Mid-Value (A),2,High,1.7655429984194662,-0.5833471286920129
13902,3,Steady Mid-Value,1,Medium,-0.19604835918580424,-0.37336906969744754
13903,1,Loyal High-Value,3,High,-0.5603171440592769,2.5694731024054183
13904,2,Steady Mid-Value (A),2,Medium,1.0732921645562736,-0.5405801591654369
13905,0,At-Risk / Lapsing (A),4,Low,-0.9228114492956331,0.12292470528657176
13906,3,Steady Mid-Value,1,Medium,-0.5220644480407959,0.957722571552377
13907,3,Steady Mid-Value,1,Medium,0.03348855422085211,0.5204805860660698
13908,3,Steady Mid-Value,1,Medium,0.23286788759862947,-0.6322559162482251
13909,2,Steady Mid-Value (A),0,High,2.1874723920715335,-0.7047046718019533
13910,4,Seasonal Gift Shopper,6,Low,-3.207632478815175,0.4566285423787045
13911,0,At-Risk / Lapsing (A),4,Low,-0.19044336892667393,-1.551101629197936
13912,4,Seasonal Gift Shopper,6,Low,-2.1636435200254827,1.3073060796595943
13913,5,At-Risk / Lapsing,3,Low,-1.246471099770769,-1.7052214819045646
13914,3,Steady Mid-Value,2,Medium,0.28954072527594393,0.19270348010038352
13915,0,At-Risk / Lapsing (A),0,Medium,-0.06534507230730394,0.2981647814321989
13916,0,At-Risk / Lapsing (A),4,Low,-2.351514651202485,-0.876149193536556
13917,3,Steady Mid-Value,1,Medium,-0.5292958679049183,0.393367695131348
13918,4,Seasonal Gift Shopper,4,Low,-2.297613750951702,-0.9591086122159906
13919,0,At-Risk / Lapsing (A),4,Low,-0.9456157377993868,-0.347232910248051
13920,3,Steady Mid-Value,1,Low,-1.4984732918286967,0.7211508558851631
13921,4,Seasonal Gift Shopper,4,Low,-2.0729694805129437,-0.09217898697493858
13922,2,Steady Mid-Value (A),4,High,1.6270885557233143,-0.05573415883509747
13923,3,Steady Mid-Value,1,Low,-1.0336357510675516,-0.032258485263712514
13924,4,Seasonal Gift Shopper,4,Low,-2.287845848078449,-1.88289140589483
13925,2,Steady Mid-Value (A),0,High,1.598504565347962,-0.47253596675390114
13926,5,At-Risk / Lapsing,0,Low,-0.4301143454964217,-0.28291315670972705
13927,2,Steady Mid-Value (A),0,High,1.0926622965947328,-0.14963861312514515
13928,2,Steady Mid-Value (A),0,High,1.4848943232515495,-0.7364085335028082
13929,2,Steady Mid-Value (A),0,Medium,0.9550830522159985,-0.9023107278843581
13930,5,At-Risk / Lapsing,3,Low,-1.8274450461309342,0.06169907856112587
13931,3,Steady Mid-Value,2,Medium,-0.29728529130737663,0.2776957823999424
13932,3,Steady Mid-Value,4,Medium,0.03429129100052869,0.17278401044871225
13933,4,Seasonal Gift Shopper,4,Low,-0.7841577875724765,-1.9322481696003
13934,3,Steady Mid-Value,4,High,-0.6635652391051007,1.9739011546931255
13935,3,Steady Mid-Value,2,Medium,0.6597337276143617,-0.3826953836937853
13936,4,Seasonal Gift Shopper,4,Low,-1.4624789630068855,0.1823904035437943
13937,4,Seasonal Gift Shopper,4,Low,-1.7488918062429397,-0.08871686279014439
13938,3,Steady Mid-Value,4,Medium,0.5076456090282021,-0.048206309799897255
13939,0,At-Risk / Lapsing (A),0,Medium,0.32299648671738607,-0.5447643986106243
13940,2,Steady Mid-Value (A),2,Medium,1.0046107626666905,-0.6067712774862125
13941,2,Steady Mid-Value (A),2,High,2.1143978935588614,-0.8581277616400894
13942,3,Steady Mid-Value,1,Medium,-0.4525988269926895,1.97181466563217
13943,4,Seasonal Gift Shopper,3,Low,-1.9664507331233527,0.6378838458832721
13944,0,At-Risk / Lapsing (A),3,Low,-1.5972051340770648,0.10750831850507678
13945,3,Steady Mid-Value,1,Medium,0.022635873317224844,0.3175431407308046
13946,2,Steady Mid-Value (A),4,Medium,1.0630669545534257,-0.8137577147076553
13947,2,Steady Mid-Value (A),0,High,1.621293081444201,-0.8413263819057093
13948,2,Steady Mid-Value (A),4,High,1.311675856056428,-0.6914142096704362
13949,3,Steady Mid-Value,4,Medium,0.4211478610810955,-0.06937216473266813
13950,2,Steady Mid-Value (A),0,High,3.709821140352456,-1.0642762246698092
13951,4,Seasonal Gift Shopper,1,Low,-1.7342555923874046,-0.018171369279730308
13952,1,Loyal High-Value,5,High,3.2530392329347086,1.7270971248211293
13953,2,Steady Mid-Value (A),2,High,3.632223184021054,-1.2135536398063835
13954,4,Seasonal Gift Shopper,6,Low,-2.567371096424856,0.08219310023996869
13955,3,Steady Mid-Value,4,Low,-0.21001361933697146,-1.0355490703747594
13956,2,Steady Mid-Value (A),4,High,1.3076681866696798,-0.162502744936561
13957,1,Loyal High-Value,4,High,1.5844118167085732,2.5201608695884024
13958,3,Steady Mid-Value,4,Low,-1.5275754502802752,0.8161220356668012
13959,3,Steady Mid-Value,1,Medium,-0.09866213576630795,-0.11638159342795264
13960,3,Steady Mid-Value,4,Medium,0.674496249932364,-0.2248041092070182
13961,3,Steady Mid-Value,4,Medium,0.2604312195259766,0.19161965036352863
13962,3,Steady Mid-Value,2,Medium,0.3221948552636062,-0.41222125432995915
13963,0,At-Risk / Lapsing (A),4,Low,-1.8023496114913906,-1.4129794647387404
13964,5,At-Risk / Lapsing,3,Medium,-0.8558462168025572,1.9095005772676328
13965,3,Steady Mid-Value,4,Medium,0.10850128573738255,0.6387100481313043
13966,2,Steady Mid-Value (A),2,Medium,1.3547960461405364,-0.6871935012252774
13967,2,Steady Mid-Value (A),2,High,2.0073942202124093,-1.1583163121425981
13968,2,Steady Mid-Value (A),4,High,1.7357011771991757,-0.6025478964764078
13969,3,Steady Mid-Value,1,Low,-0.7908461895989133,0.05916369516879596
13970,0,At-Risk / Lapsing (A),4,High,0.5164473970828412,-0.5249146914983358
13971,3,Steady Mid-Value,4,High,1.2270462372519888,0.3422535195236322
13972,1,Loyal High-Value,5,High,2.5876240487361586,0.6972528685320747
13973,2,Steady Mid-Value (A),2,High,2.254854810414565,-0.18213920105340045
13974,3,Steady Mid-Value,4,Medium,0.2657453778166566,0.4570903059462749
13975,5,At-Risk / Lapsing,3,Low,-1.0044332407796572,0.28168073567346574
13976,3,Steady Mid-Value,4,Medium,-0.23154204927723882,0.15611600815132715
13977,4,Seasonal Gift Shopper,6,Low,-2.321443607891557,1.7352694191039268
13978,5,At-Risk / Lapsing,0,Medium,-0.15747545159869075,0.4917182712298545
13979,3,Steady Mid-Value,4,Low,-0.7472263180256501,0.6200226055255487
13980,2,Steady Mid-Value (A),0,High,2.4902641398756495,-0.9166004727332072
13981,3,Steady Mid-Value,4,Low,-0.7966871866345923,0.6668632383843781
13982,3,Steady Mid-Value,4,Medium,-0.2196300860607574,0.33646444840832374
13983,3,Steady Mid-Value,1,Medium,0.5186900083811011,-0.8983578414548833
13984,2,Steady Mid-Value (A),0,High,1.881059825705068,-1.3848300068629869
13985,2,Steady Mid-Value (A),0,Medium,1.472282696739814,-0.8174673478442701
13986,5,At-Risk / Lapsing,3,Low,-5.824270118679488,-2.419845906008235
13987,0,At-Risk / Lapsing (A),4,Low,-0.7378779903906398,-1.305665963896776
13988,2,Steady Mid-Value (A),4,High,1.687152191429616,-0.4406139877344331
13989,2,Steady Mid-Value (A),0,Medium,1.1823440776878895,-0.9262884998500733
13990,5,At-Risk / Lapsing,1,Low,-1.356628754415917,0.9505653696262681
13991,2,Steady Mid-Value (A),4,High,1.605854884100349,-0.8182214493169292
13992,4,Seasonal Gift Shopper,4,Low,-2.883717571744931,-1.5085334316239079
13993,2,Steady Mid-Value (A),2,High,2.7464775692982215,-0.36669865033249033
13994,4,Seasonal Gift Shopper,6,Low,-2.640102611624927,1.0403195991045693
13995,1,Loyal High-Value,5,High,1.477954125698497,2.4686296256811318
13996,3,Steady Mid-Value,1,Medium,0.47115994345386514,-0.06917558329880046
13997,3,Steady Mid-Value,4,High,0.9749530067492536,1.057098545470167
13998,3,Steady Mid-Value,4,Low,-1.6016281892763997,0.8029861072751525
13999,5,At-Risk / Lapsing,3,Low,-2.6080960504930824,2.121987286637901
14000,3,Steady Mid-Value,2,Medium,-0.04963752967391729,0.14156711983586548
14001,5,At-Risk / Lapsing,1,Low,-1.920125076290856,-0.5515058502927183
14002,3,Steady Mid-Value,1,Low,-0.49506418338015784,-0.5782894171535226
14003,2,Steady Mid-Value (A),0,High,2.1692803964523617,-1.365768850641086
14004,1,Loyal High-Value,5,High,1.8485972187630746,2.34262316779203
14005,2,Steady Mid-Value (A),2,High,2.338395234438504,0.04252588262037428
14006,3,Steady Mid-Value,1,High,0.4765395389198909,1.2071079343109796
14007,5,At-Risk / Lapsing,1,Low,-1.4472526219133799,-1.0329096327275389
14008,1,Loyal High-Value,4,High,0.40384352324475237,2.2632482105571405
14009,3,Steady Mid-Value,4,Low,-0.36208194669423577,-0.6634791066539633
14010,3,Steady Mid-Value,4,Medium,-1.1940209017460182,0.8223683067379763
14011,3,Steady Mid-Value,4,Medium,0.33779453268974213,-0.7160597204487295
14012,4,Seasonal Gift Shopper,6,Low,-5.08267866733163,-2.2764929555220283
14013,1,Loyal High-Value,5,High,1.4331828498722132,1.8511762016313376
14014,3,Steady Mid-Value,4,Medium,-0.6920170019264783,2.0325946101215595
14015,2,Steady Mid-Value (A),0,Medium,1.0837277873122495,-0.9248772823180674
14016,3,Steady Mid-Value,4,Low,-1.5344940176744257,0.7706749253679767
14017,3,Steady Mid-Value,4,Medium,0.5063337438412152,-0.1875349128139304
14018,0,At-Risk / Lapsing (A),0,High,0.845312189647371,0.06518335337705396
14019,2,Steady Mid-Value (A),2,High,1.3032479547672027,-0.45620714517053307
14020,3,Steady Mid-Value,4,Medium,-0.721511675318195,0.7258295742704165
14021,1,Loyal High-Value,3,High,0.383974999588167,2.9016089994538903
14022,3,Steady Mid-Value,1,Medium,-0.52184970342458,0.5529546742719963
14023,2,Steady Mid-Value (A),0,High,1.6048122893190846,-1.3680361300750012
14024,3,Steady Mid-Value,1,Low,-0.9057836161791377,0.004274203103729991
14025,2,Steady Mid-Value (A),2,High,1.9438188623358927,-0.6735671802783543
14026,3,Steady Mid-Value,1,Medium,-0.5369222673439739,0.5565221719700686
14027,3,Steady Mid-Value,1,Medium,-0.5266064807673811,0.5869972918440236
14028,3,Steady Mid-Value,0,High,0.7402268875202577,0.2807686852092877
14029,2,Steady Mid-Value (A),0,High,1.631768151866707,-0.1911985717369759
14030,3,Steady Mid-Value,4,Medium,-0.509540617375325,0.16290354284539496
14031,2,Steady Mid-Value (A),0,High,1.2718937979232376,0.10838693722068586
14032,3,Steady Mid-Value,2,High,1.0743042796086313,0.18038002079884027
14033,2,Steady Mid-Value (A),0,High,1.190419631722488,-0.2874809976507628
14034,0,At-Risk / Lapsing (A),6,High,-1.5137073323256172,2.867405260230383
14035,4,Seasonal Gift Shopper,4,Low,-2.057886104645401,0.07589192663855915
14036,3,Steady Mid-Value,0,Medium,0.3554751739312788,0.2645641549573568
14037,4,Seasonal Gift Shopper,4,Low,-1.6412854447099423,-1.5159656159195252
14038,3,Steady Mid-Value,2,Medium,0.4575580913803037,-0.7760357571206324
14039,3,Steady Mid-Value,1,Medium,-0.44083985840849077,-0.07801268523500994
14040,3,Steady Mid-Value,1,Low,-0.8994541552462503,1.1299459761981085
14041,4,Seasonal Gift Shopper,6,Low,-2.35411736827202,1.0909462299456871
14042,2,Steady Mid-Value (A),0,Medium,0.8865511916390346,-0.7138338650594018
14043,3,Steady Mid-Value,0,Medium,0.5049682633489682,0.35221126793270774
14044,3,Steady Mid-Value,4,Low,-0.670457264323876,1.040978034649905
14045,2,Steady Mid-Value (A),4,High,1.1924187261677195,0.08107138130977162
14046,1,Loyal High-Value,4,Medium,0.4801419099941127,0.8306270943143788
14047,2,Steady Mid-Value (A),4,High,3.0118028561077854,-0.7218428363842362
14048,1,Loyal High-Value,5,High,2.4146914194989884,2.027896762895808
14049,4,Seasonal Gift Shopper,6,Low,-3.946285001522879,-1.0488431956938142
14050,3,Steady Mid-Value,4,Medium,-0.5684830529209054,0.202801225024043
14051,4,Seasonal Gift Shopper,4,Low,-2.2073620509645746,-0.40917325173736246
14052,4,Seasonal Gift Shopper,4,Low,-1.3140065154366414,-1.2226504775182725
14053,0,At-Risk / Lapsing (A),4,Low,-1.0705607340364074,-0.4184668424647182
14054,3,Steady Mid-Value,1,Medium,0.29147033763599317,-0.88145565145359
14055,2,Steady Mid-Value (A),0,High,1.0785286462443704,-0.03223190962040039
14056,2,Steady Mid-Value (A),2,High,2.6971993566778694,-0.5566040461242894
14057,3,Steady Mid-Value,4,Medium,-0.7310658094606333,1.660377252992719
14058,3,Steady Mid-Value,1,Low,-0.3565500068595339,-0.5000908343563195
14059,3,Steady Mid-Value,4,Low,-0.052582118487208916,-0.3730182955287366
14060,4,Seasonal Gift Shopper,4,Low,-1.4960781847207931,0.06488050261375677
14061,3,Steady Mid-Value,4,Medium,0.41313288143969273,0.5149608576727543
14062,0,At-Risk / Lapsing (A),4,Low,-1.9543540778177155,-0.7983018211452644
14063,1,Loyal High-Value,4,Medium,-0.5435097778183029,2.2936922344687596
14064,2,Steady Mid-Value (A),4,Low,-0.22194904083408556,-2.198297690799507
14065,2,Steady Mid-Value (A),2,High,1.6503956288901425,-0.41939826966658106
14066,5,At-Risk / Lapsing,3,Medium,-0.2749102062242949,2.3344667038345834
14067,5,At-Risk / Lapsing,0,Medium,0.18674717744972288,0.2816774538327211
14068,3,Steady Mid-Value,1,Low,-1.1359790426912761,-0.2710405760588647
14069,4,Seasonal Gift Shopper,6,Low,-5.018404675236144,-2.6374538341378893
14070,3,Steady Mid-Value,1,Medium,-0.2458993020489618,-0.7081996183232765
14071,1,Loyal High-Value,5,High,1.3112550185324192,3.3926459423719777
14072,3,Steady Mid-Value,4,Medium,0.118676789425854,0.6887342745072602
14073,2,Steady Mid-Value (A),2,High,1.6771962995756247,-0.33750313287670214
14074,3,Steady Mid-Value,4,Medium,0.05578944201689898,-0.4992533095135776
14075,5,At-Risk / Lapsing,0,Medium,0.09593029704003388,-0.3898271022898949
14076,2,Steady Mid-Value (A),0,Medium,1.5985338851083122,-1.2346393259550033
14077,0,At-Risk / Lapsing (A),4,Medium,1.0445721343044903,-0.7736694224332151
14078,2,Steady Mid-Value (A),2,High,1.8966624371938945,-0.2740331640706633
14079,4,Seasonal Gift Shopper,6,Low,-2.189615671084475,0.60070318587698
14080,3,Steady Mid-Value,4,Low,-1.2980776772205822,-1.3870075348138018
14081,5,At-Risk / Lapsing,3,Low,-1.4356999808126034,1.258710657735989
14082,3,Steady Mid-Value,4,Medium,-0.6395744239412885,1.808236818342549
14083,5,At-Risk / Lapsing,3,High,-0.25451213311280646,2.2975207220398914
14084,3,Steady Mid-Value,4,Low,-0.8822964601364018,0.2625129923972807
14085,3,Steady Mid-Value,2,Medium,0.6089727185099886,0.6681308806506608
14086,3,Steady Mid-Value,1,Medium,-0.7311956042275182,0.6221252215620037
14087,2,Steady Mid-Value (A),0,High,1.4781208707081122,0.45035463687544275
14088,3,Steady Mid-Value,2,High,0.8290066475053113,0.4343239282099087
14089,0,At-Risk / Lapsing (A),0,Medium,0.24905641935816727,-0.45852345029164276
14090,1,Loyal High-Value,5,High,3.157308035809463,1.0253524886098904
14091,1,Loyal High-Value,3,High,0.7651767249929579,3.618900832689379
14092,3,Steady Mid-Value,4,Low,-1.1609556213860202,0.00890864977629296
14093,3,Steady Mid-Value,4,Medium,-0.4386216150540185,0.1577574940791855
14094,1,Loyal High-Value,6,High,-1.0957259973165996,3.851211716476679
14095,3,Steady Mid-Value,1,Medium,-0.4218514040638371,1.1474788998877357
14096,4,Seasonal Gift Shopper,6,Low,-2.6437074200471042,0.6632508438096345
14097,5,At-Risk / Lapsing,1,Low,-0.8566705542043852,-0.2677650384874443
14098,3,Steady Mid-Value,2,Medium,0.46573759945473797,-0.11411300933220928
14099,2,Steady Mid-Value (A),2,High,1.546518195018036,-0.47769495602691286
14100,2,Steady Mid-Value (A),2,High,2.9194913670189675,-0.9776508283682023
14101,4,Seasonal Gift Shopper,4,Low,-2.2542112442508855,-1.67862155763893
14102,4,Seasonal Gift Shopper,4,Low,-2.016220669565805,-1.118843644438124
14103,3,Steady Mid-Value,4,Low,-0.8854440978980658,-0.4237307921607953
14104,2,Steady Mid-Value (A),0,High,1.567713447214676,-0.2495026996132486
14105,5,At-Risk / Lapsing,0,Medium,0.2684447425167906,-0.28719922193314573
14106,4,Seasonal Gift Shopper,4,Low,-1.7280044746265635,0.3164313207925566
14107,2,Steady Mid-Value (A),2,High,2.4023470736590316,-0.28845796196219037
14108,2,Steady Mid-Value (A),4,High,1.492425458967154,0.04485343870605416
14109,2,Steady Mid-Value (A),2,High,2.611962173317198,-0.43676964989125977
14110,1,Loyal High-Value,5,High,2.785334032204587,1.8342408703407942
14111,5,At-Risk / Lapsing,3,Low,-2.0674833885778834,-0.428338645300667
14112,1,Loyal High-Value,5,High,3.1002481625137337,1.2132813492437788
14113,2,Steady Mid-Value (A),1,Medium,0.7805774870475671,-0.1650321954717195
14114,3,Steady Mid-Value,4,Low,-0.130740567526149,-0.7091246880627936
14115,1,Loyal High-Value,1,High,-0.07475844173130047,2.02728430791137
14116,1,Loyal High-Value,5,High,1.4830377408491597,3.492643416345488
14117,5,At-Risk / Lapsing,3,Medium,-1.1536119107136296,1.099184051262546
14118,2,Steady Mid-Value (A),2,High,3.420247663799092,-1.0908625303118262
14119,4,Seasonal Gift Shopper,4,Low,-1.671044360379821,0.21158863541735431
14120,3,Steady Mid-Value,0,High,0.924628589864281,0.5494749491895609
14121,5,At-Risk / Lapsing,3,Low,-0.7948220278903183,-1.0471402100782727
14122,3,Steady Mid-Value,4,Low,-0.5437922587265721,0.4839714718768046
14123,2,Steady Mid-Value (A),0,High,1.320321980369075,0.048393839959648195
14124,3,Steady Mid-Value,2,Medium,0.5736748593710862,0.06809518486260056
14125,2,Steady Mid-Value (A),4,High,1.219599445193493,-0.2789753322074389
14126,3,Steady Mid-Value,4,Low,-1.119116516362985,-0.34999280245080705
14127,0,At-Risk / Lapsing (A),4,Low,-0.7246096444629168,-0.780419716745317
14128,2,Steady Mid-Value (A),2,Medium,1.2066591314493094,-0.2764761497535485
14129,3,Steady Mid-Value,2,Low,-0.07985054513254315,-0.43000723335967495
14130,3,Steady Mid-Value,2,High,0.7198849011619864,0.7345318583957035
14131,4,Seasonal Gift Shopper,6,Low,-2.9140080925897385,1.288190770800708
14132,1,Loyal High-Value,5,High,1.4558278540673832,2.6935865317091197
14133,3,Steady Mid-Value,1,Medium,-0.07068322002137906,0.7038987338503278
14134,3,Steady Mid-Value,4,Medium,-0.2302968375138085,-0.38615726985669485
14135,0,At-Risk / Lapsing (A),6,Low,-2.970742984228855,-0.19821694833021586
14136,3,Steady Mid-Value,4,High,1.3782605691987961,0.33813453328061854
14137,2,Steady Mid-Value (A),0,High,2.250754108792896,-1.5470388394928363
14138,2,Steady Mid-Value (A),4,High,2.1583322015308886,-0.418476715775647
14139,2,Steady Mid-Value (A),4,High,1.8103099677989645,0.1729312321255306
14140,5,At-Risk / Lapsing,0,Low,0.19545681683278796,-0.5689204711430765
14141,0,At-Risk / Lapsing (A),3,Low,-1.3522224259834947,0.05890172393419295
14142,4,Seasonal Gift Shopper,6,Low,-4.920729577294216,-1.6717843411440227
14143,2,Steady Mid-Value (A),0,High,1.3089009100856572,0.14457898568831132
14144,0,At-Risk / Lapsing (A),4,Medium,-1.264719943302306,0.542337952033946
14145,3,Steady Mid-Value,2,Medium,0.5970822368123873,-0.4770551341850804
14146,2,Steady Mid-Value (A),2,High,1.5656403424823084,-0.6499413459625516
14147,3,Steady Mid-Value,1,Medium,-0.23995492085888018,0.5720703834675943
14148,1,Loyal High-Value,4,High,-0.20353057050042392,2.4688825910395815
14149,3,Steady Mid-Value,4,Medium,-0.4414484415765043,0.8730759311104896
14150,3,Steady Mid-Value,4,Low,-0.007880012784726777,-0.7635649532117945
14151,1,Loyal High-Value,4,High,0.06376418963014428,2.9972843484691523
14152,3,Steady Mid-Value,1,Medium,-0.03816812928220261,0.21965939416522368
14153,3,Steady Mid-Value,1,Medium,0.20105184136101664,0.30595723643856015
14154,2,Steady Mid-Value (A),0,Medium,1.5625492538635,-0.9714664719126436
14155,2,Steady Mid-Value (A),2,Medium,0.8846343598658011,-0.9287079310195516
14156,3,Steady Mid-Value,4,Low,-1.2947783421506995,0.4738377588492326
14157,4,Seasonal Gift Shopper,6,Low,-2.5274252986627284,2.0618464715697833
14158,2,Steady Mid-Value (A),0,High,2.3067121582045487,-1.4407960114722957
14159,3,Steady Mid-Value,4,High,0.6185468235549951,0.6990763370697024
14160,3,Steady Mid-Value,2,High,0.497017856587244,0.12139252300333203
14161,2,Steady Mid-Value (A),1,Medium,0.6292402545131298,-0.03985757136275535
14162,3,Steady Mid-Value,1,Medium,-0.2921440765910547,1.4187278779380808
14163,3,Steady Mid-Value,1,Medium,0.3152198111876665,1.0433132952330155
14164,2,Steady Mid-Value (A),4,High,2.0257291184721535,-0.6794582264061287
14165,1,Loyal High-Value,5,High,0.8963242032664717,3.187094741529881
14166,3,Steady Mid-Value,1,Medium,0.13444372277069408,0.009146102582852256
14167,2,Steady Mid-Value (A),4,Medium,0.5746281169325933,-1.4902128588205263
14168,2,Steady Mid-Value (A),2,High,2.9582461852772624,-1.12868889674461
14169,3,Steady Mid-Value,1,Medium,-0.37018727326006623,0.16712086281726324
14170,3,Steady Mid-Value,0,Medium,0.1783542712490714,0.5918073278872715
14171,2,Steady Mid-Value (A),2,High,1.912241767514432,-0.9331332187877338
14172,3,Steady Mid-Value,4,Medium,-0.6354878512547114,0.7578429594892953
14173,1,Loyal High-Value,1,High,1.266413630098893,0.8106501123380128
14174,4,Seasonal Gift Shopper,6,Low,-3.155522687198541,0.4566175932717069
14175,3,Steady Mid-Value,0,Medium,0.5180040962565288,-0.42909711542527007
14176,3,Steady Mid-Value,4,Low,-0.3555778788865154,-1.5782744126355315
14177,1,Loyal High-Value,5,High,3.1956617388238997,2.129178708099855
14178,0,At-Risk / Lapsing (A),4,Low,-0.4200646159012573,-3.0674376036700726
14179,3,Steady Mid-Value,1,Medium,-0.2555480447946013,1.1610310578610192
14180,0,At-Risk / Lapsing (A),4,Low,-1.0108823614719493,-0.06409015604964446
14181,2,Steady Mid-Value (A),0,Medium,1.2653445333719038,-1.653973073221963
14182,3,Steady Mid-Value,4,Medium,0.40985628188427803,-0.5850806162552025
14183,4,Seasonal Gift Shopper,6,Low,-3.3303948002399086,0.882746002639131
14184,3,Steady Mid-Value,2,High,0.6702235565742314,-0.19439147505314347
14185,2,Steady Mid-Value (A),4,Medium,1.2896351958733185,-1.4677792259089222
14186,1,Loyal High-Value,4,High,0.31637276776761275,2.1949139612271873
14187,2,Steady Mid-Value (A),2,High,2.0635937579523236,-0.5693161214510535
14188,4,Seasonal Gift Shopper,6,Low,-4.278785706242061,-1.432078820000909
14189,2,Steady Mid-Value (A),4,Medium,1.082075403096059,-1.5527204937699524
14190,3,Steady Mid-Value,1,Low,-1.3783455486641873,1.201827095709307
14191,2,Steady Mid-Value (A),2,High,1.7438973384998955,-0.2881012479579684
14192,3,Steady Mid-Value,4,Low,-1.502902317482568,0.5300239547882643
14193,3,Steady Mid-Value,1,Medium,-0.2454158949667907,1.2331513900921345
14194,2,Steady Mid-Value (A),4,Medium,0.6532328413874222,-0.9059728283133394
14195,0,At-Risk / Lapsing (A),1,Low,-1.3237722207111555,-0.3876017989389017
14196,2,Steady Mid-Value (A),0,High,2.0349471860783126,-1.4951004552484308
14197,3,Steady Mid-Value,4,High,0.3854415118304165,0.5953178362923051
14198,2,Steady Mid-Value (A),2,Medium,0.7516649704567507,-0.8532142484180933
14199,3,Steady Mid-Value,4,Medium,0.4533845705138026,-0.38836049747134427
14200,4,Seasonal Gift Shopper,6,Low,-2.606270882174882,0.9007255439961891
14201,5,At-Risk / Lapsing,0,Medium,0.45326779640448994,-0.6523665024795033
14202,3,Steady Mid-Value,4,Medium,0.7336159620923219,-0.007696284511138107
14203,4,Seasonal Gift Shopper,6,Low,-4.400286191789889,-1.1353719289861584
14204,2,Steady Mid-Value (A),4,High,1.3834219932013412,-0.34768676801324716
14205,0,At-Risk / Lapsing (A),4,Medium,-0.6780586443578113,0.43916994294369743
14206,4,Seasonal Gift Shopper,6,Low,-2.3834409115354798,0.5079918953373048
14207,3,Steady Mid-Value,4,High,0.5007403095316219,1.029532282590077
14208,2,Steady Mid-Value (A),1,Medium,0.4129081528766897,-0.8632512400963186
14209,3,Steady Mid-Value,1,Medium,-0.8418739850313447,1.1921058227206645
14210,0,At-Risk / Lapsing (A),4,Low,-1.5366756160154758,-1.9711726576613213
14211,3,Steady Mid-Value,1,Low,-0.7627001981904042,0.4521258168599749
14212,2,Steady Mid-Value (A),2,High,3.369343862609496,-1.3941031877203542
14213,3,Steady Mid-Value,4,Medium,-0.13920716023936036,-0.6898582186846267
14214,3,Steady Mid-Value,4,Medium,-0.40043378435892746,0.7358858292269348
14215,2,Steady Mid-Value (A),2,High,1.8527750296358192,-1.0771035982860402
14216,2,Steady Mid-Value (A),2,High,1.847726679473153,-1.5815231953197113
14217,3,Steady Mid-Value,4,Low,-1.4776030941727638,-0.45748280930161817
14218,2,Steady Mid-Value (A),2,High,1.4028858428709035,-0.020433662201667663
14219,3,Steady Mid-Value,4,Medium,-0.2967943375299407,1.2851971601084016
14220,2,Steady Mid-Value (A),0,High,1.6302040359197976,-0.736639232500248
14221,2,Steady Mid-Value (A),2,High,1.5632442223568348,-0.8647499087461914
14222,3,Steady Mid-Value,1,Medium,-0.7559902513340478,0.7265269752660091
14223,3,Steady Mid-Value,2,Medium,0.27173112356649687,0.1735749912363219
14224,2,Steady Mid-Value (A),2,High,1.4385712691197332,-0.19089959467161066
14225,3,Steady Mid-Value,4,Low,-1.053123285382136,-0.33232763269882376
14226,2,Steady Mid-Value (A),4,High,1.9826719528944732,-0.5021088915852802
14227,0,At-Risk / Lapsing (A),0,High,0.791034654576684,-0.37447769482302606
14228,3,Steady Mid-Value,4,Low,-0.6950853653801052,0.4247590667970927
14229,0,At-Risk / Lapsing (A),1,Medium,-0.7131446281999734,0.2736314392433842
14230,2,Steady Mid-Value (A),2,Medium,0.9232994301981275,-0.4451590593634183
14231,3,Steady Mid-Value,4,Medium,-0.5999360435805442,0.8203476877522251
14232,3,Steady Mid-Value,4,Medium,-0.3086693515219594,0.5998482356814582
14233,4,Seasonal Gift Shopper,4,Low,-1.2840380028872416,-1.1507934114460634
14234,4,Seasonal Gift Shopper,4,Low,-1.4371568286135439,0.21300819522708628
14235,3,Steady Mid-Value,4,Low,-0.7796518914851999,-0.2784249108435386
14236,2,Steady Mid-Value (A),4,Medium,1.1998180055754024,-1.135912751944918
14237,3,Steady Mid-Value,0,Medium,-0.2818628091773852,0.7022322001912006
14238,2,Steady Mid-Value (A),4,Low,0.6745636902424912,-1.8951608947825742
14239,4,Seasonal Gift Shopper,6,Low,-2.5369195518510343,0.5751659853332045
14240,4,Seasonal Gift Shopper,6,Low,-3.2876348821368273,0.7550267539913654
14241,3,Steady Mid-Value,0,Medium,0.6341149929103747,0.2592900738752405
14242,3,Steady Mid-Value,4,Medium,0.33835389001559707,-0.9269686562085665
14243,2,Steady Mid-Value (A),2,High,2.1752253184834593,-1.2611037132871257
14244,3,Steady Mid-Value,1,Medium,-0.30663458120399895,0.009764663125579219
14245,3,Steady Mid-Value,4,Medium,0.4241331736621175,-0.8005111293260565
14246,2,Steady Mid-Value (A),2,High,2.1903705599337018,-1.2414059804916644
14247,5,At-Risk / Lapsing,0,Low,-0.46226140165573115,-0.16309473670178137
14248,5,At-Risk / Lapsing,1,Low,-1.7564870566752968,-0.6975904913481663
14249,3,Steady Mid-Value,1,Low,-1.1643871826458316,1.2907509075000307
14250,2,Steady Mid-Value (A),1,Medium,0.5475513708145674,-0.5517178999407806
14251,4,Seasonal Gift Shopper,3,Low,-2.163523508308478,-0.9536731748599072
14252,4,Seasonal Gift Shopper,4,Low,-1.9476985005125558,-0.2811083509168523
14253,1,Loyal High-Value,5,High,2.0374671750967708,2.809097770037572
14254,3,Steady Mid-Value,4,Low,-1.1548117744499549,1.1031320947223247
14255,0,At-Risk / Lapsing (A),0,Medium,0.14277948924766257,-0.09517950460432378
14256,3,Steady Mid-Value,4,Medium,0.23149649365091207,-0.06805306614947132
14257,3,Steady Mid-Value,4,Medium,-0.4743235097587564,-0.05455374903637869
14258,2,Steady Mid-Value (A),0,High,2.7586553052829497,-1.4484466944972882
14259,2,Steady Mid-Value (A),4,High,1.3452999938947994,-1.1639392155928363
14260,3,Steady Mid-Value,4,Medium,-0.07574436821746346,0.9065484791435761
14261,4,Seasonal Gift Shopper,6,Low,-4.154502843236037,-0.9737807705405668
14262,3,Steady Mid-Value,1,Low,-1.0806050846564674,-0.39696494326440795
14263,2,Steady Mid-Value (A),0,High,2.0169846499727466,-1.6935313207387988
14264,3,Steady Mid-Value,1,Medium,-0.45306187684557053,0.20971608478629084
14265,4,Seasonal Gift Shopper,3,Medium,-1.5143738246612042,1.4159129612885888
14266,4,Seasonal Gift Shopper,4,Low,-1.6756215850968468,0.5514774566562236
14267,3,Steady Mid-Value,0,Medium,0.4771874128529732,0.6631396111703926
14268,4,Seasonal Gift Shopper,4,Low,-2.3935654463651694,-1.0125623754682063
14269,0,At-Risk / Lapsing (A),4,Low,-2.0507128615478742,-0.2182500712361997
14270,2,Steady Mid-Value (A),2,High,2.904319285529777,-1.2568456683966491
14271,2,Steady Mid-Value (A),1,Low,0.553803043022467,-1.6531684888273415
14272,4,Seasonal Gift Shopper,1,Low,-1.6463339254070146,0.2555925457038258
14273,0,At-Risk / Lapsing (A),6,Low,-4.884675760980376,-2.6281435198202394
14274,3,Steady Mid-Value,1,Medium,-0.4936999044485862,-0.24911517303650182
14275,2,Steady Mid-Value (A),2,High,1.7000637549861002,-0.8029581403292566
14276,3,Steady Mid-Value,4,Medium,0.3992688341391043,-0.5801460806298918
14277,4,Seasonal Gift Shopper,3,Medium,-2.081273997990954,1.8476274718061385
14278,3,Steady Mid-Value,1,Medium,-0.7559288501231265,0.22846995362276437
14279,3,Steady Mid-Value,4,Medium,0.11761503062136035,-0.25389930203394223
14280,2,Steady Mid-Value (A),0,Medium,0.71424154909387,-0.6820001331379567
14281,4,Seasonal Gift Shopper,6,Low,-2.611453069993493,1.414408552582507
14282,4,Seasonal Gift Shopper,6,Low,-4.368168154231504,-1.2827908174667382
14283,3,Steady Mid-Value,2,Medium,0.5192491564462925,-0.6077023822334395
14284,3,Steady Mid-Value,4,Low,-0.9798294664045863,-0.5504555359128787
14285,2,Steady Mid-Value (A),0,High,2.1771211230936314,-1.1996698001071802
14286,2,Steady Mid-Value (A),2,High,3.1970766336009735,-1.123241092766158
14287,3,Steady Mid-Value,4,Medium,0.5696313691822519,-0.4599774990653835
14288,2,Steady Mid-Value (A),4,Low,0.39988742680457345,-1.8779526120939067
14289,4,Seasonal Gift Shopper,6,Low,-3.5315876158566324,0.08647896532883102
14290,0,At-Risk / Lapsing (A),1,Medium,-0.7319088468031695,0.09538721924811881
14291,2,Steady Mid-Value (A),2,High,1.8857261541778352,-0.37694270456079404
14292,3,Steady Mid-Value,1,Medium,0.34798717438300336,-0.9159505593173405
14293,5,At-Risk / Lapsing,3,Medium,-1.2108240350983865,1.7008757595599775
14294,2,Steady Mid-Value (A),2,High,1.8453222631483683,-0.8637599498518505
14295,3,Steady Mid-Value,1,Low,-1.229438399343767,0.33504988199578295
14296,4,Seasonal Gift Shopper,6,Low,-4.666495567091082,-2.433795458577477
14297,3,Steady Mid-Value,4,High,0.8113768939226749,0.11975650782843503
14298,3,Steady Mid-Value,4,Low,-0.3558397116954366,-0.6531652755388694
14299,2,Steady Mid-Value (A),2,Medium,1.1045720155180199,-0.25874819845782177
14300,3,Steady Mid-Value,4,Low,-1.2246643733764695,0.6808219054817376
14301,3,Steady Mid-Value,2,Medium,0.374553004608387,-0.4243957339966777
14302,3,Steady Mid-Value,4,Low,-0.5306205777232772,-0.502418246513955
14303,3,Steady Mid-Value,2,High,1.0285720372333365,0.004413905522742017
14304,2,Steady Mid-Value (A),2,High,1.7749222434152025,-0.6272308406164909
14305,3,Steady Mid-Value,1,High,0.7710831625871011,1.304745819369449
14306,3,Steady Mid-Value,4,Medium,-0.3413073193648504,0.8512469595645105
14307,3,Steady Mid-Value,4,Medium,-0.6249162866053637,0.1784428092755292
14308,1,Loyal High-Value,4,High,1.6096331463400069,2.1002700275500943
14309,3,Steady Mid-Value,4,Medium,0.40631743611875487,-1.008908352494042
14310,3,Steady Mid-Value,2,Medium,0.6506359049048688,-0.3663960812120565
14311,5,At-Risk / Lapsing,3,Medium,-0.6663075304691879,2.485181494552469
14312,3,Steady Mid-Value,4,Medium,-0.40762093194832577,0.7467276104870832
14313,0,At-Risk / Lapsing (A),4,High,0.024614382684063633,1.9222703154146574
14314,3,Steady Mid-Value,1,High,0.6950204844737551,-0.005494978283294208
14315,2,Steady Mid-Value (A),2,High,2.8762442291374155,-0.6594325796024482
14316,3,Steady Mid-Value,4,Medium,-0.7367978442811676,0.6300274689659675
14317,3,Steady Mid-Value,2,Medium,0.8403605157375014,-0.2675814094927216
14318,3,Steady Mid-Value,0,Medium,0.333988405689907,0.22880152430036746
14319,4,Seasonal Gift Shopper,4,Low,-3.002699512301828,-2.0823189623334866
14320,3,Steady Mid-Value,2,Medium,0.3225598006179405,0.3828820152645228
14321,2,Steady Mid-Value (A),2,High,3.2712749001406602,-0.8879918105099949
14322,2,Steady Mid-Value (A),2,High,1.9105135104141195,-0.6048517087922183
14323,3,Steady Mid-Value,4,Low,-0.9618456757736453,0.15274197896314662
14324,3,Steady Mid-Value,4,Medium,-0.6304062583620056,0.750273095356774
14325,2,Steady Mid-Value (A),0,High,1.7324891280111738,-0.9956461465795097
14326,2,Steady Mid-Value (A),0,High,1.0427106408384843,0.02162605440995846
14327,3,Steady Mid-Value,4,Low,-1.4009322025016822,-0.3095794243955855
14328,2,Steady Mid-Value (A),2,High,1.2612856365252438,-0.707556900534215
14329,3,Steady Mid-Value,1,Low,-0.6911449027582565,-0.1396546397474033
14330,3,Steady Mid-Value,4,High,0.4169133182905094,0.21771249677743665
14331,0,At-Risk / Lapsing (A),4,Low,-2.6218975508476428,-1.2333961431837142
14332,4,Seasonal Gift Shopper,4,Low,-1.8149061391949295,0.13835077205995228
14333,4,Seasonal Gift Shopper,6,Low,-5.803835085183389,-3.6240224053327617
14334,3,Steady Mid-Value,1,Medium,0.24908664010363807,-0.15513676988280556
14335,0,At-Risk / Lapsing (A),0,Medium,0.19277290781278095,-0.10613406143976871
14336,3,Steady Mid-Value,4,Medium,-0.3182519169769331,0.2780622255081395
14337,2,Steady Mid-Value (A),2,High,1.4974452142537136,-0.382746089515095
14338,1,Loyal High-Value,4,High,1.5472831567366627,2.786788769537979
14339,2,Steady Mid-Value (A),2,Medium,0.9980065429019767,-0.2311365646468409
14340,5,At-Risk / Lapsing,1,Low,-1.4449142663774355,0.6772262463531082
14341,4,Seasonal Gift Shopper,6,Low,-3.1115652066576573,0.34566365132378024
14342,3,Steady Mid-Value,4,Medium,0.7551894302324195,0.1461493253179886
14343,3,Steady Mid-Value,4,Low,-1.4026338995434586,-1.0474144931886735
14344,3,Steady Mid-Value,4,High,0.34095907893662236,-0.02645657706349077
14345,2,Steady Mid-Value (A),0,High,1.2433569731533562,-0.1982125475568701
14346,1,Loyal High-Value,6,High,-0.7087444048142963,5.084342524102558
14347,0,At-Risk / Lapsing (A),1,Low,-1.1790598298706818,-0.5380683884191904
14348,2,Steady Mid-Value (A),0,Medium,1.1698574008037341,-1.4570447008161211
14349,3,Steady Mid-Value,1,Medium,-0.2249558171082269,1.0237040001781397
14350,4,Seasonal Gift Shopper,4,Low,-2.1950801675282765,-0.6266317701426147
14351,3,Steady Mid-Value,4,Medium,0.6418446034636984,-0.14099356736795154
14352,4,Seasonal Gift Shopper,6,Low,-3.9865743272164895,-0.5030066624396321
14353,3,Steady Mid-Value,1,High,0.8608205523662017,-0.07648568321161994
14354,3,Steady Mid-Value,4,Medium,-0.2913626004041189,-0.42001092234492526
14355,2,Steady Mid-Value (A),0,High,1.3888195223389272,-0.24637341517767433
14356,0,At-Risk / Lapsing (A),0,Medium,0.29374968197429235,-0.2571662955446425
14357,2,Steady Mid-Value (A),4,Medium,1.6929412667931079,-1.3864833602266564
14358,2,Steady Mid-Value (A),2,High,1.8977226794653583,-0.8231277645365225
14359,4,Seasonal Gift Shopper,6,Low,-2.5716377670316355,1.9426007395972928
14360,0,At-Risk / Lapsing (A),3,Low,-2.4620399891433795,1.0040262938364968
14361,2,Steady Mid-Value (A),2,High,2.5167615236492815,-0.15597107113350955
14362,2,Steady Mid-Value (A),4,High,2.225672799133766,-0.7080082244679453
14363,3,Steady Mid-Value,1,Medium,0.14480987468217194,-0.10674259743866985
14364,2,Steady Mid-Value (A),2,High,1.845600513739683,-0.428683509334776
14365,3,Steady Mid-Value,1,Medium,-0.026544627057860454,-0.8051938105569566
14366,2,Steady Mid-Value (A),4,High,2.112515642656089,-0.880297466873976
14367,3,Steady Mid-Value,1,Low,-1.4986179035945597,-1.1927765929014935
14368,1,Loyal High-Value,5,High,2.5946884047544194,2.303408091018675
14369,3,Steady Mid-Value,4,Low,-1.3589755970734827,0.8070102157855175
14370,3,Steady Mid-Value,0,High,1.0818371736918475,0.6346968735267429
14371,4,Seasonal Gift Shopper,4,Low,-2.5117681408349113,-1.4935985836821573
14372,4,Seasonal Gift Shopper,6,Low,-3.4843454287385547,-0.642815513097313
14373,3,Steady Mid-Value,1,Medium,-0.6292788479830783,2.1373233395965663
14374,2,Steady Mid-Value (A),0,Medium,0.9525051229901239,-0.4546770638412565
14375,0,At-Risk / Lapsing (A),0,Medium,-0.1336618974288519,-0.1483365119479985
14376,2,Steady Mid-Value (A),2,High,3.180288184963875,-1.0649046800574093
14377,4,Seasonal Gift Shopper,4,Low,-1.533673313406318,0.512832698646659
14378,0,At-Risk / Lapsing (A),6,Low,-3.219194395568214,-0.1908872917386234
14379,4,Seasonal Gift Shopper,4,Low,-1.7538346971260157,0.3906910930576249
14380,2,Steady Mid-Value (A),2,High,1.5278578277266528,-0.5122829632585699
14381,5,At-Risk / Lapsing,3,Medium,-0.2654459442818064,1.0954026469669
14382,3,Steady Mid-Value,4,Low,-0.4831736707623476,-1.2021737866029738
14383,5,At-Risk / Lapsing,3,Low,-2.6574546826732224,1.340653925333345
14384,2,Steady Mid-Value (A),0,Medium,1.341434906829449,-1.0561031577477513
14385,1,Loyal High-Value,5,High,0.05985820162137742,2.652308039885092
14386,1,Loyal High-Value,5,High,1.972385005349246,2.068963619006035
14387,0,At-Risk / Lapsing (A),4,Medium,-1.1090859045286683,0.10031974319228999
14388,3,Steady Mid-Value,4,Medium,0.5215134749784094,-0.6993961518343131
14389,3,Steady Mid-Value,2,Medium,0.6255919807047463,0.18279837702277446
14390,3,Steady Mid-Value,4,Low,-0.4823276849206933,-0.427613031242613
14391,3,Steady Mid-Value,4,Low,-0.8442526621533772,-0.48197495926805256
14392,4,Seasonal Gift Shopper,6,Low,-5.417502356556903,-2.7255414766960615
14393,0,At-Risk / Lapsing (A),4,Low,-1.7195864090801183,0.3179303373282932
14394,4,Seasonal Gift Shopper,6,Low,-4.206592847906847,-1.6444978926562832
14395,2,Steady Mid-Value (A),0,High,2.3743071631175106,-1.5475454342529051
14396,3,Steady Mid-Value,1,Medium,-0.04845697186373456,-0.3030722223839051
14397,3,Steady Mid-Value,0,Medium,-0.26904547365189035,0.6038531150132623
14398,3,Steady Mid-Value,2,High,0.7976013100758503,1.0820664080821398
14399,3,Steady Mid-Value,4,Low,-1.2183218966885607,0.8136153655149047
14400,0,At-Risk / Lapsing (A),6,Low,-3.6225747784846853,-0.265109892981986
14401,2,Steady Mid-Value (A),2,High,1.6884448539281638,0.3104655275528688
14402,5,At-Risk / Lapsing,1,Low,-1.5948835602663682,0.12050168270249634
14403,3,Steady Mid-Value,4,Medium,-0.21763891043537448,0.9026689380115882
14404,2,Steady Mid-Value (A),0,High,2.8553083286702186,-1.3620870073163411
14405,3,Steady Mid-Value,2,High,0.9494992987438293,-0.2589069118939777
14406,3,Steady Mid-Value,4,Medium,-0.47198627640377805,-0.09548092633390332
14407,4,Seasonal Gift Shopper,4,Low,-1.6526421020135653,-0.07492736441872876
14408,1,Loyal High-Value,5,High,2.503614930570988,1.10412118148508
14409,3,Steady Mid-Value,4,Low,-0.3513325945821101,-0.12793711199504304
14410,2,Steady Mid-Value (A),0,Medium,1.1787465554935042,-0.8072559360304862
14411,1,Loyal High-Value,4,High,1.7367011332540225,1.2551294538078164
14412,3,Steady Mid-Value,2,Medium,0.7153840435811916,-0.11532494366766449
14413,3,Steady Mid-Value,1,Low,-0.8202862300044634,-1.125757988184863
14414,2,Steady Mid-Value (A),2,Medium,1.1124324669950032,-1.21152082633244
14415,0,At-Risk / Lapsing (A),6,Low,-4.945009716752437,-3.0327503892898435
14416,3,Steady Mid-Value,2,High,1.055714652475224,0.42841095169601245
14417,2,Steady Mid-Value (A),2,High,1.8049575130147413,-0.6080638865103577
14418,0,At-Risk / Lapsing (A),3,Low,-2.749093805619959,0.0034578632636333827
14419,5,At-Risk / Lapsing,0,Low,-1.1093269713843603,-0.3178670697433351
14420,0,At-Risk / Lapsing (A),6,Low,-3.751177511620107,-1.2191593080688223
14421,4,Seasonal Gift Shopper,6,Low,-3.7032172747191803,0.23266011897401692
14422,4,Seasonal Gift Shopper,4,Low,-2.3522391893750756,-1.5984087568795533
14423,3,Steady Mid-Value,1,Medium,-0.33956647303945464,0.477070328516456
14424,2,Steady Mid-Value (A),0,High,2.6027735497310336,-0.9126437037603738
14425,4,Seasonal Gift Shopper,4,Low,-2.9879128737433414,-2.3552592639356797
14426,3,Steady Mid-Value,4,Medium,-0.7043475792266708,1.485012092953874
14427,2,Steady Mid-Value (A),0,Medium,1.1145168813060355,-0.5273281687441628
14428,3,Steady Mid-Value,4,Low,-1.4167812508622624,-0.49160705389413
14429,3,Steady Mid-Value,1,Medium,0.077138664209211,-0.013895434458568544
14430,2,Steady Mid-Value (A),4,Medium,1.070351171255526,-0.6730053488564608
14431,3,Steady Mid-Value,4,High,1.040462166227842,0.2628467566684113
14432,2,Steady Mid-Value (A),2,Medium,1.0987515987052134,-1.5505089129125327
14433,2,Steady Mid-Value (A),0,Medium,1.9688309871169722,-1.8568491628011246
14434,4,Seasonal Gift Shopper,3,Low,-2.2246932116389364,2.558512354776306
14435,1,Loyal High-Value,5,High,0.5548296954308936,3.21828538918906
14436,5,At-Risk / Lapsing,0,Medium,0.2248663545409314,-0.24487595693820915
14437,0,At-Risk / Lapsing (A),1,Low,-0.859188686274115,-0.841808138713982
14438,5,At-Risk / Lapsing,0,Medium,-0.6929966486360927,0.7546075746531922
14439,3,Steady Mid-Value,2,Medium,0.4447487314816115,0.505487137262863
14440,2,Steady Mid-Value (A),0,High,3.0069235798328027,-0.9590272458158411
14441,4,Seasonal Gift Shopper,3,Low,-2.583076477991074,1.2863058874925324
14442,2,Steady Mid-Value (A),2,Medium,1.3638462455245033,-1.1646302021349322
14443,2,Steady Mid-Value (A),2,High,3.210019960306966,-1.0575634372401972
14444,4,Seasonal Gift Shopper,6,Low,-3.7607781215657985,-0.24999441703375963
14445,4,Seasonal Gift Shopper,6,Low,-3.7006862192140915,-0.03916742526674902
14446,0,At-Risk / Lapsing (A),0,Medium,0.4739089801788116,-0.6517449522617993
14447,4,Seasonal Gift Shopper,6,Low,-3.7957456312819464,-0.04314031300603885
14448,3,Steady Mid-Value,4,Medium,-0.471047904597573,-0.44462494858203827
14449,2,Steady Mid-Value (A),0,High,1.785325007084802,0.08241784784263205
14450,2,Steady Mid-Value (A),1,Medium,0.16950284564148915,-0.6809017739002873
14451,1,Loyal High-Value,5,High,2.618683647670242,2.5627454731174675
14452,3,Steady Mid-Value,2,High,1.0248241404928762,-0.20323956014925523
14453,4,Seasonal Gift Shopper,6,Low,-2.6012228193896227,1.6947247975088289
14454,0,At-Risk / Lapsing (A),4,Medium,-0.592847187972771,-0.025949008003137514
14455,2,Steady Mid-Value (A),4,High,1.6303387088436292,-1.0148647764267231
14456,3,Steady Mid-Value,1,Low,-0.34502748077871304,-0.20156868909294168
14457,3,Steady Mid-Value,2,Medium,0.3720647351801772,0.08636341846767412
14458,0,At-Risk / Lapsing (A),4,Low,0.3927495418050552,-1.7827503460723588
14459,1,Loyal High-Value,4,High,1.9230066308797098,2.5320578366508095
14460,4,Seasonal Gift Shopper,4,Low,-1.7430902307437641,-2.5127879631713252
14461,3,Steady Mid-Value,1,Medium,0.03545044792839482,-1.1207070604183587
14462,5,At-Risk / Lapsing,3,Low,-2.981929705011879,-2.450529239339575
14463,4,Seasonal Gift Shopper,6,Medium,-1.379008723384363,2.6419895645813396
14464,4,Seasonal Gift Shopper,4,Low,-2.120683824926098,-1.1321664115144858
14465,2,Steady Mid-Value (A),0,High,1.2775761148006248,-0.7250786611879361
14466,1,Loyal High-Value,4,High,1.6143972190799414,1.0870703745169015
14467,3,Steady Mid-Value,1,Medium,-0.3787958862197709,0.03870071879710902
14468,3,Steady Mid-Value,4,Medium,-0.5735261966543035,0.6413284515279588
14469,2,Steady Mid-Value (A),2,High,2.028815752812127,-0.36103640213204613
14470,2,Steady Mid-Value (A),1,Medium,0.3253313377599201,-1.0422749500962458
14471,5,At-Risk / Lapsing,3,Low,-1.342932960685253,-0.02665403310493217
14472,3,Steady Mid-Value,1,Medium,0.4293222275631221,0.4283084807765958
14473,3,Steady Mid-Value,4,Medium,-0.46786869670860937,0.10178753141319859
14474,3,Steady Mid-Value,4,Medium,-0.3581748889651715,-0.2895518601254318
14475,2,Steady Mid-Value (A),2,High,1.8692487273854888,0.08381932391314213
14476,5,At-Risk / Lapsing,3,Low,-1.8619643160765873,0.6732742088833119
14477,3,Steady Mid-Value,1,Medium,-0.8287888992169371,0.5948662244264713
14478,4,Seasonal Gift Shopper,6,Low,-2.8601141715833758,0.9968915097065735
14479,4,Seasonal Gift Shopper,6,Low,-3.006433009655482,0.9824110071187312
14480,3,Steady Mid-Value,1,Medium,-0.1798815598208853,0.4654269703759886
14481,3,Steady Mid-Value,1,Medium,-0.13070153631068315,0.9749428893179457
14482,3,Steady Mid-Value,4,Medium,-0.17781444880428898,0.37799583396464437
14483,4,Seasonal Gift Shopper,6,Low,-2.8436468798876753,1.3426892210325976
14484,5,At-Risk / Lapsing,3,Low,-3.9460642097346526,-0.27916448574642555
14485,3,Steady Mid-Value,1,Medium,-0.2553638151255983,0.4124106785995362
14486,3,Steady Mid-Value,2,High,0.5094924673325166,0.45568438550018875
14487,1,Loyal High-Value,5,High,3.327958966746601,1.2254278676756922
14488,2,Steady Mid-Value (A),0,Medium,0.5381849541696708,-0.22637501362494933
14489,4,Seasonal Gift Shopper,6,Low,-2.7915754353762696,1.506699564535048
14490,2,Steady Mid-Value (A),2,High,1.4196252993457323,-1.0232009222267486
14491,0,At-Risk / Lapsing (A),4,Low,-0.6911685421428577,-1.3117528734751935
14492,3,Steady Mid-Value,4,Medium,0.381673051105586,1.1540501365061575
14493,2,Steady Mid-Value (A),0,High,2.7931238637726623,-1.6808067633776078
14494,3,Steady Mid-Value,4,Low,-1.2388592164336776,-0.09164944267368631
14495,2,Steady Mid-Value (A),2,High,1.4412126517540857,-0.3570013028999998
14496,3,Steady Mid-Value,4,Low,-0.931433183003797,-1.392453281866146
14497,5,At-Risk / Lapsing,1,Low,-0.2897677477735672,0.04480403645175296
14498,3,Steady Mid-Value,1,Low,-1.7159599512962966,0.6755703266755319
14499,2,Steady Mid-Value (A),2,High,1.5165397097941269,-0.08725980239132242
14500,3,Steady Mid-Value,4,High,0.8198057706000562,0.28554553718973863
14501,0,At-Risk / Lapsing (A),4,Low,-2.465864646468317,-1.3437122046566763
14502,2,Steady Mid-Value (A),0,High,1.7311211452104103,-1.4487627207021925
14503,3,Steady Mid-Value,2,Medium,0.24480854091924562,0.05061166055719333
14504,2,Steady Mid-Value (A),2,High,1.5096542198531238,-0.1889822467388328
14505,2,Steady Mid-Value (A),2,Medium,1.0912737299795923,-0.48005299737734997
14506,4,Seasonal Gift Shopper,4,Low,-1.7096105792974807,-0.5000563196506282
14507,5,At-Risk / Lapsing,3,Low,-0.9747593031781698,0.3366481909217729
14508,1,Loyal High-Value,4,High,0.6699276915325263,2.410913000919675
14509,3,Steady Mid-Value,4,Medium,-0.1685102632229798,-0.39366417319010505
14510,0,At-Risk / Lapsing (A),1,Medium,-0.6401680603254509,-0.19696908897965337
14511,3,Steady Mid-Value,1,Medium,-0.12486172172424889,0.45454453282086826
14512,2,Steady Mid-Value (A),4,Medium,1.4887778382479222,-1.663852349053237
14513,3,Steady Mid-Value,4,Low,-0.42866943542573305,-0.6956856130027114
14514,5,At-Risk / Lapsing,3,Low,-2.7295983264088526,-1.4383852296794688
14515,2,Steady Mid-Value (A),4,High,1.0679334912315581,-0.6695324872644346
14516,2,Steady Mid-Value (A),0,High,1.8072635345104946,-1.2180334901833128
14517,5,At-Risk / Lapsing,3,Medium,-0.994008689387392,1.159262467835007
14518,4,Seasonal Gift Shopper,6,Low,-4.32296805725667,-1.2958019323098346
14519,3,Steady Mid-Value,1,Medium,-0.37294586043399125,0.00151030807335594
14520,2,Steady Mid-Value (A),2,High,2.151182878288811,-0.8525252790488119
14521,3,Steady Mid-Value,1,High,0.9395191691899096,0.7561192267897526
14522,3,Steady Mid-Value,1,Low,-0.1407588956129187,-0.23797600870732935
14523,2,Steady Mid-Value (A),2,High,1.287318517249902,-0.23945263106011264
14524,2,Steady Mid-Value (A),0,High,2.8077361593354726,-0.7552147962590178
14525,3,Steady Mid-Value,1,Medium,0.17495121748046785,0.1832565530910813
14526,3,Steady Mid-Value,4,High,-0.0514695842297276,2.0795654337394986
14527,2,Steady Mid-Value (A),2,Medium,0.9780750623520604,-0.8818734602027198
14528,4,Seasonal Gift Shopper,6,Low,-2.7812227196227854,0.6756419334864477
14529,0,At-Risk / Lapsing (A),6,Low,-2.3187187736685027,1.0568094584835364
14530,0,At-Risk / Lapsing (A),1,Medium,-0.9843268608533499,0.6742877376326151
14531,3,Steady Mid-Value,1,Low,-1.1567077681853917,-0.032811788369269755
14532,3,Steady Mid-Value,1,Medium,0.13550512115433277,-0.37745748857153233
14533,0,At-Risk / Lapsing (A),6,Low,-2.9842832453930153,-0.7864325503045099
14534,3,Steady Mid-Value,2,Medium,0.5497735531976146,-0.3523936353515143
14535,2,Steady Mid-Value (A),2,High,1.6186218079492156,0.09616336710419317
14536,2,Steady Mid-Value (A),0,High,1.5203793861872734,-0.8439934530803892
14537,2,Steady Mid-Value (A),2,Medium,1.054026405245397,-0.6281605709495379
14538,2,Steady Mid-Value (A),4,Medium,0.6651056554858704,-1.0328164237602613
14539,3,Steady Mid-Value,4,Medium,0.3291334977263651,0.15361241040079537
14540,2,Steady Mid-Value (A),2,High,1.121827078309127,-0.16299437148706183
14541,1,Loyal High-Value,5,High,1.1055306815322792,2.0820947360154256
14542,3,Steady Mid-Value,4,Medium,-0.029245184073001782,0.23023032209927205
14543,3,Steady Mid-Value,4,Low,-0.9343572794020635,0.5143695402892943
14544,3,Steady Mid-Value,1,Medium,-0.6054876107501184,0.7106222238980516
14545,3,Steady Mid-Value,1,Low,-0.23154328274625038,-0.1676858310924271
14546,4,Seasonal Gift Shopper,6,Medium,-2.160498242329326,1.543800939497431
14547,2,Steady Mid-Value (A),0,High,2.27013439723862,-1.22317407238446
14548,3,Steady Mid-Value,4,Low,-1.2176449150467445,0.3767487920116094
14549,3,Steady Mid-Value,4,Low,-1.2320108638238663,1.3506027992863594
14550,2,Steady Mid-Value (A),2,Medium,1.2246569563271246,-1.2524123731145889
14551,4,Seasonal Gift Shopper,4,Low,-1.773256979758889,-0.17765217132643973
14552,0,At-Risk / Lapsing (A),0,Medium,0.46459942242181634,-0.6184700948165727
14553,2,Steady Mid-Value (A),2,High,2.7218969019856694,-0.7600286522756926
14554,4,Seasonal Gift Shopper,6,Low,-3.7409605051388244,0.25654953013623
14555,0,At-Risk / Lapsing (A),0,High,1.2614188185967037,-0.23105649408771411
14556,2,Steady Mid-Value (A),0,High,1.4713961151143493,-0.07598124118050599
14557,5,At-Risk / Lapsing,3,Medium,-0.19901373195070732,1.4477692959039368
14558,3,Steady Mid-Value,1,High,0.4080309806465579,1.2759662041021043
14559,4,Seasonal Gift Shopper,6,Low,-3.1170058603567057,0.7731885853033661
14560,1,Loyal High-Value,5,High,1.8625529162112842,1.941806790381429
14561,1,Loyal High-Value,5,High,3.870531064979308,1.3081846104936115
14562,3,Steady Mid-Value,4,Medium,-0.36902175722427444,0.1669703368338009
14563,2,Steady Mid-Value (A),0,High,1.723216841176387,-0.831602045690258
14564,5,At-Risk / Lapsing,0,Medium,0.14449161189826076,0.25981206640814597
14565,3,Steady Mid-Value,2,Medium,0.7120732401027341,-0.5781714235888419
14566,3,Steady Mid-Value,4,Low,-0.27245866721435247,-0.7798807089878845
14567,1,Loyal High-Value,5,High,1.9936345908941269,1.3857347229677035
14568,4,Seasonal Gift Shopper,6,Low,-4.150156683763135,-0.7633026340288416
14569,4,Seasonal Gift Shopper,4,Low,-1.90105576786704,0.19834467359907706
14570,4,Seasonal Gift Shopper,6,Low,-3.2042315056496107,1.0692250330525657
14571,2,Steady Mid-Value (A),2,High,1.345187323723575,-0.2991443392490096
14572,3,Steady Mid-Value,1,Medium,-1.1406265504682742,1.2278726707971324
14573,2,Steady Mid-Value (A),4,High,2.2555872538516852,-1.3709789370819356
14574,4,Seasonal Gift Shopper,4,Low,-2.0344314591866968,-0.06381402697324165
14575,0,At-Risk / Lapsing (A),4,Medium,0.4727029693237,-0.7501534347003065
14576,2,Steady Mid-Value (A),2,High,1.2576978909422256,-0.7259295424446702
14577,2,Steady Mid-Value (A),0,High,2.1035582095462257,-0.6480338204869767
14578,3,Steady Mid-Value,2,Medium,0.5309734960010067,-0.46338390080875413
14579,2,Steady Mid-Value (A),0,High,1.0330781684748445,-0.44851550581655697
14580,2,Steady Mid-Value (A),2,High,1.1620172677225247,-0.8487612271722232
14581,5,At-Risk / Lapsing,0,Medium,-0.1764037809076051,0.24240830876297867
14582,5,At-Risk / Lapsing,1,Low,-1.721212968940655,-0.6830443997140629
14583,3,Steady Mid-Value,1,Low,-0.5915995356508716,-0.06908056207617766
14584,5,At-Risk / Lapsing,3,Low,-1.987496820816984,-1.5548009121746642
14585,2,Steady Mid-Value (A),2,High,2.024040266452586,-0.7234749345528402
14586,0,At-Risk / Lapsing (A),6,Low,-3.4392528836691807,-0.5889189828333626
14587,4,Seasonal Gift Shopper,4,Low,-1.0692186456430222,-0.6257314019675723
14588,1,Loyal High-Value,5,High,3.1236578145280847,1.3263695978508347
14589,1,Loyal High-Value,4,High,0.14129115641642023,3.089717884209529
14590,4,Seasonal Gift Shopper,4,Low,-1.5364251498652484,-0.29353250049741847
14591,1,Loyal High-Value,5,High,0.7178176131552474,1.6019634138085785
14592,3,Steady Mid-Value,1,Medium,0.300813433522265,-0.294555299043921
14593,4,Seasonal Gift Shopper,4,Low,-1.7855404958148569,-0.1209806406061035
14594,2,Steady Mid-Value (A),0,High,2.5174641317018884,-0.7343804729324142
14595,2,Steady Mid-Value (A),0,High,2.0428804521805617,-0.9699321220287496
14596,3,Steady Mid-Value,1,Medium,0.10065946542328753,-0.23874539972949116
14597,0,At-Risk / Lapsing (A),1,Medium,-0.8320216994190927,0.9963590317514398
14598,1,Loyal High-Value,5,High,2.9838748836179696,1.7711030517377337
14599,3,Steady Mid-Value,4,Low,-0.7084753984300901,1.0796151474219517
14600,3,Steady Mid-Value,1,Medium,0.10645501731041736,-0.2942194743139114
14601,2,Steady Mid-Value (A),2,Medium,0.5279596692318143,-0.547093136751653
14602,4,Seasonal Gift Shopper,6,Low,-3.9329190961912275,-0.597924974589677
14603,3,Steady Mid-Value,3,Medium,-0.6911890783625755,1.6734626893920328
14604,3,Steady Mid-Value,4,Low,-0.5288508011858165,-1.7241121397465342
14605,0,At-Risk / Lapsing (A),6,Low,-5.48962674604903,-3.78326669302121
14606,2,Steady Mid-Value (A),2,High,1.9805758737061614,-0.02058795196964714
14607,3,Steady Mid-Value,1,High,1.0694029177713296,0.9370328829243871
14608,2,Steady Mid-Value (A),0,High,1.3397105488036858,-0.2250304846491938
14609,3,Steady Mid-Value,0,Medium,-0.394394029375942,0.049023652979885333
14610,2,Steady Mid-Value (A),4,Medium,1.0085733644542467,-0.5932870202448286
14611,0,At-Risk / Lapsing (A),4,Low,-1.3549167532175286,0.9285506928475536
14612,1,Loyal High-Value,5,High,2.190226842936132,3.2986841458645877
14613,3,Steady Mid-Value,2,Medium,0.5710788589085093,0.40673598999170074
14614,2,Steady Mid-Value (A),2,Medium,0.9568146625441143,-0.7767525988902922
14615,2,Steady Mid-Value (A),0,High,1.6168537427735203,-1.2807182805418593
14616,2,Steady Mid-Value (A),2,Medium,0.9019909266621428,0.27576404552145384
14617,5,At-Risk / Lapsing,3,Low,-1.2958382784002536,0.5252318826704285
14618,4,Seasonal Gift Shopper,6,Low,-2.5791513410645295,1.079614122825637
14619,3,Steady Mid-Value,0,High,0.8633317395447342,1.0468714291991355
14620,0,At-Risk / Lapsing (A),6,Medium,-1.5763186459445597,1.411295030053528
14621,3,Steady Mid-Value,1,Medium,-0.23220191255599484,1.4507148150150824
14622,3,Steady Mid-Value,2,High,0.9168226898643657,0.11015986846023616
14623,1,Loyal High-Value,5,High,2.4649356174148784,1.7824392576169181
14624,5,At-Risk / Lapsing,3,Low,-1.1267684707040329,-0.24340438396889685
14625,2,Steady Mid-Value (A),2,High,2.6918245405295185,-1.0859654538372687
14626,3,Steady Mid-Value,4,Medium,-0.046702036771508026,0.5828118871499842
14627,3,Steady Mid-Value,4,Low,-1.3558147392415894,0.6819516666939249
14628,2,Steady Mid-Value (A),2,High,1.9170943273080239,-0.9987115116730925
14629,4,Seasonal Gift Shopper,6,Low,-2.842316152648417,1.2105401615777902
14630,3,Steady Mid-Value,4,Medium,-0.37159277760582354,0.5101201489783994
14631,3,Steady Mid-Value,1,Medium,-0.41736694529057095,-0.11861755977601605
14632,3,Steady Mid-Value,1,Medium,-0.30720507086417137,1.6803967107318205
14633,0,At-Risk / Lapsing (A),6,Low,-4.918297605644008,-3.5586219448589778
14634,3,Steady Mid-Value,4,Low,-0.2161103280557639,-0.9302993378091688
14635,2,Steady Mid-Value (A),4,Medium,1.1824605397406398,-0.5381650990104796
14636,2,Steady Mid-Value (A),2,High,1.4422647297698137,0.4192403666265568
14637,2,Steady Mid-Value (A),0,High,1.1159126200802993,-0.3563065951012155
14638,2,Steady Mid-Value (A),2,High,2.247023175739873,-0.7957912938827983
14639,3,Steady Mid-Value,2,High,0.8620746788673939,0.052324670212408796
14640,5,At-Risk / Lapsing,3,Low,-1.2859399781139866,-0.136786422416837
14641,3,Steady Mid-Value,4,Medium,0.4003500300867686,0.3561010481213288
14642,5,At-Risk / Lapsing,0,Medium,0.14758249469428733,1.2238571175927315
14643,3,Steady Mid-Value,1,Medium,0.06700917787533676,-0.5860302301552253
14644,4,Seasonal Gift Shopper,6,Low,-3.838958116521326,-0.21577797950597835
14645,3,Steady Mid-Value,1,Low,-0.9747653030714128,0.45254262094741754
14646,4,Seasonal Gift Shopper,3,Low,-2.4483732919107966,0.579169868497742
14647,2,Steady Mid-Value (A),2,High,1.2919193848534314,0.09934310334122098
14648,2,Steady Mid-Value (A),2,High,2.903103271112245,-0.7922256123530427
14649,4,Seasonal Gift Shopper,6,Medium,-1.8878603540735504,2.9073077059040497
14650,1,Loyal High-Value,5,High,1.861824877315137,1.8284682581671077
14651,3,Steady Mid-Value,1,Medium,-0.23358647767256094,0.25706334949178133
14652,3,Steady Mid-Value,2,Medium,0.16424917932487001,0.2435326536621953
14653,1,Loyal High-Value,5,High,2.188786618145101,1.7759434708255437
14654,2,Steady Mid-Value (A),2,High,1.5047787942919486,0.1422249771430213
14655,5,At-Risk / Lapsing,0,High,0.9913178975886764,0.5821074650351442
14656,2,Steady Mid-Value (A),2,High,1.3504664046142623,-0.14875186790421793
14657,1,Loyal High-Value,4,High,1.3916068108704676,2.4831721102426454
14658,3,Steady Mid-Value,4,Medium,-0.5781216123193277,0.8981906526368285
14659,3,Steady Mid-Value,1,High,0.4680740835031351,1.3370800919656256
14660,4,Seasonal Gift Shopper,6,Low,-4.190122390719432,-1.3061213905327171
14661,2,Steady Mid-Value (A),2,High,1.4198113274212607,-0.08007568784086842
14662,2,Steady Mid-Value (A),4,High,2.0487052067635085,-1.4960250643633555
14663,3,Steady Mid-Value,4,High,0.6875272195926952,0.33959508710315994
14664,4,Seasonal Gift Shopper,6,Low,-2.2258826219477217,1.5642864669913623
14665,2,Steady Mid-Value (A),0,High,2.1036198813438873,-0.8128617751377272
14666,2,Steady Mid-Value (A),0,Medium,1.564517498557718,-1.9028716027644486
14667,3,Steady Mid-Value,2,Medium,0.7226927533580679,-0.27852779861788807
14668,2,Steady Mid-Value (A),0,Low,0.08512241274291145,-1.0308245236547193
14669,4,Seasonal Gift Shopper,6,Low,-3.5370269497164557,0.464325148274168
14670,3,Steady Mid-Value,2,Medium,0.3083298985189662,0.16626223038714155
14671,3,Steady Mid-Value,1,Medium,-0.46608405690409654,-0.07912451760983419
14672,0,At-Risk / Lapsing (A),3,Low,-3.0289422462075524,-0.16721533940345404
14673,3,Steady Mid-Value,4,Low,-0.2135984124272388,-0.8580044627506911
14674,1,Loyal High-Value,5,High,2.046490752645286,0.9090907474665091
14675,3,Steady Mid-Value,4,Low,-0.3831835117221314,-0.8282919621449572
14676,0,At-Risk / Lapsing (A),0,High,0.7818008325547705,0.05213676736853745
14677,5,At-Risk / Lapsing,3,Low,-1.9802181125063818,0.2719840277068427
14678,3,Steady Mid-Value,1,Medium,-0.990916934841762,0.41896227640396494
14679,3,Steady Mid-Value,4,Medium,-0.2207836285065275,0.038341010847799964
14680,4,Seasonal Gift Shopper,4,Low,-1.2426224202921055,-1.7001303719806666
14681,3,Steady Mid-Value,4,Medium,0.7527635054148379,-0.2575096245917062
14682,3,Steady Mid-Value,1,Low,-0.3495576987995415,-0.799297280138687
14683,3,Steady Mid-Value,2,High,1.0271980874450148,-0.08297469649576295
14684,4,Seasonal Gift Shopper,4,Low,-2.657449657985022,-2.5885888037991784
14685,3,Steady Mid-Value,4,Medium,-0.08358703246181262,0.6978360890218823
14686,2,Steady Mid-Value (A),2,High,1.5420396782097883,-0.9592040897845311
14687,2,Steady Mid-Value (A),0,High,1.8882925845541911,-1.426824518527548
14688,2,Steady Mid-Value (A),0,High,1.4347649202839334,-0.41940764636815214
14689,2,Steady Mid-Value (A),2,High,2.0203471278182574,-0.5880345945198494
14690,2,Steady Mid-Value (A),4,Medium,1.1255215066122952,-0.40969986677544556
14691,3,Steady Mid-Value,4,Medium,-0.014481673475516342,0.6997113950670245
14692,1,Loyal High-Value,5,High,1.1738719178238577,1.4798375976854894
14693,0,At-Risk / Lapsing (A),1,Low,-1.6653156849886348,0.12495020651156853
14694,2,Steady Mid-Value (A),2,High,1.6958981673437725,-0.7519506986059673
14695,3,Steady Mid-Value,4,Medium,-0.47997837227851164,0.6661042132019239
14696,3,Steady Mid-Value,4,High,0.9128937908376974,0.5636501657701334
14697,2,Steady Mid-Value (A),2,High,1.3297431332150351,-0.13018766353073152
14698,2,Steady Mid-Value (A),4,High,1.1663073346283144,-0.023920869482825142
14699,3,Steady Mid-Value,4,Low,-1.5900777000746622,0.28682439749664285
14700,2,Steady Mid-Value (A),0,High,1.6459146307177146,0.17751620071878838
14701,3,Steady Mid-Value,4,Medium,0.3956155936144051,0.51557495835266
14702,1,Loyal High-Value,5,High,3.1998480215945393,1.430515443656193
14703,3,Steady Mid-Value,1,Medium,-0.8545978216690102,1.0879001787254834
14704,3,Steady Mid-Value,1,Medium,-0.5269835823109471,0.7292466750021798
14705,3,Steady Mid-Value,4,Low,-0.6038784083441835,-0.8040394909798823
14706,2,Steady Mid-Value (A),4,Medium,0.7871325345665254,-0.6042380932836926
14707,4,Seasonal Gift Shopper,6,Low,-5.322143871407281,-1.970304939520267
14708,3,Steady Mid-Value,1,Medium,-1.0709729084389807,1.064768407751665
14709,3,Steady Mid-Value,2,High,0.8886776254142479,0.1697498469974011
14710,2,Steady Mid-Value (A),2,Medium,1.059746623653764,-0.44225868200623875
14711,2,Steady Mid-Value (A),2,Medium,0.817602964483473,0.19621480325464327
14712,2,Steady Mid-Value (A),0,Medium,1.333489601000611,-1.408634920896441
14713,3,Steady Mid-Value,1,Medium,-1.1282223278055286,1.2204634511907504
14714,0,At-Risk / Lapsing (A),4,Low,-1.360017756394236,-0.30450192299350404
14715,5,At-Risk / Lapsing,0,Medium,1.3999188093920583,-0.35037609716241047
14716,3,Steady Mid-Value,2,Medium,0.41983621930696513,0.29952903562553385
14717,1,Loyal High-Value,5,High,2.893547730214719,1.1954836024758526
14718,2,Steady Mid-Value (A),0,High,2.539969274935144,-1.3283119197577957
14719,1,Loyal High-Value,5,High,1.1461176987574102,2.0883564469175617
14720,0,At-Risk / Lapsing (A),0,High,1.4021761920494704,-1.3123194838303194
14721,2,Steady Mid-Value (A),2,High,2.184774005177237,-0.700909758242333
14722,1,Loyal High-Value,3,Medium,0.07134273954970648,2.051069664617586
14723,2,Steady Mid-Value (A),0,High,1.1656381167762826,-0.3545562415833287
14724,3,Steady Mid-Value,4,Medium,-1.2113663357311786,1.0514092686433245
14725,3,Steady Mid-Value,4,Medium,-0.7743571201075763,0.196532165948177
14726,2,Steady Mid-Value (A),2,High,3.0236086813314595,-1.3202903095866043
14727,2,Steady Mid-Value (A),2,Medium,1.5065926984618394,-1.0383310833888837
14728,3,Steady Mid-Value,4,Low,-1.6004579055422334,-0.7382649219562767
14729,2,Steady Mid-Value (A),0,Medium,0.5214677659330941,-1.7757461460694
14730,3,Steady Mid-Value,1,Medium,-0.15653006819605825,-0.32256778646307127
14731,1,Loyal High-Value,4,High,0.4134069396303493,1.9262605905966983
14732,5,At-Risk / Lapsing,3,Low,-2.617855583685377,0.7608152020794585
14733,2,Steady Mid-Value (A),4,Medium,1.2772993028341295,-1.063710674315418
14734,2,Steady Mid-Value (A),4,Medium,0.516751431183345,-1.1903693472373538
14735,0,At-Risk / Lapsing (A),0,Medium,0.582075983253059,-0.17433636022602522
14736,2,Steady Mid-Value (A),2,High,1.247414505470856,-0.5805869772549779
14737,3,Steady Mid-Value,1,Low,-1.6492128357027083,0.5954437190092864
14738,2,Steady Mid-Value (A),4,High,1.1027017573313294,-0.15420378482458663
14739,3,Steady Mid-Value,1,Medium,-0.9355229442097095,1.1185097772129176
14740,2,Steady Mid-Value (A),2,High,1.9223405462906609,-0.9580888803509539
14741,3,Steady Mid-Value,1,Medium,0.007111647875954057,1.2613118350013819
14742,3,Steady Mid-Value,4,Medium,0.3140032674730239,0.0024893042048881563
14743,2,Steady Mid-Value (A),2,High,1.4952259134590833,-0.625608543293087
14744,3,Steady Mid-Value,4,Medium,0.1612611345868748,-0.11181670619832687
14745,2,Steady Mid-Value (A),4,High,1.7556785815351748,-0.4329652341530726
14746,2,Steady Mid-Value (A),2,High,1.4974403057504118,-0.20319114265146287
14747,2,Steady Mid-Value (A),2,High,2.7796374837532634,-1.0502842603394889
14748,1,Loyal High-Value,6,High,-0.9899125822812088,3.5697648268265874
14749,2,Steady Mid-Value (A),2,High,1.87561635664962,-0.5927297909738726
14750,3,Steady Mid-Value,1,Medium,-0.1606049977633325,0.6164618876802022
14751,3,Steady Mid-Value,1,Medium,0.410710954950714,1.0239619668152466
14752,3,Steady Mid-Value,1,Medium,-0.5228786158422161,-0.04892228828957049
14753,3,Steady Mid-Value,1,Low,-0.4513923766805501,-0.48359593847784293
14754,0,At-Risk / Lapsing (A),0,High,0.7364450905959204,-0.44864852458732607
14755,2,Steady Mid-Value (A),2,High,1.7793085828545134,-0.8216086822923446
14756,3,Steady Mid-Value,4,High,0.3236827569189859,1.5721735921610407
14757,5,At-Risk / Lapsing,3,Low,-2.9553820294332636,-0.5749354832239626
14758,3,Steady Mid-Value,4,Medium,-0.8202192759602358,0.5982414523605928
14759,3,Steady Mid-Value,2,Medium,0.4690496723706181,-0.30080131222055406
14760,3,Steady Mid-Value,3,Medium,-0.03445201903662973,1.9159340841835952
14761,3,Steady Mid-Value,4,Low,-1.4316460980427528,0.3926374453171436
14762,2,Steady Mid-Value (A),2,High,1.6960714451514192,-0.6696771931847798
14763,2,Steady Mid-Value (A),2,High,1.7676957437396277,-1.0832715734107
14764,4,Seasonal Gift Shopper,3,Low,-2.256646759582826,1.2610544023383445
14765,3,Steady Mid-Value,2,Medium,0.6031169453981469,0.09918381815671677
14766,3,Steady Mid-Value,1,Low,-0.1229905552456944,-0.8393436419975476
14767,4,Seasonal Gift Shopper,4,Low,-1.6390690966050236,-1.2322492482431306
14768,4,Seasonal Gift Shopper,6,Low,-3.196208156447053,0.25283126594985456
14769,4,Seasonal Gift Shopper,6,Low,-2.865893639129912,1.2943649726935091
14770,3,Steady Mid-Value,4,Medium,0.4343873596836368,0.3729742845494702
14771,1,Loyal High-Value,5,High,2.4254501836653013,2.215849485025261
14772,2,Steady Mid-Value (A),0,High,1.7636851311832071,-0.55331479857452
14773,4,Seasonal Gift Shopper,4,Low,-1.4505636700945213,-0.02654417031880502
14774,3,Steady Mid-Value,4,Medium,-0.7874062698771224,0.6624496305841341
14775,3,Steady Mid-Value,0,High,0.6807884413548551,0.23242744373617374
14776,3,Steady Mid-Value,1,Low,-0.9552062143541415,0.16860656240106034
14777,2,Steady Mid-Value (A),4,Low,-0.07430613146870468,-1.8831782190410098
14778,0,At-Risk / Lapsing (A),4,Low,-1.8351296545460993,-0.4517387954042765
14779,3,Steady Mid-Value,4,Low,-0.6851950242372636,-0.19576029619622623
14780,4,Seasonal Gift Shopper,6,Low,-3.309268131947833,-0.8420074920002553
14781,2,Steady Mid-Value (A),4,High,2.1184566372560205,0.1207680199433106
14782,2,Steady Mid-Value (A),4,High,1.6117117899570674,-0.7206942038255969
14783,2,Steady Mid-Value (A),2,Medium,1.1337143669709746,-0.6157913782680543
14784,1,Loyal High-Value,5,High,2.751810441003026,1.662346977374339
14785,3,Steady Mid-Value,4,Medium,-0.7371680516254251,0.6110214096529414
14786,2,Steady Mid-Value (A),1,Medium,0.1999363138422724,-1.6077786340923117
14787,1,Loyal High-Value,5,High,0.8057163000911285,2.4008946330499468
14788,4,Seasonal Gift Shopper,4,Low,-2.500401464171049,-1.9126161641728672
14789,2,Steady Mid-Value (A),2,High,1.7721185353206943,0.07095850671554021
14790,2,Steady Mid-Value (A),0,High,1.6404021062140632,0.14958156734355693
14791,2,Steady Mid-Value (A),2,High,1.4590424726914748,-0.767039430288037
14792,0,At-Risk / Lapsing (A),6,Low,-2.7999652649555857,-1.9963070483954333
14793,3,Steady Mid-Value,4,Medium,0.15313527409827818,-0.22443102791131259
14794,5,At-Risk / Lapsing,3,Medium,-0.3592056532461785,0.9914138853089198
14795,3,Steady Mid-Value,0,High,0.5121607276449908,0.047116918828834634
14796,2,Steady Mid-Value (A),0,Medium,0.8873072007148419,-0.3633004363391452
14797,3,Steady Mid-Value,4,Medium,0.1292917757461628,-0.06694938359993567
14798,4,Seasonal Gift Shopper,4,Low,-2.3653771300217636,-0.8160948821165592
14799,3,Steady Mid-Value,2,Medium,-0.07763985528972052,0.7558397880600644
14800,0,At-Risk / Lapsing (A),4,Low,-0.5397964460875575,-0.7771811335571066
14801,4,Seasonal Gift Shopper,4,Low,-2.2712785221159035,-0.5060141080804644
14802,3,Steady Mid-Value,0,High,0.3753287379119664,0.5907767731107424
14803,0,At-Risk / Lapsing (A),1,Low,-1.3385393568544952,-0.537633393135889
14804,3,Steady Mid-Value,1,Medium,-0.36223801747752354,-0.26390007351106265
14805,2,Steady Mid-Value (A),2,High,1.3265795838253216,-0.5997928333883443
14806,3,Steady Mid-Value,4,Medium,-1.1309542197959048,1.5514326294043974
14807,3,Steady Mid-Value,4,Medium,0.6865116308130155,-0.28121015981651926
14808,3,Steady Mid-Value,4,Medium,-0.3182228251642342,0.8383540766467984
14809,4,Seasonal Gift Shopper,6,Low,-3.1312815812673422,1.1925985223063984
14810,2,Steady Mid-Value (A),0,Medium,0.7104300359760108,-1.2538962026060252
14811,2,Steady Mid-Value (A),2,Medium,0.8341977837450784,-0.5176065550200771
14812,0,At-Risk / Lapsing (A),1,Low,-1.7149216560728,0.1396276570168481
14813,5,At-Risk / Lapsing,3,Low,-3.4031841657219446,1.0993079166932003
14814,3,Steady Mid-Value,4,Low,-0.5280382582041705,-0.06659649396043311
14815,3,Steady Mid-Value,4,High,1.1631086696045756,0.28725508328829674
14816,3,Steady Mid-Value,4,Medium,-0.4195466312364981,1.018917243258529
14817,3,Steady Mid-Value,4,Low,-0.8818966829716764,-1.1669233064313083
14818,3,Steady Mid-Value,4,Medium,0.42024991144179225,-1.2194845990252905
14819,3,Steady Mid-Value,4,Medium,-0.07037323272166453,-0.15904346064601516
14820,1,Loyal High-Value,5,High,2.931694226196369,1.8816525244804228
14821,2,Steady Mid-Value (A),1,High,0.8954217955485383,-0.10817820602345776
14822,4,Seasonal Gift Shopper,6,Low,-2.4439060954811986,1.4488737581701512
14823,5,At-Risk / Lapsing,3,High,0.06707991552841659,3.7815356575439627
14824,3,Steady Mid-Value,4,Medium,-0.06743370304981658,-0.6703615721537975
14825,3,Steady Mid-Value,0,Medium,0.5554837370364961,-0.04462516040004434
14826,3,Steady Mid-Value,1,Medium,-0.3891054070688309,0.13433488897531515
14827,3,Steady Mid-Value,4,Medium,-1.0061608445595522,0.9862199679235423
14828,3,Steady Mid-Value,1,Medium,-0.11357353184863192,0.8672684239881701
14829,3,Steady Mid-Value,4,Low,-1.0597456219635222,-0.8810343746951927
14830,1,Loyal High-Value,5,High,1.6213759708181799,0.9942750497236655
14831,3,Steady Mid-Value,4,Medium,0.5988094648231499,0.3536341323205623
14832,5,At-Risk / Lapsing,3,Low,-2.072535384967627,-0.7464219276290762
14833,3,Steady Mid-Value,1,Medium,0.26691017075960755,-0.018271975958132798
14834,2,Steady Mid-Value (A),0,High,2.6231065418869575,-1.0222441407669665
14835,4,Seasonal Gift Shopper,4,Low,-2.8632384460800226,-1.5813211616999792
14836,5,At-Risk / Lapsing,0,Medium,0.5936447659149726,-0.3151831801971522
14837,1,Loyal High-Value,5,High,3.395664837755001,1.8230498788386589
14838,2,Steady Mid-Value (A),4,Medium,1.069226972144804,-0.8183461399678058
14839,2,Steady Mid-Value (A),0,Medium,1.086201461424482,-0.046288798000598486
14840,3,Steady Mid-Value,1,Medium,0.01578914192175187,0.316965612601565
14841,1,Loyal High-Value,5,High,2.9459616754623674,1.3283144970651357
14842,3,Steady Mid-Value,1,Medium,-0.4026371137005569,0.7632989213831607
14843,4,Seasonal Gift Shopper,4,Low,-2.737015899322434,-1.5772832283358593
14844,4,Seasonal Gift Shopper,3,Low,-2.435559397629111,1.9945309820185613
14845,0,At-Risk / Lapsing (A),4,Low,-0.6544988932913272,-1.4978228418383264
14846,2,Steady Mid-Value (A),2,High,1.3688678551185987,-0.0008013843471412484
14847,1,Loyal High-Value,5,High,3.46455647400251,2.275002236470802
14848,3,Steady Mid-Value,4,Medium,0.07978767031559882,0.13150156035414107
14849,4,Seasonal Gift Shopper,6,Low,-2.4665894956183942,0.9978221367819323
14850,2,Steady Mid-Value (A),0,High,2.385709135092206,-0.4582122767141784
14851,4,Seasonal Gift Shopper,6,Low,-2.9162372056972714,1.3125146773220513
14852,2,Steady Mid-Value (A),2,Medium,0.9737169099940671,-0.3111210891630644
14853,0,At-Risk / Lapsing (A),5,High,1.0874964432246932,0.7770400008553717
14854,2,Steady Mid-Value (A),2,High,2.7462662688270236,-0.4930911317285294
14855,4,Seasonal Gift Shopper,6,Low,-3.8390420419909903,-0.592797930787262
14856,2,Steady Mid-Value (A),0,High,1.5778201622031693,-0.1628025366331428
14857,4,Seasonal Gift Shopper,6,Low,-3.8589135694387218,-0.17709716665919067
14858,4,Seasonal Gift Shopper,3,Low,-2.0057451238656094,1.099438969089301
14859,3,Steady Mid-Value,4,Low,-0.4994188538322878,-0.37391332021777063
14860,0,At-Risk / Lapsing (A),4,Medium,0.16731093304759234,-0.3818761949144438
14861,3,Steady Mid-Value,1,Low,-0.9979980176233908,0.11135526506637304
14862,5,At-Risk / Lapsing,3,Low,-1.4477061122208164,-0.5432068855978359
14863,4,Seasonal Gift Shopper,1,Low,-1.7814020686004357,0.5140191131714961
14864,3,Steady Mid-Value,4,Medium,0.2034606967067586,0.08360959498996053
14865,3,Steady Mid-Value,1,Low,-1.0197390176890884,0.07610643330361858
14866,4,Seasonal Gift Shopper,4,Low,-1.7462976496006715,0.3237769506767742
14867,4,Seasonal Gift Shopper,3,Low,-1.8022833691686044,1.0514010418467372
14868,3,Steady Mid-Value,1,Medium,-0.8205623940650991,1.1871754826797163
14869,1,Loyal High-Value,5,High,3.304705039211281,1.3243446864592898
14870,3,Steady Mid-Value,1,Low,-0.7142729838771728,-0.19373473213920042
14871,2,Steady Mid-Value (A),2,High,3.1093660144221746,-0.5052356269815904
14872,5,At-Risk / Lapsing,3,Low,-1.224468111388191,1.4043471377292893
14873,0,At-Risk / Lapsing (A),4,High,0.9978748670470424,-0.7038332519150801
14874,5,At-Risk / Lapsing,3,Low,-3.128423847106837,-0.2125644185614108
14875,2,Steady Mid-Value (A),2,High,2.8902953327249565,-1.1409451334545293
14876,3,Steady Mid-Value,4,Medium,0.4896269266567663,-0.11934579699759708
14877,4,Seasonal Gift Shopper,4,Low,-1.6965405760591417,-0.23750734874422083
14878,2,Steady Mid-Value (A),4,Medium,0.7746363498550407,-0.5527798859212096
14879,0,At-Risk / Lapsing (A),6,Low,-1.7151349051660973,1.0599482844197934
14880,2,Steady Mid-Value (A),0,High,1.456222059302906,-0.7325908316802283
14881,1,Loyal High-Value,4,High,0.8280843226272403,2.330058328106884
14882,0,At-Risk / Lapsing (A),3,Medium,-0.4441758743349612,-0.3705623672426406
14883,3,Steady Mid-Value,4,Low,-1.3264815785890554,0.8358150957829578
14884,2,Steady Mid-Value (A),2,High,2.388521117245388,-0.4054040600634768
14885,4,Seasonal Gift Shopper,4,Low,-2.130201867973202,-2.990160198744258
14886,4,Seasonal Gift Shopper,6,Low,-4.747206902156049,-1.6089191824970162
14887,3,Steady Mid-Value,4,Medium,0.442531995083379,0.3661717944849255
14888,3,Steady Mid-Value,1,Medium,0.023774734914635068,1.2471599706673366
14889,1,Loyal High-Value,5,High,4.2543306998925035,1.243362556968063
14890,2,Steady Mid-Value (A),0,Medium,0.8392417504059656,-0.8722229824922864
14891,5,At-Risk / Lapsing,1,Low,-1.4370986892811581,-1.601951195773131
14892,1,Loyal High-Value,5,High,2.9146085177711747,1.0857606321344617
14893,3,Steady Mid-Value,1,Low,-0.3830465381927515,-0.21960791575007113
14894,4,Seasonal Gift Shopper,4,Low,-2.4004286238748,-0.9294909805831433
14895,0,At-Risk / Lapsing (A),0,High,0.9862116345081735,-0.16050295770905854
14896,2,Steady Mid-Value (A),2,High,1.9341567923717464,-0.7183650173066671
14897,3,Steady Mid-Value,4,Low,-0.886430165987365,-0.11232043387107049
14898,2,Steady Mid-Value (A),0,Medium,0.9048829212285275,-0.6579853476862912
14899,1,Loyal High-Value,4,High,2.228791150661985,2.5491750308863588
14900,3,Steady Mid-Value,4,Low,-1.240874291412907,0.10507954391268422
14901,3,Steady Mid-Value,4,High,1.1558336014187076,0.21396461981869555
14902,3,Steady Mid-Value,1,Low,-0.4336545530678499,-1.1208502030049161
14903,3,Steady Mid-Value,1,High,0.986608443157811,0.7950563936964469
14904,3,Steady Mid-Value,4,Medium,0.4424367151243144,-0.4468799786474704
14905,2,Steady Mid-Value (A),2,High,2.557627655743865,-0.26511935893020777
14906,5,At-Risk / Lapsing,3,Low,-2.6899792128728692,1.6051749384933933
14907,1,Loyal High-Value,5,High,3.528765162938398,1.9446682165816533
14908,4,Seasonal Gift Shopper,6,Low,-3.5788234938829366,-0.4392754559243151
14909,0,At-Risk / Lapsing (A),4,Low,-1.1080174779406806,-0.3306746768058729
14910,0,At-Risk / Lapsing (A),4,Low,-0.8876245820688873,-0.9340136396979074
14911,5,At-Risk / Lapsing,0,Medium,0.48011194096829185,0.3758094550727343
14912,1,Loyal High-Value,4,High,1.5587486666807797,2.8596145510131055
14913,1,Loyal High-Value,5,High,0.11790873011779711,3.484390205731388
14914,2,Steady Mid-Value (A),4,High,1.2500974636663054,-0.6867421029186583
14915,4,Seasonal Gift Shopper,3,Low,-2.949026347173799,1.056907083716635
14916,2,Steady Mid-Value (A),2,High,1.0721188690051335,-0.14218306435331696
14917,2,Steady Mid-Value (A),2,High,2.9299848862041586,-0.888416347966593
14918,1,Loyal High-Value,4,High,1.8950038762992663,3.0707384276544594
14919,3,Steady Mid-Value,4,Medium,0.28298850153740357,-1.1183427073519998
14920,5,At-Risk / Lapsing,3,Low,-2.5875993313324774,1.7424403914283122
14921,3,Steady Mid-Value,4,Medium,0.47542919861165245,0.9608111161232761
14922,5,At-Risk / Lapsing,0,Low,-0.24783207367195112,-0.44584218607999054
14923,5,At-Risk / Lapsing,3,Low,-3.070852471267573,1.475616317544554
14924,4,Seasonal Gift Shopper,6,Low,-3.5586045331866356,0.4463039815924605
14925,3,Steady Mid-Value,4,Medium,0.26293040760055214,0.2566797530747711
14926,2,Steady Mid-Value (A),2,High,1.1990157607020524,0.3070583800631664
14927,2,Steady Mid-Value (A),0,High,1.6278975194136351,-0.22075637357626632
14928,3,Steady Mid-Value,1,High,0.9046691505065058,0.3806057697306695
14929,3,Steady Mid-Value,1,Low,-1.1467419354785109,-0.35037309767387803
14930,3,Steady Mid-Value,4,Low,-1.4746105951200856,0.9789894525302555
14931,3,Steady Mid-Value,1,High,0.4695994555831568,0.7503014216606586
14932,2,Steady Mid-Value (A),2,High,2.089875283580765,-0.5740446629848648
14933,3,Steady Mid-Value,4,High,0.44699290220134796,0.03178387438773512
14934,3,Steady Mid-Value,1,Medium,-0.1891973870720101,0.17642116586886614
14935,3,Steady Mid-Value,0,High,0.38186075358542465,0.9269269210009511
14936,3,Steady Mid-Value,2,Medium,0.7408068121189317,0.19220641961580753
14937,0,At-Risk / Lapsing (A),0,Medium,0.46610387989305974,0.27390075345897236
14938,1,Loyal High-Value,5,High,3.3498263209678134,1.781801113065523
14939,0,At-Risk / Lapsing (A),0,Medium,0.869833355886076,-0.47130215621877874
14940,4,Seasonal Gift Shopper,6,Low,-4.240782632236423,-0.6892087244732845
14941,3,Steady Mid-Value,4,Low,-0.9651534193158616,0.9039978243361048
14942,3,Steady Mid-Value,4,Medium,-0.8349762256123013,1.3038723255600646
14943,2,Steady Mid-Value (A),2,High,1.8842041163791423,-1.0252702764797526
14944,3,Steady Mid-Value,4,Low,-0.9657141622429402,0.37412327891693153
14945,4,Seasonal Gift Shopper,4,Low,-1.6491791747666353,0.07728721053314164
14946,4,Seasonal Gift Shopper,4,Low,-1.7559503793994045,-0.3694516466968076
14947,2,Steady Mid-Value (A),0,Medium,0.8607734634223423,-0.507137605242878
14948,3,Steady Mid-Value,2,Medium,0.41487087156237107,-1.0002791968476121
14949,5,At-Risk / Lapsing,3,Low,-1.9903899499118165,-0.3809755331542963
14950,1,Loyal High-Value,4,High,1.7410175276383046,1.1131777697999763
14951,3,Steady Mid-Value,2,High,1.020299453110038,-0.02049309049058622
14952,1,Loyal High-Value,4,High,0.3189615310673823,2.282634652843098
14953,3,Steady Mid-Value,1,Medium,-0.539929445401713,0.2971028143576375
14954,3,Steady Mid-Value,4,Low,-0.5327093183558542,0.08670735110356184
14955,3,Steady Mid-Value,1,Medium,-0.44973933166835006,-0.03169850453478975
14956,2,Steady Mid-Value (A),2,High,2.01670152187225,-0.43514673209289584
14957,4,Seasonal Gift Shopper,4,Low,-1.6880427059947791,0.15022012861830358
14958,2,Steady Mid-Value (A),2,High,3.294404995457408,-1.519990846758558
14959,4,Seasonal Gift Shopper,6,Low,-2.8693439924074093,1.500591187644743
14960,2,Steady Mid-Value (A),4,High,2.079245866018768,-0.3058049125700045
14961,2,Steady Mid-Value (A),4,High,1.9064287378870435,-0.8490508178535224
14962,0,At-Risk / Lapsing (A),4,Medium,0.5899478550753414,-0.7582712382585243
14963,3,Steady Mid-Value,4,Low,-1.5180490354915994,0.8005570512811722
14964,2,Steady Mid-Value (A),4,High,1.4080240325211741,-0.5103549265153005
14965,3,Steady Mid-Value,1,Low,-1.1647055477931578,-0.344322495660249
14966,1,Loyal High-Value,5,High,3.3758700687378824,1.404256756204971
14967,4,Seasonal Gift Shopper,4,Low,-1.916897404663234,-0.4844029199992704
14968,3,Steady Mid-Value,4,Medium,0.5074733128637664,-0.8361262735469948
14969,2,Steady Mid-Value (A),2,High,3.983664200177726,-1.1865815821940726
14970,2,Steady Mid-Value (A),4,Low,0.3366742988531527,-1.6044850804549198
14971,3,Steady Mid-Value,2,Medium,0.10340291004803219,0.5828756066021973
14972,3,Steady Mid-Value,4,Medium,-0.3295330202517878,0.4697553456560774
14973,3,Steady Mid-Value,2,High,0.754056984899644,-0.16460406056736349
14974,4,Seasonal Gift Shopper,4,Low,-1.492583433569029,-0.3875677655605328
14975,3,Steady Mid-Value,4,Medium,-0.7360141180128514,0.4640132501663824
14976,3,Steady Mid-Value,4,Low,-0.7906745603914072,-0.6331328408823498
14977,0,At-Risk / Lapsing (A),3,Low,-1.9644718917726696,-0.10261326354708593
14978,2,Steady Mid-Value (A),2,High,2.030597140698868,-1.5504355266019443
14979,1,Loyal High-Value,4,High,0.23317761490582606,2.712218579245738
14980,0,At-Risk / Lapsing (A),4,Medium,-0.09649314975040536,-0.6740032025153412
14981,4,Seasonal Gift Shopper,4,Low,-1.9260369637308499,-0.33414866193516823
14982,1,Loyal High-Value,4,Medium,0.22178936882442962,1.4036535399799674
14983,3,Steady Mid-Value,4,Medium,-0.16298883066309272,-0.28984183789793694
14984,2,Steady Mid-Value (A),2,High,2.1347732179888923,-0.7571812960953435
14985,2,Steady Mid-Value (A),0,High,1.6629802444950816,-0.28802893541757146
14986,3,Steady Mid-Value,0,High,0.7093896141780345,0.06356569933997482
14987,1,Loyal High-Value,4,High,2.242646325481859,2.1345824880423594
14988,3,Steady Mid-Value,4,Medium,-1.0348471123970773,1.0876868689999604
14989,2,Steady Mid-Value (A),4,High,1.7679703624909942,0.1259048625306964
14990,3,Steady Mid-Value,1,Medium,-0.6607088167330409,-0.033458991972348674
14991,3,Steady Mid-Value,1,Low,0.13656583698909244,-0.6176245576863972
14992,3,Steady Mid-Value,1,High,0.11254427182038187,0.30823920234609387
14993,1,Loyal High-Value,4,Medium,-0.26637002557817974,2.429533962616781
14994,3,Steady Mid-Value,4,Medium,0.019913278117948973,0.5514384987810705
14995,3,Steady Mid-Value,4,Low,-1.5231442545430096,0.8551997577746678
14996,3,Steady Mid-Value,4,Low,0.354572860545371,-0.29624150871519894
14997,3,Steady Mid-Value,0,Medium,0.21457034281727913,0.0660834608403068
14998,2,Steady Mid-Value (A),0,High,1.2040459705955533,-0.5471204641245588
14999,1,Loyal High-Value,5,High,2.2946907555755764,1.5503693476619118
15000,3,Steady Mid-Value,4,High,1.03855836550545,-0.3391187172677023
15001,2,Steady Mid-Value (A),2,High,1.7380953024052819,-0.8178304937226013
15002,2,Steady Mid-Value (A),2,High,3.3353354289318147,-1.065787799207272
15003,3,Steady Mid-Value,1,Medium,-0.47015309804372996,0.8230056279043229
15004,3,Steady Mid-Value,4,Medium,0.48913647753261746,-1.0449868729873568
15005,0,At-Risk / Lapsing (A),6,Medium,-1.8205665736760492,2.0435362624152678
15006,2,Steady Mid-Value (A),4,High,1.2501717999823785,-0.0650959456827496
15007,3,Steady Mid-Value,4,Medium,-0.9756925798155596,1.836564507883377
15008,3,Steady Mid-Value,1,Medium,-0.08416890590249344,0.7779356787615551
15009,3,Steady Mid-Value,4,Medium,-0.07200113813899227,0.37984254012251795
15010,3,Steady Mid-Value,4,Medium,0.23345721564926933,1.06067295372022
15011,3,Steady Mid-Value,1,Low,0.16093953340019015,-0.4803888398115224
15012,3,Steady Mid-Value,1,Medium,0.126908321897342,0.6745639483916988
15013,2,Steady Mid-Value (A),2,Medium,1.4304229116715346,-0.6282914569613266
15014,3,Steady Mid-Value,2,Medium,0.47464634559587254,-0.683545603555107
15015,1,Loyal High-Value,4,High,2.0703929790663107,1.9662832000805013
15016,3,Steady Mid-Value,2,Medium,0.6545070583559729,-0.17755440136860826
15017,0,At-Risk / Lapsing (A),1,Low,-1.1692424636611374,-1.254172762350439
15018,2,Steady Mid-Value (A),2,High,1.0890237791247874,0.20436160795400868
15019,5,At-Risk / Lapsing,0,Low,0.25267135912920535,-0.568470064533409
15020,2,Steady Mid-Value (A),2,High,2.1341093873118306,-0.004762769153014794
15021,3,Steady Mid-Value,1,Low,-1.4059847891530242,0.7803232801596418
15022,4,Seasonal Gift Shopper,3,Low,-2.4184555362104407,2.373762223061393
15023,3,Steady Mid-Value,4,Medium,0.5176551840384076,-0.18989164414082804
15024,2,Steady Mid-Value (A),0,High,1.0262620283972685,-0.2977724031798332
15025,0,At-Risk / Lapsing (A),4,Low,-1.2407164826800692,-0.2586932394089797
15026,1,Loyal High-Value,4,High,0.8495928880996652,2.9682122572788954
15027,3,Steady Mid-Value,1,Low,-0.8214116410454427,-0.5104812027768296
15028,2,Steady Mid-Value (A),2,High,2.9012135502631136,-0.8179392083644483
15029,3,Steady Mid-Value,1,Medium,-0.12302599070632808,0.7592313904694372
15030,0,At-Risk / Lapsing (A),0,Medium,-0.3128301719946712,0.37273010129363626
15031,0,At-Risk / Lapsing (A),4,High,1.5410628539924687,-0.7962582133446856
15032,3,Steady Mid-Value,1,Medium,-1.0241041064770735,0.7810359739881272
15033,2,Steady Mid-Value (A),0,High,1.8953204690291559,-1.588632272910571
15034,2,Steady Mid-Value (A),2,High,2.4360754843293333,-0.9443200534750187
15035,3,Steady Mid-Value,4,Low,-0.45733524661464947,-0.35517460915223453
15036,2,Steady Mid-Value (A),2,Medium,0.93326026462739,-0.1419265852868717
15037,4,Seasonal Gift Shopper,4,Low,-2.1212337444593166,-0.6974398716050068
15038,3,Steady Mid-Value,4,Medium,0.2446083100161533,0.17501905729489578
15039,3,Steady Mid-Value,4,Medium,-0.4809544540297736,-0.09279031615224553
15040,2,Steady Mid-Value (A),2,High,2.7373916454793807,-0.5365087100676461
15041,0,At-Risk / Lapsing (A),1,Medium,-0.5423162668350999,-0.7660065013981997
15042,2,Steady Mid-Value (A),2,Medium,1.3843272837906202,-0.82893437442154
15043,3,Steady Mid-Value,4,Low,-1.2911589594287731,-0.8654168948582075
15044,4,Seasonal Gift Shopper,4,Low,-2.4218171968519404,-0.8707604700582439
15045,1,Loyal High-Value,3,High,0.8341391809914371,2.8371761555748924
15046,1,Loyal High-Value,5,High,2.7921962129952576,1.7412236224970867
15047,2,Steady Mid-Value (A),2,High,1.489640119062925,-1.1364679255203407
15048,1,Loyal High-Value,5,High,3.5428835489703596,1.2823854138173816
15049,4,Seasonal Gift Shopper,6,Low,-2.134585509206375,0.51060538737243
15050,3,Steady Mid-Value,4,Medium,-0.2789235355510384,0.5518628229738703
15051,2,Steady Mid-Value (A),2,High,1.6333520216521473,-0.9243184734798734
15052,3,Steady Mid-Value,1,Medium,-0.13144746561292064,-1.011654845591567
15053,1,Loyal High-Value,4,High,2.3703223146076806,1.1175992320870338
15054,3,Steady Mid-Value,4,Medium,0.6869250878998019,-0.7491060579089164
15055,2,Steady Mid-Value (A),2,High,1.7712442667994732,-0.32914025256815543
15056,3,Steady Mid-Value,4,Low,-0.8652874508957071,1.0959266816737836
15057,5,At-Risk / Lapsing,1,Low,-0.6993741601530439,0.017821448239779245
15058,3,Steady Mid-Value,0,High,0.7487696852079717,0.6393468056761376
15059,3,Steady Mid-Value,1,Medium,-0.4023715582267263,-0.7412129198800141
15060,0,At-Risk / Lapsing (A),4,Medium,0.15158561978523133,-0.7901612215603537
15061,3,Steady Mid-Value,1,Low,-0.7418402570737255,-0.2508132224196765
15062,4,Seasonal Gift Shopper,4,Low,-1.0011655990514134,-2.683971164057892
15063,2,Steady Mid-Value (A),0,High,1.429566724637067,-0.7490348306951229
15064,2,Steady Mid-Value (A),2,High,1.4310524520935795,-0.3082262313586704
15065,3,Steady Mid-Value,4,Medium,-0.46121650471028297,0.11060561267893923
15066,0,At-Risk / Lapsing (A),4,Low,-0.13939324688062296,-1.228019231558208
15067,4,Seasonal Gift Shopper,4,Low,-3.1614242212406345,-1.7375615387194587
15068,1,Loyal High-Value,3,High,0.2104825087004378,2.5391745245837445
15069,3,Steady Mid-Value,4,Medium,-0.39487460808408065,0.11063088909754025
15070,3,Steady Mid-Value,1,Medium,0.6570094434689179,0.1602873085336208
15071,2,Steady Mid-Value (A),2,High,1.2188008881284726,-0.060211121242579026
15072,2,Steady Mid-Value (A),0,Medium,0.8249367940427376,-0.5378664710129284
15073,0,At-Risk / Lapsing (A),4,Low,-1.6559895184293576,-0.25993246137372744
15074,3,Steady Mid-Value,4,Medium,0.4650091417032581,-0.4075837521734699
15075,3,Steady Mid-Value,4,Medium,0.2628347015522031,-0.976752103004244
15076,3,Steady Mid-Value,4,Low,-1.4668540877518375,-0.49022619202138934
15077,2,Steady Mid-Value (A),2,Medium,0.9411077262276691,-0.2129218431387817
15078,2,Steady Mid-Value (A),0,High,1.4317364292102337,-0.4173875533486579
15079,3,Steady Mid-Value,1,High,0.340221414483813,0.8336288078074444
15080,4,Seasonal Gift Shopper,4,Low,-1.8114663894840632,0.41730943693655437
15081,1,Loyal High-Value,4,High,2.2056562065182406,2.1352261328829116
15082,3,Steady Mid-Value,4,Low,-0.6730329101731576,-0.7495284104684182
15083,5,At-Risk / Lapsing,3,Low,-3.638796670598812,-0.08411345245535086
15084,5,At-Risk / Lapsing,0,Medium,0.7395574377427235,-0.4446969172133569
15085,4,Seasonal Gift Shopper,4,Low,-2.681300706986772,-1.1485533390552274
15086,1,Loyal High-Value,3,High,0.33556873606499876,3.208926742549526
15087,2,Steady Mid-Value (A),2,High,2.1056130966837605,-0.7094654059639255
15088,3,Steady Mid-Value,2,High,1.227223955610621,0.4668345640785454
15089,1,Loyal High-Value,3,High,0.7451583728589071,1.4013285813407093
15090,2,Steady Mid-Value (A),4,High,2.5161233504938143,-1.3372864048249857
15091,1,Loyal High-Value,4,High,1.047677081892191,1.9515854042537282
15092,3,Steady Mid-Value,4,Medium,-0.19491568295805323,0.6704610119473254
15093,4,Seasonal Gift Shopper,6,Low,-3.6734942707748273,0.30061789722564874
15094,4,Seasonal Gift Shopper,4,Low,-2.0934832643882975,-0.9804697174778959
15095,3,Steady Mid-Value,4,Medium,0.024659221363447042,0.4882102869958231
15096,2,Steady Mid-Value (A),0,Medium,2.0826947990525206,-1.652775729975785
15097,4,Seasonal Gift Shopper,4,Low,-1.6636671006712611,-0.20195420160729466
15098,2,Steady Mid-Value (A),5,High,4.112494183599967,0.5516144684583583
15099,1,Loyal High-Value,5,High,3.1805360480053175,1.7291407094954643
15100,2,Steady Mid-Value (A),2,High,3.039402438773851,-0.6575454225555017
15101,2,Steady Mid-Value (A),2,High,1.553859140591245,-0.8811591116829263
15102,2,Steady Mid-Value (A),2,Medium,0.9454728977122647,-0.23103034156176835
15103,5,At-Risk / Lapsing,3,Low,-1.5326263516547127,0.7579257466516361
15104,0,At-Risk / Lapsing (A),4,Low,-1.744799012339385,-0.4699103748489734
15105,2,Steady Mid-Value (A),2,High,2.140533106397847,-0.959183154551709
15106,2,Steady Mid-Value (A),2,Medium,1.4910242389105157,-1.1411595791742808
15107,3,Steady Mid-Value,1,Low,-0.767663658621008,0.45454493773215154
15108,3,Steady Mid-Value,4,Medium,-0.2636911611093344,-0.6372347246021691
15109,3,Steady Mid-Value,4,Low,-1.0901077122815175,1.2245985555839816
15110,3,Steady Mid-Value,1,Medium,0.29625963363454716,-0.7656668564526943
15111,2,Steady Mid-Value (A),1,Medium,0.642411590122121,-0.10616255624725406
15112,3,Steady Mid-Value,1,Medium,-0.3582430019968189,0.9014123282299785
15113,4,Seasonal Gift Shopper,6,Low,-2.982996458822961,1.425297599985329
15114,0,At-Risk / Lapsing (A),4,Medium,0.7015199943476421,-0.6601026245327558
15115,3,Steady Mid-Value,1,Medium,0.15786466346459063,-0.5649656284514007
15116,4,Seasonal Gift Shopper,6,Low,-4.316430513286324,-1.6823972581675444
15117,4,Seasonal Gift Shopper,4,Low,-0.8761258207191347,-0.9486907018302877
15118,4,Seasonal Gift Shopper,6,Low,-4.702717123295714,-1.2137688187390698
15119,2,Steady Mid-Value (A),0,Medium,0.9112798078927205,-0.857765347038483
15120,4,Seasonal Gift Shopper,6,Low,-4.7722408720599585,-2.434980585179661
15121,3,Steady Mid-Value,1,Medium,-0.5718102027384769,0.8705814072355088
15122,4,Seasonal Gift Shopper,4,Low,-1.709742831906064,-0.007824642070523306
15123,3,Steady Mid-Value,4,Low,-0.2767224172480854,-0.27325682949721264
15124,2,Steady Mid-Value (A),0,High,1.8899354330708837,-1.28432310417825
15125,3,Steady Mid-Value,4,Medium,-0.8640307591888963,0.6505003353666936
15126,5,At-Risk / Lapsing,3,Medium,-1.6620864517109692,3.011833316783319
15127,3,Steady Mid-Value,2,Medium,0.2766393987383101,0.2849996195370508
15128,2,Steady Mid-Value (A),0,High,1.6008502302707455,0.6698004417445961
15129,0,At-Risk / Lapsing (A),1,Low,-0.38876005397866825,-1.0737068011988846
15130,0,At-Risk / Lapsing (A),1,Low,-1.0592874853438459,-0.6559106466311322
15131,4,Seasonal Gift Shopper,3,Medium,-1.3474650536555977,1.1158920292221732
15132,4,Seasonal Gift Shopper,4,Low,-1.8844231400307718,-1.1720766851009148
15133,2,Steady Mid-Value (A),0,Medium,1.3406801567369495,-1.427455099793621
15134,3,Steady Mid-Value,4,Low,-1.3532947129791049,0.4499266907965613
15135,3,Steady Mid-Value,4,Low,-1.277953800377273,0.574319794634741
15136,4,Seasonal Gift Shopper,6,Low,-2.688214255136979,0.12601669902401025
15137,4,Seasonal Gift Shopper,6,Low,-2.6632078666786034,1.3851205343239603
15138,1,Loyal High-Value,5,High,0.8652533944544409,2.2012744195464222
15139,3,Steady Mid-Value,4,Medium,0.03371402236008908,-0.8832834326375248
15140,3,Steady Mid-Value,4,Low,-0.40949002145291025,-1.0218603158497532
15141,0,At-Risk / Lapsing (A),1,Medium,-0.38397678725162576,-0.015041827276369272
15142,0,At-Risk / Lapsing (A),4,Low,-0.3841734570913781,-0.41441697974678565
15143,3,Steady Mid-Value,1,Low,-0.15200284702634173,-0.948332604948671
15144,5,At-Risk / Lapsing,3,Low,-2.6671443854267656,-0.9962724072474858
15145,3,Steady Mid-Value,4,Low,-0.7771606132010545,-0.5883750492019731
15146,3,Steady Mid-Value,4,Medium,0.3144002473373964,-0.35679601696642316
15147,0,At-Risk / Lapsing (A),4,Low,-0.34823057283713466,-0.464492204036894
15148,1,Loyal High-Value,5,High,2.209434118572004,1.7590691151998734
15149,1,Loyal High-Value,5,High,2.1515513379558087,1.7904979946753037
15150,2,Steady Mid-Value (A),2,High,1.881085303027383,0.03188975503310434
15151,3,Steady Mid-Value,0,Medium,0.06684669063095351,0.14226147755871868
15152,3,Steady Mid-Value,1,Medium,-0.49652622258003853,0.42480207199933656
15153,2,Steady Mid-Value (A),2,High,1.754426712482599,-1.7372441146268183
15154,2,Steady Mid-Value (A),0,High,3.45967446285074,-1.2326608214332566
15155,3,Steady Mid-Value,0,High,0.7295973444271163,0.28186505357713165
15156,3,Steady Mid-Value,4,Medium,0.04836944287997386,0.8894724417850578
15157,3,Steady Mid-Value,1,Low,-0.26748082123186906,-1.746194017517384
15158,2,Steady Mid-Value (A),4,Medium,0.7168471020834187,-1.0398182853516824
15159,0,At-Risk / Lapsing (A),4,Low,-1.328806033861383,-1.0657361748945757
15160,3,Steady Mid-Value,4,Low,-1.1381760003377128,-1.7862639029101672
15161,3,Steady Mid-Value,1,Low,-0.5602045985273073,-2.1521400986325134
15162,3,Steady Mid-Value,4,Medium,0.24200032099129937,-0.2804294163960896
15163,3,Steady Mid-Value,4,Medium,-0.025362225059172194,-0.7398465373919886
15164,3,Steady Mid-Value,4,Medium,-0.06088178190267412,1.7942848835571048
15165,3,Steady Mid-Value,4,High,1.0023483430370654,0.38960670199300795
15166,3,Steady Mid-Value,4,Medium,-1.0750004256494698,1.5888112646450205
15167,5,At-Risk / Lapsing,3,Low,-3.0615324325794435,0.9289229315228588
15168,1,Loyal High-Value,5,High,3.193038695376908,2.0116986502495515
15169,3,Steady Mid-Value,4,Low,-1.2005649864684307,-0.125543529773701
15170,4,Seasonal Gift Shopper,6,Medium,-1.6089347378079795,2.7961039036263573
15171,3,Steady Mid-Value,4,Low,-0.4818642269061158,-0.774741785797401
15172,3,Steady Mid-Value,4,Medium,0.5854395702248902,-0.8217545441021767
15173,1,Loyal High-Value,3,High,-0.36218731984760144,2.5581675624718354
15174,5,At-Risk / Lapsing,1,Low,-1.603098825497162,0.8952411445451712
15175,3,Steady Mid-Value,1,Low,-1.1561756255013085,-0.9759920558654829
15176,3,Steady Mid-Value,4,Medium,-0.28753522562453504,-0.6125068157758765
15177,2,Steady Mid-Value (A),0,High,2.344063448632245,0.276933455879133
15178,4,Seasonal Gift Shopper,6,Low,-3.605321677319477,-0.18643150200999953
15179,3,Steady Mid-Value,2,Medium,0.13799997871537892,0.21965358983768796
15180,4,Seasonal Gift Shopper,4,Low,-2.327400980971154,-0.858496288555042
15181,0,At-Risk / Lapsing (A),1,Low,-0.1728565344626252,-1.9155088008500796
15182,3,Steady Mid-Value,1,Medium,-1.0378819671330746,1.084776443298025
15183,3,Steady Mid-Value,4,Medium,-0.6021997401230302,0.07633308643873407
15184,3,Steady Mid-Value,1,High,0.9412383908494112,0.7651282381923818
15185,3,Steady Mid-Value,2,High,1.1915581135672426,0.32162075789716105
15186,3,Steady Mid-Value,1,Medium,-0.4565494328724338,0.16962438659751408
15187,0,At-Risk / Lapsing (A),4,Medium,-0.0025329458781948562,0.448121575161299
15188,5,At-Risk / Lapsing,0,Medium,0.8058841545165657,-0.5713174972079371
15189,2,Steady Mid-Value (A),2,High,2.8202417376218087,-0.6822995335417844
15190,3,Steady Mid-Value,1,Medium,-0.4450379654681835,0.35078635002792957
15191,1,Loyal High-Value,4,High,1.3087685943680678,0.8842466076183785
15192,2,Steady Mid-Value (A),1,Low,0.10728803638291132,-1.5933641454522514
15193,2,Steady Mid-Value (A),4,High,1.6628218728527269,-1.377953107330783
15194,3,Steady Mid-Value,2,Medium,0.15546659269280447,0.14130181181252127
15195,3,Steady Mid-Value,4,Medium,-1.3291419065195254,0.8154221124187954
15196,3,Steady Mid-Value,4,Low,-1.5244981192573357,-0.437083932009014
15197,4,Seasonal Gift Shopper,4,Low,-2.6732025489328652,-2.6570884844968057
15198,2,Steady Mid-Value (A),2,Medium,1.285385990009938,-1.3586454264523522
15199,4,Seasonal Gift Shopper,6,Low,-5.896137736570835,-3.5320287454462496
15200,2,Steady Mid-Value (A),0,High,1.1588859523281154,-0.052764458327585084
15201,3,Steady Mid-Value,1,Low,-1.0224952099688607,-0.2786139883296397
15202,2,Steady Mid-Value (A),2,High,2.818734988839766,-1.1031500840121133
15203,0,At-Risk / Lapsing (A),0,Medium,0.01810942945259895,-0.2745548166058086
15204,4,Seasonal Gift Shopper,4,Low,-1.8178361122191258,-0.1438667888965826
15205,2,Steady Mid-Value (A),2,High,1.8588560070771374,-0.8070947941709137
15206,3,Steady Mid-Value,1,Medium,-0.19472739817771256,-0.11300908733011322
15207,3,Steady Mid-Value,1,Medium,0.12115084754853625,0.3295043713411588
15208,1,Loyal High-Value,4,Medium,-0.025215819052301146,1.6377630321473948
15209,3,Steady Mid-Value,4,Medium,0.10247706026474641,-0.5866898391908416
15210,2,Steady Mid-Value (A),2,High,3.2610716443882124,-1.0216285471716646
15211,3,Steady Mid-Value,4,Medium,-0.2964043445404622,0.5153129137836185
15212,4,Seasonal Gift Shopper,4,Low,-1.809369097771203,-1.1323050753193122
15213,3,Steady Mid-Value,4,Low,-1.223422146435919,1.2343740861444694
15214,3,Steady Mid-Value,4,High,1.0721345705527654,0.5082022117613341
15215,5,At-Risk / Lapsing,3,Low,-1.3118861161501993,-0.5565208520369563
15216,2,Steady Mid-Value (A),2,High,2.4794486193963023,-0.31047205455699955
15217,2,Steady Mid-Value (A),2,High,1.2785016383233607,0.10829363731636844
15218,3,Steady Mid-Value,2,Medium,-0.10796683971149243,-0.3433157348216171
15219,3,Steady Mid-Value,4,Medium,0.3454373948019673,0.03497943678424478
15220,3,Steady Mid-Value,4,Low,-0.7136801847228034,-0.15844032914459868
15221,3,Steady Mid-Value,4,Medium,-0.023157842767405748,0.5038517232091733
15222,3,Steady Mid-Value,1,Medium,-0.001550978588164444,0.47705838221213
15223,1,Loyal High-Value,5,High,2.3598411200814065,1.870618304945453
15224,3,Steady Mid-Value,4,Medium,-0.43140653505063387,0.2947064681541365
15225,2,Steady Mid-Value (A),2,High,2.5800491073414578,-0.13012142016243988
15226,3,Steady Mid-Value,4,High,0.48392087668845296,-0.1890971882260055
15227,2,Steady Mid-Value (A),2,Medium,0.6696327439573896,-0.8416149409313838
15228,1,Loyal High-Value,5,High,1.352388095120477,3.066764104699291
15229,2,Steady Mid-Value (A),2,High,2.2981958837396155,-1.2518000467252723
15230,2,Steady Mid-Value (A),2,High,1.0531785953917374,0.14857814377817138
15231,3,Steady Mid-Value,4,Medium,-0.4045880223528164,-0.3652095596001057
15232,3,Steady Mid-Value,4,Low,-0.9572915743415985,-0.36346438725434976
15233,1,Loyal High-Value,5,High,1.7811692484528636,2.366126381479946
15234,2,Steady Mid-Value (A),2,High,1.7080400763117187,-0.7797397398695566
15235,3,Steady Mid-Value,1,Medium,0.3003005603324416,-0.6479576411274505
15236,3,Steady Mid-Value,1,High,0.5119418706262494,-0.31225884447528757
15237,5,At-Risk / Lapsing,3,Low,-2.0224352007239403,-0.3681174728959564
15238,3,Steady Mid-Value,1,Medium,0.494153890205339,-0.43647693207623817
15239,2,Steady Mid-Value (A),0,High,2.0695134348159625,-1.1275514462163585
15240,3,Steady Mid-Value,1,Medium,-0.6547366407193955,0.4828965531101111
15241,2,Steady Mid-Value (A),2,High,3.3593466660417075,-0.8733895572179255
15242,3,Steady Mid-Value,4,Medium,0.019252295046332926,0.20197157180678976
15243,5,At-Risk / Lapsing,3,Low,-3.085076741475781,0.08555459786103317
15244,3,Steady Mid-Value,4,Medium,-0.15789760304213282,0.5029951620648193
15245,4,Seasonal Gift Shopper,4,Low,-1.554438730235796,0.2657859018572818
15246,2,Steady Mid-Value (A),2,High,1.547910103228336,-0.23459038955311542
15247,2,Steady Mid-Value (A),2,High,2.986593998327038,-0.899238693900321
15248,2,Steady Mid-Value (A),2,High,1.705821457487555,0.20636506895035708
15249,4,Seasonal Gift Shopper,4,Low,-1.836127726369322,0.23561496113486097
15250,4,Seasonal Gift Shopper,6,Low,-3.239297680182434,0.9192826360518717
15251,3,Steady Mid-Value,4,Low,-0.9312326887881336,0.35711328656049357
15252,5,At-Risk / Lapsing,0,Medium,0.6785527509501799,-1.1098779945570973
15253,0,At-Risk / Lapsing (A),6,Low,-3.6188495548030573,-0.31905309697896783
15254,0,At-Risk / Lapsing (A),4,Medium,-0.0033712771925607835,-0.5778604178770136
15255,1,Loyal High-Value,5,High,1.5125060081800044,2.1990112931230272
15256,3,Steady Mid-Value,1,Medium,-0.07907444709770621,0.22747754292190997
15257,0,At-Risk / Lapsing (A),4,Low,-1.1412209515012166,-0.6615163149523647
15258,1,Loyal High-Value,5,High,2.1645787064279434,2.036822207778947
15259,2,Steady Mid-Value (A),1,Low,0.19104330025963293,-1.3826396367418556
15260,3,Steady Mid-Value,4,Medium,-0.6072467699281054,1.0652015806527966
15261,3,Steady Mid-Value,1,Low,-0.7825965928058247,0.7060814837216928
15262,0,At-Risk / Lapsing (A),0,Medium,0.5128635131509048,-0.3511949093474599
15263,3,Steady Mid-Value,0,Medium,0.34494806179028975,-0.02941982887036184
15264,3,Steady Mid-Value,1,Low,-1.1565407068508777,0.5177785957555823
15265,1,Loyal High-Value,5,High,1.020072676168757,1.8262564815864297
15266,4,Seasonal Gift Shopper,6,Low,-2.265562503685656,2.0733054360399716
15267,0,At-Risk / Lapsing (A),4,Low,-0.8857720109106043,-1.2293418996424277
15268,3,Steady Mid-Value,4,Low,-1.5287095271265967,0.7352371103632722
15269,4,Seasonal Gift Shopper,4,Low,-3.0927317929051235,-2.560570261645919
15270,2,Steady Mid-Value (A),4,High,1.8031585296886492,0.18447536189190764
15271,5,At-Risk / Lapsing,3,Low,-3.00935412656333,1.284314720827533
15272,2,Steady Mid-Value (A),0,Medium,1.013528481261616,-0.8020973894799515
15273,1,Loyal High-Value,4,High,-0.035573291422967,2.878947451286
15274,3,Steady Mid-Value,4,Low,-0.6822048927867854,0.1954007770788165
15275,4,Seasonal Gift Shopper,6,Low,-3.352477942767166,-0.061550925704501144
15276,3,Steady Mid-Value,0,Medium,0.13827704023947687,0.44691846911090854
15277,4,Seasonal Gift Shopper,6,Low,-3.2082193547555784,-0.5089092625383163
15278,0,At-Risk / Lapsing (A),3,Medium,-0.8044199700727557,0.7752917386750364
15279,3,Steady Mid-Value,1,Low,-1.1007011143961196,0.4798315131314278
15280,2,Steady Mid-Value (A),2,High,2.7645482533138823,-0.9540646408076435
15281,3,Steady Mid-Value,0,Medium,-0.015590113451077163,-0.31863295345819526
15282,4,Seasonal Gift Shopper,6,Low,-2.9366144595000763,1.1892790991796176
15283,5,At-Risk / Lapsing,3,Low,-3.3692715494828627,1.0457404905663337
15284,3,Steady Mid-Value,1,Medium,-0.35166089060419115,-0.18359672209618394
15285,2,Steady Mid-Value (A),2,High,1.6969170389715333,-0.1945682197282881
15286,2,Steady Mid-Value (A),2,High,1.8887452174639745,-0.7646132060293329
15287,3,Steady Mid-Value,4,Low,-1.118097388353103,0.08298096071952159
15288,3,Steady Mid-Value,4,Medium,0.36995356028295706,-0.032903767157376744
15289,2,Steady Mid-Value (A),0,High,1.5682929637209173,0.0862978878165825
15290,3,Steady Mid-Value,4,Medium,-0.9449829396988625,1.6740313897586316
15291,3,Steady Mid-Value,4,Low,-0.922896273277056,-0.2551895617950442
15292,3,Steady Mid-Value,4,Low,-0.1972474013366131,-1.2566490003157376
15293,3,Steady Mid-Value,1,Low,-0.42160368720246194,-0.0264925434097568
15294,3,Steady Mid-Value,4,Low,-0.04883663663733184,-0.9729302060706995
15295,3,Steady Mid-Value,0,High,0.6446189696342647,0.47213658921119034
15296,3,Steady Mid-Value,4,Low,-1.004048490625142,0.8786038096658487
15297,3,Steady Mid-Value,1,Medium,0.42983369179054387,-0.27927237237633584
15298,4,Seasonal Gift Shopper,3,Low,-2.4154012561202314,1.2080020347371725
15299,2,Steady Mid-Value (A),4,High,1.8067427414740191,-0.34853176906625866
15300,2,Steady Mid-Value (A),0,High,1.5802726303154708,0.3698604125874919
15301,3,Steady Mid-Value,1,Medium,-0.3460022702077652,0.09097174210436369
15302,3,Steady Mid-Value,2,Medium,0.548954520317594,-0.5512753769321904
15303,3,Steady Mid-Value,1,Medium,0.14945053805549163,-0.3614016688431573
15304,3,Steady Mid-Value,0,Medium,0.3639146703811807,0.13148488412120932
15305,3,Steady Mid-Value,1,High,0.6180096093290801,0.7918244677073071
15306,3,Steady Mid-Value,0,High,1.0730583536924203,0.2090088584158543
15307,3,Steady Mid-Value,2,High,0.9294787417980188,0.07808403765288703
15308,0,At-Risk / Lapsing (A),4,Medium,-0.9516056180099339,1.2239512526842562
15309,1,Loyal High-Value,5,High,2.9789888867807566,2.1299962904838092
15310,3,Steady Mid-Value,4,Low,-0.8726940294639048,0.5978659504358887
15311,2,Steady Mid-Value (A),2,High,2.1137929951162446,-1.097085657078226
15312,3,Steady Mid-Value,1,Medium,-0.541209903395229,1.3767777036249471
15313,4,Seasonal Gift Shopper,6,Low,-2.896884919627756,1.2684820544834006
15314,4,Seasonal Gift Shopper,6,Low,-2.8886509767490134,0.5970444636602652
15315,3,Steady Mid-Value,4,Medium,-0.04799337534486427,0.3470168934311303
15316,2,Steady Mid-Value (A),4,Medium,1.2008468971410635,-0.2347661333177356
15317,3,Steady Mid-Value,4,Medium,-0.2783592600962539,1.5799391562404477
15318,4,Seasonal Gift Shopper,4,Low,-2.5682403779517906,-1.0172950829739644
15319,5,At-Risk / Lapsing,3,Medium,-1.1502719544516387,3.971138242770958
15320,3,Steady Mid-Value,4,Low,-1.0992538418988969,0.391735220957461
15321,3,Steady Mid-Value,4,High,1.0320067476141388,0.10316905577540834
15322,0,At-Risk / Lapsing (A),6,Low,-2.710926814952332,0.354153618246134
15323,3,Steady Mid-Value,4,Medium,0.37834872427101823,0.1270786497708038
15324,4,Seasonal Gift Shopper,6,Low,-2.5778742339594936,1.7889767305975224
15325,3,Steady Mid-Value,4,Low,-0.8199734508801951,-0.5646363207133578
15326,5,At-Risk / Lapsing,0,Medium,-0.05806436062910179,0.38490222934292173
15327,3,Steady Mid-Value,4,Medium,-0.09163127882143862,0.1646556811890822
15328,3,Steady Mid-Value,2,High,0.8944459253004763,0.848980190526218
15329,3,Steady Mid-Value,4,Low,-0.5429669434737376,-1.4281476038774124
15330,2,Steady Mid-Value (A),0,High,2.1992984161013056,-0.5061096605306817
15331,4,Seasonal Gift Shopper,6,Low,-2.2263907294544345,2.7143336940255396
15332,3,Steady Mid-Value,4,Medium,-0.710374565805809,0.7430335387177368
15333,3,Steady Mid-Value,0,Medium,-0.036340310249700324,0.5784602008967608
15334,4,Seasonal Gift Shopper,6,Low,-3.892218581174555,-0.41830186403561803
15335,4,Seasonal Gift Shopper,4,Low,-2.8245700113347283,-1.5634521454896524
15336,1,Loyal High-Value,4,High,0.42461593355289556,2.604836387623413
15337,3,Steady Mid-Value,4,High,0.7257481699976679,0.33414987439805877
15338,3,Steady Mid-Value,4,Low,-1.2209914055588016,0.4218192939313862
15339,0,At-Risk / Lapsing (A),4,Medium,-0.6496857201302518,-0.08772127906504586
15340,4,Seasonal Gift Shopper,3,Low,-2.5821463289497295,1.76218829828809
15341,0,At-Risk / Lapsing (A),4,Medium,0.42838003919092177,-0.42141879817424205
15342,3,Steady Mid-Value,4,Low,-0.40059724212414166,-0.7139544319281583
15343,0,At-Risk / Lapsing (A),6,Low,-4.04418846843375,-1.2118376237219288
15344,3,Steady Mid-Value,4,Low,-0.33707386878609863,-1.6034608902819472
15345,3,Steady Mid-Value,1,High,0.5542819041046727,0.6722533574917952
15346,5,At-Risk / Lapsing,3,Low,-3.9007750303749726,-0.07661801102592872
15347,3,Steady Mid-Value,4,Low,-0.5485144123300439,-0.6544128488375691
15348,2,Steady Mid-Value (A),2,Medium,1.011939068568755,-0.80929443998057
15349,1,Loyal High-Value,4,High,1.62172362735566,1.7255670304671795
15350,3,Steady Mid-Value,2,High,0.6266268547298258,-0.010951918443055961
15351,3,Steady Mid-Value,1,Low,-0.9476998339368384,-0.5552794596588437
15352,3,Steady Mid-Value,4,Medium,-0.6610950943782729,0.6809687818303582
15353,4,Seasonal Gift Shopper,6,Low,-4.01444562233059,-0.2987424821519115
15354,3,Steady Mid-Value,4,Low,-1.1342303598588839,0.5321662120775531
15355,3,Steady Mid-Value,4,Medium,0.738562940617503,-0.04051120599701405
15356,3,Steady Mid-Value,1,Medium,-0.058110477200809,0.7843760521831221
15357,3,Steady Mid-Value,4,Low,-0.6635776943001644,-0.9981254880817928
15358,3,Steady Mid-Value,1,Low,0.23534741464014583,-1.2266343264883852
15359,2,Steady Mid-Value (A),4,High,2.2337350560386198,-1.7488202469429326
15360,3,Steady Mid-Value,4,Low,-0.47423703330409245,-0.8588325866358077
15361,0,At-Risk / Lapsing (A),0,Medium,0.9551976885053416,-0.9976852373804644
15362,4,Seasonal Gift Shopper,6,Low,-3.6303142101508357,0.04412345581209885
15363,4,Seasonal Gift Shopper,6,Low,-3.334594464183989,0.6380659294408856
15364,3,Steady Mid-Value,4,Medium,-0.6101715214164675,1.5698994132941004
15365,3,Steady Mid-Value,4,Medium,0.5438155259078054,-0.39230279542030005
15366,2,Steady Mid-Value (A),2,High,2.9875196172553418,-0.8536636732342177
15367,3,Steady Mid-Value,1,Medium,-0.28837759402760543,0.4773664938030114
15368,3,Steady Mid-Value,1,Medium,-0.7063905964463129,2.2019034217258824
15369,3,Steady Mid-Value,4,Medium,-0.8589330833503259,1.4561788154053565
15370,2,Steady Mid-Value (A),2,High,1.3556097574156472,-0.35662426114011575
15371,2,Steady Mid-Value (A),2,High,2.034776751910481,-1.7805333621821342
15372,3,Steady Mid-Value,4,High,0.7047739329550888,0.1522711959845157
15373,4,Seasonal Gift Shopper,3,Low,-2.528436280778239,1.9759072093765941
15374,2,Steady Mid-Value (A),0,High,1.1423896848397064,0.7211123570230765
15375,4,Seasonal Gift Shopper,6,Low,-6.047428303393446,-3.4600969239699153
15376,3,Steady Mid-Value,1,Medium,-0.8371244407840206,2.0968009782997346
15377,5,At-Risk / Lapsing,0,Medium,0.15155950390785117,0.5952849716583323
15378,3,Steady Mid-Value,4,Low,-1.5170698848212008,0.5266339751502475
15379,4,Seasonal Gift Shopper,4,Low,-1.8200207939262925,-1.2080732833244705
15380,4,Seasonal Gift Shopper,6,Low,-2.400774953858965,1.7518798422101731
15381,1,Loyal High-Value,5,High,2.3519303050050953,1.6388512523993666
15382,3,Steady Mid-Value,4,Medium,-0.778796682717459,1.718697288858524
15383,2,Steady Mid-Value (A),2,High,3.1235230705744845,-0.8768735353716903
15384,2,Steady Mid-Value (A),2,Medium,0.8465639794555375,-0.48778649038712996
15385,2,Steady Mid-Value (A),2,High,0.9974686214622477,-0.13543315219138669
15386,3,Steady Mid-Value,4,Medium,-0.40903925464015295,0.14616229828477167
15387,3,Steady Mid-Value,4,Low,-1.1121317797397476,-0.8555643705806947
15388,2,Steady Mid-Value (A),0,Medium,1.000892347288802,-1.1123674455480315
15389,3,Steady Mid-Value,4,Medium,0.5061619343777325,-0.07111056448903122
15390,3,Steady Mid-Value,4,High,0.6507899980778481,-0.24387533667090994
15391,2,Steady Mid-Value (A),2,High,1.74143683950221,-0.6607501324950911
15392,2,Steady Mid-Value (A),2,High,1.6573972134300137,-0.10341520307223397
15393,2,Steady Mid-Value (A),4,Medium,1.0168324823027743,-0.7168991070231727
15394,2,Steady Mid-Value (A),4,High,1.6467421834414557,-0.9585761358607762
15395,3,Steady Mid-Value,4,Medium,-0.87130512387535,1.1354482201749263
15396,4,Seasonal Gift Shopper,6,Medium,-1.9537353520443839,1.8761603436406824
15397,4,Seasonal Gift Shopper,6,Low,-1.7106858310184099,1.3540429941510692
15398,5,At-Risk / Lapsing,3,Low,-1.585586522808346,-0.8527664634408406
15399,2,Steady Mid-Value (A),0,High,2.10428534076842,-0.17958487583945917
15400,2,Steady Mid-Value (A),0,High,1.4963986503437032,-1.1440438452053676
15401,4,Seasonal Gift Shopper,6,Low,-3.087176683177467,0.2652319981926001
15402,3,Steady Mid-Value,4,Low,-0.8101303633594868,-0.7000851918284081
15403,3,Steady Mid-Value,2,High,0.8628204234753512,0.31611463328031814
15404,4,Seasonal Gift Shopper,4,Low,-2.12496228751325,-0.2843309001462322
15405,0,At-Risk / Lapsing (A),4,High,0.015639859309128677,0.5897910652201226
15406,2,Steady Mid-Value (A),2,High,2.1841858367251716,-0.8438384921821013
15407,3,Steady Mid-Value,1,Medium,-0.056644111920302505,-0.07745256522334878
15408,4,Seasonal Gift Shopper,6,Low,-4.353637346520254,-1.8611979302346526
15409,3,Steady Mid-Value,2,High,0.9764339347733118,0.4088664425430853
15410,2,Steady Mid-Value (A),2,High,1.651331602864842,-0.31598605537479296
15411,3,Steady Mid-Value,1,Low,-0.15485088607602984,-0.23918963181200892
15412,2,Steady Mid-Value (A),2,High,4.082835376151405,-1.4615650542533838
15413,3,Steady Mid-Value,4,Medium,-1.106915628140136,0.9396778723078684
15414,3,Steady Mid-Value,1,Medium,-0.3817100269295193,0.7652364651909324
15415,2,Steady Mid-Value (A),2,High,2.6287006547359866,-0.9844815914003198
15416,3,Steady Mid-Value,4,Medium,-1.1047733950982832,0.629711469009215
15417,5,At-Risk / Lapsing,3,Low,-2.451885307662011,2.0503350720138576
15418,3,Steady Mid-Value,2,Medium,0.7229824747785911,-0.10476306226087664
15419,3,Steady Mid-Value,0,Medium,0.7834369132016725,-0.11971757568849728
15420,0,At-Risk / Lapsing (A),1,Medium,0.24467372925288244,-0.7705630721988445
15421,3,Steady Mid-Value,2,Medium,0.20431270429145607,0.11248093989029563
15422,5,At-Risk / Lapsing,1,Low,-1.264226211626117,-0.3527268960989334
15423,4,Seasonal Gift Shopper,6,Low,-3.416997328184055,0.4723760866955085
15424,0,At-Risk / Lapsing (A),3,Low,-1.3873521030614284,0.17887969834369472
15425,4,Seasonal Gift Shopper,4,Low,-1.6499364133953802,-1.4811603057352403
15426,3,Steady Mid-Value,2,Medium,0.8155077392640111,-0.25342990913977986
15427,3,Steady Mid-Value,4,Medium,-1.17563673626588,1.2321715093806938
15428,3,Steady Mid-Value,1,Medium,0.14859615209460972,0.20802513549731705
15429,3,Steady Mid-Value,4,Low,-0.7745451010455223,0.45971350034976416
15430,3,Steady Mid-Value,4,Medium,0.7657016076787472,-0.10804691369853005
15431,3,Steady Mid-Value,0,High,0.8353093786950495,0.10820787837439431
15432,4,Seasonal Gift Shopper,4,Low,-1.9440499016110337,-0.31719818961663565
15433,2,Steady Mid-Value (A),2,High,1.1331440007448281,-0.5992883060736405
15434,5,At-Risk / Lapsing,1,Low,-0.7052434096794118,-1.1455562422911494
15435,5,At-Risk / Lapsing,3,Medium,-0.49537197031624747,1.107513977565226
15436,5,At-Risk / Lapsing,0,Medium,0.07301681795190773,0.10756242201841816
15437,2,Steady Mid-Value (A),2,High,1.6992455541660894,-0.20146667003984375
15438,3,Steady Mid-Value,4,Medium,-0.19540364738742153,0.779060636305377
15439,3,Steady Mid-Value,1,Medium,0.4758443642999387,0.19758903271567962
15440,3,Steady Mid-Value,4,Medium,-0.2956029527759758,0.5076736452243114
15441,0,At-Risk / Lapsing (A),4,Low,-1.7033428857554667,-0.5927236933416845
15442,3,Steady Mid-Value,4,Medium,0.2563045665218785,-1.0870130194932868
15443,2,Steady Mid-Value (A),2,High,2.0473581194637376,-0.9959104719870057
15444,3,Steady Mid-Value,1,Medium,-0.6397557393817784,-0.6934209584550741
15445,3,Steady Mid-Value,4,High,0.9790578485564653,0.02956858530266982
15446,4,Seasonal Gift Shopper,4,Low,-2.0902887380110067,-0.10469360304739214
15447,0,At-Risk / Lapsing (A),4,Low,-1.494437604463649,-0.29388875084583305
15448,0,At-Risk / Lapsing (A),1,Low,-1.046477805685558,-0.08896889021000197
15449,5,At-Risk / Lapsing,3,Low,-0.8703714727820233,-0.854077526175038
15450,4,Seasonal Gift Shopper,6,Low,-3.5575345682785633,0.4378314022587021
15451,2,Steady Mid-Value (A),4,High,1.368217027402335,-0.3472582458764256
15452,2,Steady Mid-Value (A),2,High,2.0316861634435717,0.37405347213343304
15453,3,Steady Mid-Value,4,Medium,-0.1000469533343043,0.33864593914477387
15454,4,Seasonal Gift Shopper,6,Low,-2.3529426239636257,-0.9734633035830476
15455,0,At-Risk / Lapsing (A),0,Medium,0.2753045595726523,-0.7469233496651572
15456,3,Steady Mid-Value,1,Low,-1.4953820644255333,0.7884769762235414
15457,3,Steady Mid-Value,2,Medium,0.8524160706471526,0.05315867789685658
15458,5,At-Risk / Lapsing,3,Low,-2.2059031815760513,-0.2520858723362561
15459,2,Steady Mid-Value (A),2,High,3.6430982062003014,-1.2613183188825523
15460,3,Steady Mid-Value,4,Medium,0.12886948183816538,-0.27481901347372395
15461,3,Steady Mid-Value,1,Medium,-0.42906387648120464,1.030971535237846
15462,4,Seasonal Gift Shopper,4,Low,-1.6794294875795033,0.4515115401607581
15463,3,Steady Mid-Value,4,Low,-0.3436305234550774,-0.9116055310638018
15464,3,Steady Mid-Value,4,Medium,-0.6566850227454275,0.33427110369017043
15465,4,Seasonal Gift Shopper,4,Low,-1.7646338993497481,-0.06723549515968241
15466,2,Steady Mid-Value (A),2,High,1.6142986802730646,-0.5524226898001398
15467,5,At-Risk / Lapsing,3,Low,-1.5804888572857618,0.16583588839734073
15468,2,Steady Mid-Value (A),0,High,2.6105854659893484,-0.4193272589390591
15469,3,Steady Mid-Value,4,Low,-0.48665851375250496,-0.6459393945488561
15470,4,Seasonal Gift Shopper,6,Low,-2.7364568008561014,1.0902658539082033
15471,2,Steady Mid-Value (A),2,High,3.587895942443905,-0.9523622161949029
15472,2,Steady Mid-Value (A),2,Medium,0.7570259950519009,-0.44116376848382677
15473,3,Steady Mid-Value,1,Medium,0.35711574716466976,0.22268052448328524
15474,4,Seasonal Gift Shopper,6,Low,-2.289616988624993,2.1687131039912435
15475,0,At-Risk / Lapsing (A),0,High,1.1854448450345103,0.0033156074214961747
15476,3,Steady Mid-Value,1,Low,-1.4863785497905777,-0.1745773406000094
15477,3,Steady Mid-Value,1,Medium,-0.8007799150932127,0.38475910466673796
15478,1,Loyal High-Value,5,High,2.900129868084141,1.0057588601286496
15479,3,Steady Mid-Value,1,Medium,-0.1291154870138402,0.7234001818557503
15480,3,Steady Mid-Value,4,Low,-0.7312014350328165,0.39374160258404906
15481,3,Steady Mid-Value,4,Low,-0.46268504134886523,-0.942815359546875
15482,2,Steady Mid-Value (A),4,Medium,0.4119375786380766,-1.336851853606123
15483,0,At-Risk / Lapsing (A),0,Medium,-0.2474769944798998,-0.8205304689284755
15484,4,Seasonal Gift Shopper,4,Low,-2.04944263091911,-0.2990225942084406
15485,3,Steady Mid-Value,4,Low,-1.2534451315741328,-0.6006652384145926
15486,2,Steady Mid-Value (A),4,Medium,0.8081824794390872,-0.31529451436579714
15487,3,Steady Mid-Value,1,Medium,0.04546185820630124,-0.35223329956224647
15488,2,Steady Mid-Value (A),2,High,1.134233495711229,-0.5680792847366897
15489,5,At-Risk / Lapsing,3,Low,-0.7681718790837512,-0.5297641991249837
15490,2,Steady Mid-Value (A),0,Medium,0.33801684018898126,-0.23472774720700523
15491,2,Steady Mid-Value (A),0,High,3.3950811490626602,-1.1802427160316606
15492,1,Loyal High-Value,3,High,0.4205404283087654,1.9551063472777366
15493,3,Steady Mid-Value,4,Medium,-1.2370374796669055,0.5319387382831413
15494,2,Steady Mid-Value (A),0,High,3.4342398451200213,-1.1047125676909435
15495,4,Seasonal Gift Shopper,6,Low,-3.2825473160825682,-0.41560030582723334
15496,3,Steady Mid-Value,0,Medium,0.43779159463532274,-0.7490439517745795
15497,3,Steady Mid-Value,1,Medium,0.11387351966777837,1.3795179331435905
15498,5,At-Risk / Lapsing,1,Low,-1.4946279451402877,0.2113820798865195
15499,2,Steady Mid-Value (A),0,Medium,0.9147784232911893,-0.6211775466690372
15500,5,At-Risk / Lapsing,0,Medium,-0.09913251851839075,0.6324178760485413
15501,3,Steady Mid-Value,1,Medium,-0.24118142381541186,0.27652522838812693
15502,3,Steady Mid-Value,4,Medium,0.0874391092523773,-0.8376411834599579
15503,2,Steady Mid-Value (A),2,High,3.7690910223717045,-1.3251817382125453
15504,2,Steady Mid-Value (A),4,High,1.1580670087159408,-0.23541249577259263
15505,1,Loyal High-Value,3,High,0.3180485932281644,3.5494158458428204
15506,2,Steady Mid-Value (A),2,High,2.1679330338849887,-0.16463205672944672
15507,4,Seasonal Gift Shopper,6,Low,-2.8626175722533893,0.37045486178079484
15508,1,Loyal High-Value,5,High,1.4664477285694946,2.75079581513839
15509,4,Seasonal Gift Shopper,4,Low,-2.909865270249886,-1.5629246556165464
15510,3,Steady Mid-Value,2,High,0.9386835518060221,0.19856085272881596
15511,2,Steady Mid-Value (A),0,High,1.4710925333069096,0.020061185913478215
15512,2,Steady Mid-Value (A),2,High,1.7155464243733176,-0.1155637125336555
15513,0,At-Risk / Lapsing (A),1,Medium,-0.5540400398767181,0.4627647541440533
15514,2,Steady Mid-Value (A),0,High,1.5622425667691633,-0.23336380835277185
15515,3,Steady Mid-Value,1,Low,-1.095758273587784,0.3686516552366284
15516,3,Steady Mid-Value,1,Low,-0.8869765600995105,0.12409173147819647
15517,2,Steady Mid-Value (A),2,High,2.310095198164775,-0.8215189851303781
15518,3,Steady Mid-Value,1,Low,-0.1645613805871869,-1.0777314604054364
15519,4,Seasonal Gift Shopper,6,Low,-2.8970033983110666,1.5207757958709855
15520,0,At-Risk / Lapsing (A),1,Low,-1.3598060139755115,0.03331213406348327
15521,4,Seasonal Gift Shopper,6,Low,-3.366986683025676,0.7509475854245891
15522,3,Steady Mid-Value,4,Medium,0.1858310420380446,-0.8519137113278682
15523,1,Loyal High-Value,4,Medium,-0.3864192930596097,2.3989360732639073
15524,2,Steady Mid-Value (A),2,High,1.3660647617149653,-0.0689050463250714
15525,4,Seasonal Gift Shopper,4,Low,-2.8505573318124076,-1.4473791555681783
15526,4,Seasonal Gift Shopper,6,Low,-3.4394874621095153,0.15675319696932505
15527,2,Steady Mid-Value (A),2,High,2.844471026299408,-0.45410827383884883
15528,3,Steady Mid-Value,4,Low,-1.1552255179765663,-0.6481463589369467
15529,4,Seasonal Gift Shopper,4,Low,-1.5070112756955039,0.20043510033355708
15530,0,At-Risk / Lapsing (A),4,Low,-2.1468892329868057,-0.959159937577272
15531,2,Steady Mid-Value (A),4,High,1.1255636677893066,-0.055625637130556196
15532,3,Steady Mid-Value,1,High,-0.362056161225183,2.091007989203544
15533,3,Steady Mid-Value,4,Low,-0.2422429396424684,0.09342111142197759
15534,1,Loyal High-Value,5,High,4.072037002502077,1.4085301376760984
15535,2,Steady Mid-Value (A),2,High,1.9491861826796197,-0.10642689783952335
15536,3,Steady Mid-Value,2,Medium,0.28007195224042575,-0.10932491047540813
15537,1,Loyal High-Value,5,High,1.2775113605722577,2.561436587823078
15538,2,Steady Mid-Value (A),2,High,1.125487451004705,-0.3067964941172058
15539,2,Steady Mid-Value (A),2,High,2.5794343474549204,-0.9752198007697971
15540,3,Steady Mid-Value,4,Low,-1.4411251362427715,-1.3477071309829802
15541,1,Loyal High-Value,6,Medium,-0.514078433187212,2.1677202920273895
15542,4,Seasonal Gift Shopper,3,Low,-2.7026817984735017,1.7470041053081542
15543,2,Steady Mid-Value (A),4,High,1.0005209328892697,0.05684795084268695
15544,1,Loyal High-Value,1,High,1.5623322209045771,1.2782713329837596
15545,3,Steady Mid-Value,4,Low,-0.8465119687057262,-0.7942245710763243
15546,3,Steady Mid-Value,3,Medium,-0.33987218355617,2.0635293373278407
15547,0,At-Risk / Lapsing (A),0,Medium,-0.11843530598054076,-0.5280347708865853
15548,4,Seasonal Gift Shopper,4,Low,-1.5964677096230893,0.34464065490154405
15549,2,Steady Mid-Value (A),2,High,1.4089155070598518,-0.6860740583087276
15550,3,Steady Mid-Value,1,Medium,-0.08800539425760864,0.005996941060523998
15551,2,Steady Mid-Value (A),1,Medium,0.4167450263798497,-0.5034155811170473
15552,3,Steady Mid-Value,1,Medium,-0.20274814640852565,-0.005450743429412274
15553,2,Steady Mid-Value (A),4,High,1.272507986484708,0.1677311793750074
15554,4,Seasonal Gift Shopper,6,Medium,-2.040404846686775,2.758098679238843
15555,1,Loyal High-Value,4,High,2.588108677274434,1.3267979676905137
15556,0,At-Risk / Lapsing (A),4,Low,-2.016189304153795,-1.0164548818054282
15557,0,At-Risk / Lapsing (A),4,Low,-1.4213393790607858,-0.8883194242325724
15558,2,Steady Mid-Value (A),2,Medium,0.9523545259785333,-0.6415632028443778
15559,4,Seasonal Gift Shopper,6,Low,-2.5497946410946266,1.5446780170556296
15560,1,Loyal High-Value,5,High,4.040629996365598,0.9636108757984269
15561,3,Steady Mid-Value,4,Low,-1.0092992549470887,-0.154939772564936
15562,4,Seasonal Gift Shopper,6,Low,-3.5663549518452147,-0.318501028778675
15563,3,Steady Mid-Value,2,Medium,0.3809389757902604,0.401644304502161
15564,2,Steady Mid-Value (A),0,Medium,0.9475597853863639,-0.3091078197057646
15565,4,Seasonal Gift Shopper,4,Low,-1.179628378461583,-0.38430157072799914
15566,3,Steady Mid-Value,4,Medium,-0.5995476459034246,1.074830896400677
15567,3,Steady Mid-Value,2,Medium,0.3186420807178249,-0.43310807776941734
15568,3,Steady Mid-Value,4,Low,-0.5632439921273467,0.13622475349943874
15569,2,Steady Mid-Value (A),2,High,1.3167538995678225,0.22343351330557065
15570,2,Steady Mid-Value (A),2,Medium,0.9500750955801354,-1.065993322191852
15571,2,Steady Mid-Value (A),2,High,2.9356879232044952,-0.5562133547241527
15572,2,Steady Mid-Value (A),0,High,1.2520385477968536,-0.5181882105957524
15573,2,Steady Mid-Value (A),1,Low,0.5048731664005813,-1.6870362042797982
15574,2,Steady Mid-Value (A),0,Medium,1.0056558318989246,0.01796422510501267
15575,3,Steady Mid-Value,1,Low,-1.4711413713902861,0.4865909630370626
15576,2,Steady Mid-Value (A),2,Medium,1.1974744056149442,-1.241653513088453
15577,2,Steady Mid-Value (A),0,High,2.5818581617917777,-0.8186026012402743
15578,2,Steady Mid-Value (A),2,High,2.735449112175627,-0.1534976256370252
15579,2,Steady Mid-Value (A),0,High,1.985312858222197,-0.5481736419966726
15580,5,At-Risk / Lapsing,0,Medium,1.1617239056315685,-0.9734784780160431
15581,2,Steady Mid-Value (A),1,Medium,0.43224382225353025,-1.1441105640986466
15582,2,Steady Mid-Value (A),2,High,2.2795036511394953,-0.23464583350051293
15583,2,Steady Mid-Value (A),0,High,2.966848862355032,-0.8690225370531899
15584,3,Steady Mid-Value,4,Medium,-0.8842432784614247,0.9124312002080689
15585,5,At-Risk / Lapsing,3,Low,-2.1901966578463288,-0.11431655208506611
15586,3,Steady Mid-Value,1,Medium,0.6129546350615992,-0.5257502152173728
15587,3,Steady Mid-Value,1,Low,-1.470371467220372,0.3137982338876934
15588,3,Steady Mid-Value,2,Medium,0.642216127211594,0.1901552038330345
15589,4,Seasonal Gift Shopper,4,Low,-1.3388533062455532,-0.23925233587568945
15590,4,Seasonal Gift Shopper,4,Low,-2.7531441609164453,-1.1459180698902305
15591,2,Steady Mid-Value (A),2,High,1.0693399365141718,0.1673841419496809
15592,3,Steady Mid-Value,1,Low,-0.7795834396754838,-0.07415347611100297
15593,3,Steady Mid-Value,1,Low,-0.5099153450147046,-0.23056002250989466
15594,5,At-Risk / Lapsing,3,Low,-1.3621983208437662,-0.40441473579376513
15595,3,Steady Mid-Value,4,Medium,-0.02143507733839469,0.2790522297269173
15596,2,Steady Mid-Value (A),4,Medium,1.0545837846532127,-1.7499771697524125
15597,3,Steady Mid-Value,2,Medium,0.11490373365041172,0.07039231770978004
15598,2,Steady Mid-Value (A),2,High,1.3153622740407107,-0.37534276056977806
15599,0,At-Risk / Lapsing (A),4,Medium,-0.5305470203995778,0.24698990908651838
15600,2,Steady Mid-Value (A),2,High,2.9514333069082372,-1.1135561579823106
15601,4,Seasonal Gift Shopper,4,Low,-1.9196657303484728,-0.057345805980635184
15602,2,Steady Mid-Value (A),0,High,2.421242201765729,-1.0732726070354872
15603,5,At-Risk / Lapsing,3,Low,-3.266045438018268,0.9410528110245057
15604,0,At-Risk / Lapsing (A),0,Medium,0.5144847695743189,-0.5505806406220648
15605,2,Steady Mid-Value (A),0,High,1.2003837328988345,-0.016959525583040078
15606,0,At-Risk / Lapsing (A),4,Low,-2.352381351734708,-1.888688216576897
15607,1,Loyal High-Value,5,High,4.4781374629385295,1.2927661535814423
15608,2,Steady Mid-Value (A),2,High,2.1464988560941625,-0.21616720652130544
15609,2,Steady Mid-Value (A),2,High,1.534757441630082,0.2856028722490397
15610,2,Steady Mid-Value (A),2,High,3.1009694686067473,-1.1417102846028617
15611,2,Steady Mid-Value (A),4,High,2.1104065105268224,-0.4007085322359444
15612,2,Steady Mid-Value (A),0,High,1.164475788703133,-0.09011663814622362
15613,3,Steady Mid-Value,4,Medium,-0.2571292991148855,-0.09367480922907949
15614,2,Steady Mid-Value (A),2,Medium,1.1877695993804096,-0.7431086348738537
15615,3,Steady Mid-Value,4,Low,-1.0847952770060905,-1.1775398929515395
15616,0,At-Risk / Lapsing (A),1,Medium,-0.4911206237478514,0.03135905821582818
15617,3,Steady Mid-Value,4,Low,-1.246732551928362,0.6850152326737902
15618,2,Steady Mid-Value (A),0,Medium,1.1088552781517493,-0.9683892072187809
15619,2,Steady Mid-Value (A),4,High,2.5276050872066835,-0.8856854818711538
15620,3,Steady Mid-Value,1,Low,-0.8475050315725455,0.23774067762525897
15621,3,Steady Mid-Value,4,Medium,0.4355023317538186,-0.5436650363360058
15622,1,Loyal High-Value,4,High,2.4191461515349,2.2492887823476884
15623,2,Steady Mid-Value (A),0,High,1.8967624843160145,-1.3565795698785348
15624,4,Seasonal Gift Shopper,4,Low,-2.7960123522824767,-2.3327142227110484
15625,0,At-Risk / Lapsing (A),4,Low,-1.346938363756055,-0.4023436498893627
15626,2,Steady Mid-Value (A),0,High,2.281179559921474,-0.13064485844604662
15627,3,Steady Mid-Value,4,Medium,-0.202840113553295,-0.09161790636529332
15628,3,Steady Mid-Value,1,Medium,0.048637037871923215,0.24993227064596932
15629,2,Steady Mid-Value (A),0,High,1.249025738474301,-0.5345889446252082
15630,2,Steady Mid-Value (A),0,Medium,0.7589213531874065,-1.2555561338767558
15631,3,Steady Mid-Value,4,High,0.8361562908187583,0.7548347775090779
15632,3,Steady Mid-Value,2,Medium,0.5487405776186987,-0.18275100618386703
15633,4,Seasonal Gift Shopper,6,Low,-3.1689458017174674,0.6188782752540709
15634,0,At-Risk / Lapsing (A),4,Low,-1.5008855574737567,-0.17583463253319526
15635,0,At-Risk / Lapsing (A),1,Low,-1.5019111676984445,0.5150620499165997
15636,3,Steady Mid-Value,4,Medium,-0.014874282143552946,0.39158391387026864
15637,3,Steady Mid-Value,1,High,0.6615980042411366,0.8840529134170616
15638,4,Seasonal Gift Shopper,6,Low,-2.111158436678753,1.3796072123272212
15639,4,Seasonal Gift Shopper,1,Low,-2.037266533128994,-0.17997509392251687
15640,3,Steady Mid-Value,1,Medium,-0.3535126629069852,-0.34208117509354496
15641,3,Steady Mid-Value,4,Medium,-0.8035623783230379,0.33066036492018325
15642,3,Steady Mid-Value,0,High,0.7364988435526044,0.4476737289250495
15643,2,Steady Mid-Value (A),0,High,2.303261238380955,-0.49013592135087697
15644,0,At-Risk / Lapsing (A),4,Medium,-1.1108424772493692,0.46547345437041204
15645,2,Steady Mid-Value (A),0,High,1.2241797293229622,-0.8177346341189842
15646,3,Steady Mid-Value,4,Medium,-0.6475043239978159,0.11586573490451806
15647,3,Steady Mid-Value,2,Medium,0.469552901846676,-0.4212171724237176
15648,3,Steady Mid-Value,4,Low,-0.8851984432657963,-0.20245560414208516
15649,3,Steady Mid-Value,4,Low,-0.9962591430521607,-0.06654199853748045
15650,4,Seasonal Gift Shopper,4,Low,-1.5598327447263172,0.09917471552376832
15651,3,Steady Mid-Value,4,Low,-0.947604137561583,0.37047187138064563
15652,3,Steady Mid-Value,4,Medium,0.43642537957500355,-0.7020686283793522
15653,4,Seasonal Gift Shopper,4,Low,-2.0926047935549623,-1.2796374133800432
15654,3,Steady Mid-Value,4,Medium,-0.2886089110527854,1.4599339109762872
15655,3,Steady Mid-Value,4,Medium,0.698703162346972,-0.7921752108671926
15656,0,At-Risk / Lapsing (A),1,Low,-0.3967015572508072,-0.7163257458599774
15657,3,Steady Mid-Value,2,Medium,0.5163300571636104,-0.6112888269220719
15658,2,Steady Mid-Value (A),2,High,1.148159321370143,0.3979510047670267
15659,3,Steady Mid-Value,4,Medium,0.6123056839095338,0.35981923720218406
15660,3,Steady Mid-Value,1,High,0.8222933461113026,0.5965735067925684
15661,3,Steady Mid-Value,4,Low,-1.0336198939985328,-0.5978861818210156
15662,2,Steady Mid-Value (A),0,High,2.955385735710602,-0.7751568652975447
15663,2,Steady Mid-Value (A),2,High,1.8434094669239673,-0.5474542162630959
15664,0,At-Risk / Lapsing (A),4,Low,-3.099948549876967,-2.7841867340501545
15665,3,Steady Mid-Value,1,Medium,-0.23329302913540326,1.565218577644407
15666,3,Steady Mid-Value,4,Low,-0.5736025325319961,-0.5282571755144363
15667,2,Steady Mid-Value (A),0,High,3.4505962473094356,-1.4055790334894709
15668,2,Steady Mid-Value (A),4,Medium,1.131154150609517,-1.5110629589304823
15669,4,Seasonal Gift Shopper,6,Low,-2.9085357603051163,1.3900710177755662
15670,3,Steady Mid-Value,1,Medium,0.22114139461745247,0.8557543442694602
15671,4,Seasonal Gift Shopper,6,Low,-1.948827475350002,0.7747491513776734
15672,5,At-Risk / Lapsing,0,Medium,-0.20880113485831037,0.44052628262393756
15673,3,Steady Mid-Value,4,Medium,0.6252949923831347,-0.8152942347545884
15674,3,Steady Mid-Value,2,High,0.840857116525329,0.33483552171748926
15675,2,Steady Mid-Value (A),2,High,1.5369157675412133,-1.0369439060029848
15676,2,Steady Mid-Value (A),2,High,2.3909025607136885,-0.8448421365686977
15677,3,Steady Mid-Value,1,Medium,-0.9569264866166575,0.47202420187303196
15678,5,At-Risk / Lapsing,3,Low,-2.5520074538614352,2.06424527173234
15679,2,Steady Mid-Value (A),0,Medium,1.454334284059525,-1.3099994323008501
15680,3,Steady Mid-Value,2,Medium,0.324784262138933,0.08836256647096259
15681,3,Steady Mid-Value,4,Medium,-0.4668904769808293,0.40226764852374075
15682,3,Steady Mid-Value,1,High,0.17803808812915195,1.1164815548180937
15683,5,At-Risk / Lapsing,3,Low,-2.156098804773248,-0.26796609197109755
15684,3,Steady Mid-Value,2,Medium,0.5022776306970744,0.09765182479878955
15685,3,Steady Mid-Value,4,Medium,-0.6375184666593247,0.16375170414572127
15686,3,Steady Mid-Value,1,Medium,-0.20799779525530632,-0.14333004234343252
15687,2,Steady Mid-Value (A),0,Medium,0.4752252778240059,-0.47640296575205243
15688,3,Steady Mid-Value,4,High,1.2634148702161867,0.43752038816211325
15689,3,Steady Mid-Value,1,Low,-0.6140988892608829,-0.5633376061634985
15690,2,Steady Mid-Value (A),4,Medium,0.9232060734217997,-0.5503419401864813
15691,3,Steady Mid-Value,1,Low,-0.9230282673740126,0.3629942285001068
15692,2,Steady Mid-Value (A),4,High,0.88133273595477,-0.3797799245539684
15693,2,Steady Mid-Value (A),4,Medium,1.130995560502694,-0.7603052191856547
15694,2,Steady Mid-Value (A),1,Low,-0.13657239667815596,-1.9461969549958904
15695,3,Steady Mid-Value,4,Medium,0.6328933370700546,-0.26089585685107664
15696,3,Steady Mid-Value,4,Low,-0.18664239574044741,-1.1032131124964566
15697,2,Steady Mid-Value (A),2,High,2.435512053187337,-1.073909776003463
15698,4,Seasonal Gift Shopper,6,Low,-6.088132899499691,-3.5752533528889194
15699,3,Steady Mid-Value,1,Medium,-0.4776858145687451,1.2713837779673542
15700,5,At-Risk / Lapsing,3,Low,-2.1552908336767502,2.3759380021322065
15701,2,Steady Mid-Value (A),2,High,2.371074732187596,-0.7960265921194138
15702,3,Steady Mid-Value,3,High,-0.4857995971364544,0.6151182493320068
15703,2,Steady Mid-Value (A),0,High,1.8684293752107413,-0.6126109174268287
15704,3,Steady Mid-Value,1,Low,-0.7879765110248921,-1.2129643820578844
15705,1,Loyal High-Value,5,High,4.692774205104783,1.285861053201351
15706,3,Steady Mid-Value,4,Medium,0.7964367622295508,-0.6163306346107564
15707,3,Steady Mid-Value,2,Medium,-0.39394330745005884,0.12304633297545461
15708,1,Loyal High-Value,5,High,1.1583466934553144,2.2507959693392343
15709,3,Steady Mid-Value,4,High,-0.5657645708856957,1.4720105452067096
15710,1,Loyal High-Value,4,High,1.7603482889945912,2.4075050327136447
15711,3,Steady Mid-Value,1,Medium,-0.8770938856073893,1.4380837271827727
15712,0,At-Risk / Lapsing (A),4,Medium,0.9876293559594049,-1.792840639503699
15713,2,Steady Mid-Value (A),2,Medium,1.072961782141569,-0.5846046351662129
15714,2,Steady Mid-Value (A),4,High,1.5372774388420194,-1.5059471084440958
15715,1,Loyal High-Value,4,Medium,0.15483249964586157,1.541802795422637
15716,3,Steady Mid-Value,4,Medium,0.37249101328733586,-0.6444193501243487
15717,3,Steady Mid-Value,4,High,-0.20888601644367352,1.673965804205925
15718,3,Steady Mid-Value,2,High,0.8699496615548148,0.23759354294074797
15719,2,Steady Mid-Value (A),2,High,2.7216538535489367,-0.7439274284343929
15720,3,Steady Mid-Value,4,Medium,0.11947160132210312,0.10545752534976076
15721,2,Steady Mid-Value (A),2,High,3.904320241256404,-0.9318732680905512
15722,3,Steady Mid-Value,2,High,0.7433421807459634,0.569371695469584
15723,4,Seasonal Gift Shopper,6,Low,-3.536884617653679,-0.15660195326313864
15724,2,Steady Mid-Value (A),4,High,0.9822368706780481,-0.7273737889924689
15725,2,Steady Mid-Value (A),0,High,3.047131815249655,-0.38395532762344975
15726,3,Steady Mid-Value,1,Medium,0.4421746761995021,-0.023465582201595094
15727,2,Steady Mid-Value (A),0,High,1.6788060413769719,-0.35577626185596173
15728,5,At-Risk / Lapsing,3,Low,-4.154069183365897,-1.7548955044969388
15729,3,Steady Mid-Value,4,High,0.5596793747426738,0.7788456718050143
15730,4,Seasonal Gift Shopper,4,Low,-1.8037251156548864,-0.047724281522171896
15731,1,Loyal High-Value,5,High,3.11705949439611,1.4040348455033775
15732,1,Loyal High-Value,5,High,2.297419335523291,1.6245012671631651
15733,1,Loyal High-Value,4,High,2.5286609464761,1.8240922107588156
15734,4,Seasonal Gift Shopper,4,Low,-2.6253999715000536,-1.3617668397132727
15735,3,Steady Mid-Value,4,Medium,-0.18812765963574454,1.0201955927777882
15736,2,Steady Mid-Value (A),2,High,2.148321118034227,-0.5620124959741828
15737,0,At-Risk / Lapsing (A),4,High,0.790025595267201,-0.5217771003161125
15738,3,Steady Mid-Value,4,Low,-0.440208323000184,-0.9615758223787906
15739,3,Steady Mid-Value,2,High,1.1890147670558913,0.2510372839053903
15740,2,Steady Mid-Value (A),0,High,1.590297409170384,-0.7031387911563907
15741,3,Steady Mid-Value,4,High,0.48852904026563515,0.34155447392886373
15742,1,Loyal High-Value,4,High,0.16783115447777436,2.8158980914183873
15743,2,Steady Mid-Value (A),0,Medium,0.6613832097267603,-1.2681126200769333
15744,1,Loyal High-Value,5,High,1.614777059020166,2.849870788924915
15745,3,Steady Mid-Value,4,Low,-0.8578120519352426,-0.18915247256451703
15746,4,Seasonal Gift Shopper,6,Low,-3.8260141394497333,-0.21230982198987897
15747,1,Loyal High-Value,5,High,0.777675570187066,3.025240580900356
15748,5,At-Risk / Lapsing,3,Low,-1.3162262145575803,-0.048262381107678075
15749,3,Steady Mid-Value,4,High,0.6606350362908243,-0.6904210390596287
15750,5,At-Risk / Lapsing,3,Low,-3.81219462761408,-1.0114350153604386
15751,3,Steady Mid-Value,4,Low,-0.8654973466488151,0.3414480014818725
15752,3,Steady Mid-Value,1,Medium,-0.42450126002854877,0.35893222755668314
15753,3,Steady Mid-Value,1,High,0.5182636732945692,-0.21690542332998689
15754,3,Steady Mid-Value,4,Medium,0.1655547710464148,0.23275478148239445
15755,4,Seasonal Gift Shopper,6,Low,-3.497933574310983,0.4243496442103173
15756,3,Steady Mid-Value,4,Medium,0.0523123381309759,0.9720387781691876
15757,0,At-Risk / Lapsing (A),0,High,0.7112456870720897,0.31069297614477803
15758,3,Steady Mid-Value,4,Medium,0.1411057261890429,-0.2865231766364953
15759,3,Steady Mid-Value,0,High,0.9563970779430513,0.4436622963025298
15760,1,Loyal High-Value,5,High,1.374257018241253,2.0188765182715054
15761,5,At-Risk / Lapsing,1,Low,-1.337189401738276,-0.2210870095157318
15762,4,Seasonal Gift Shopper,4,Low,-1.8531903631057807,-2.2734653792103776
15763,3,Steady Mid-Value,4,Low,-0.506797188409784,-0.5887388857866871
15764,1,Loyal High-Value,5,High,0.5681013413000539,1.835414717815294
15765,2,Steady Mid-Value (A),2,High,3.1543993252454983,-0.888924843691572
15766,2,Steady Mid-Value (A),2,High,2.145491259694726,-0.02766578110511972
15767,2,Steady Mid-Value (A),2,High,1.8966492692953856,-0.9211213798479254
15768,4,Seasonal Gift Shopper,4,Low,-1.7859399341799784,-0.05662220305808816
15769,2,Steady Mid-Value (A),0,High,2.4787361347185377,-0.6487275248382108
15770,3,Steady Mid-Value,2,High,0.8188148612280173,-0.4267468590298366
15771,2,Steady Mid-Value (A),2,High,1.6851598521943651,-0.15914155400997787
15772,1,Loyal High-Value,4,High,1.4836864359626518,1.6553169877002367
15773,2,Steady Mid-Value (A),2,High,2.618677142153568,-1.0751024784422967
15774,2,Steady Mid-Value (A),0,Medium,0.7753116709993177,-0.3143021828505872
15775,3,Steady Mid-Value,4,Medium,0.010074192363607064,0.15892825259477558
15776,4,Seasonal Gift Shopper,6,Low,-3.8688340787794315,-0.34139914256453474
15777,2,Steady Mid-Value (A),2,High,2.573868705300323,-0.8033802487064181
15778,4,Seasonal Gift Shopper,4,Low,-2.6115993745831867,-1.4759289833067721
15779,3,Steady Mid-Value,2,High,0.9769728354627712,-0.20431914644687946
15780,3,Steady Mid-Value,1,Medium,-0.4201209423832682,1.1534002872064613
15781,2,Steady Mid-Value (A),2,High,1.6994975397346013,-0.737020765627625
15782,2,Steady Mid-Value (A),2,High,2.219360430927087,-0.7188733193831779
15783,1,Loyal High-Value,5,High,3.4504773253072285,0.9123057367197214
15784,4,Seasonal Gift Shopper,6,Low,-3.5089073640208,0.5477306868232841
15785,3,Steady Mid-Value,4,Low,-0.11212523149583507,-0.3827245887756828
15786,0,At-Risk / Lapsing (A),0,Medium,0.6180718820453067,-0.877833502357258
15787,0,At-Risk / Lapsing (A),3,Low,-0.766670894034121,0.36078637215823045
15788,3,Steady Mid-Value,4,Medium,-0.4780979280665352,0.8326927043314003
15789,0,At-Risk / Lapsing (A),4,Low,-1.3980099861337325,-0.596561887308998
15790,4,Seasonal Gift Shopper,6,Low,-2.7971559840026448,1.249598820632844
15791,1,Loyal High-Value,3,High,-0.26325384480452707,2.6162484489201465
15792,3,Steady Mid-Value,4,Medium,0.20081629703395665,-0.13105618182839956
15793,3,Steady Mid-Value,2,Medium,0.7420156119145024,-0.4561559604957146
15794,3,Steady Mid-Value,4,Low,-1.6179800306056378,0.5900496258385239
15795,4,Seasonal Gift Shopper,6,Low,-5.301138650993519,-2.873949915039983
15796,2,Steady Mid-Value (A),2,High,2.778737729732537,-1.5076937285426382
15797,2,Steady Mid-Value (A),4,Medium,1.1221831738110088,-0.4445184209881055
15798,3,Steady Mid-Value,4,Medium,0.2881883984764582,-0.07991970198572775
15799,3,Steady Mid-Value,1,Low,-1.2615558137091478,0.29368738519107296
15800,3,Steady Mid-Value,4,High,0.4306673319686119,0.06659914075997367
15801,3,Steady Mid-Value,4,Low,-0.45329683244961017,-1.431384192369167
15802,4,Seasonal Gift Shopper,6,Low,-2.393563356581778,1.881451962945399
15803,2,Steady Mid-Value (A),2,High,2.02766369658089,-0.6214271484499828
15804,3,Steady Mid-Value,1,Medium,0.3121216352493974,1.1181292804741059
15805,2,Steady Mid-Value (A),2,High,3.595499192407332,-1.2356495199214166
15806,1,Loyal High-Value,4,High,0.2586839811908107,3.1991431941214308
15807,0,At-Risk / Lapsing (A),4,Medium,0.31393294658561205,-0.5475147948537771
15808,0,At-Risk / Lapsing (A),1,Low,-0.8799383091370522,-0.05209792037603985
15809,3,Steady Mid-Value,1,Medium,-0.6443859289976702,0.7739226519976854
15810,1,Loyal High-Value,5,High,3.6667424775807365,1.7242614923844906
15811,3,Steady Mid-Value,1,Medium,-0.19999355956552334,0.3825389000600033
15812,3,Steady Mid-Value,1,High,0.6725825016958743,0.10209299236929098
15813,2,Steady Mid-Value (A),2,High,1.6158594273061322,-0.41953535346343773
15814,4,Seasonal Gift Shopper,6,Low,-3.5857763375754677,0.04663885036779079
15815,3,Steady Mid-Value,1,Medium,-0.14910229962338223,0.17437215426615524
15816,5,At-Risk / Lapsing,3,Low,-3.063952296112359,1.3603619320558915
15817,3,Steady Mid-Value,4,Medium,-0.6519088978987404,0.135202710102738
15818,2,Steady Mid-Value (A),4,High,2.150320817560423,-1.4863878782328377
15819,3,Steady Mid-Value,1,Medium,-0.634030802598706,0.9182912642623482
15820,0,At-Risk / Lapsing (A),1,Medium,-0.41271978519386493,0.19928049565241132
15821,3,Steady Mid-Value,4,Low,-1.1719046629082244,-0.16253546423375184
15822,2,Steady Mid-Value (A),1,Medium,0.2768217483202876,-1.3659988002123982
15823,4,Seasonal Gift Shopper,6,Low,-3.2982165163448403,0.5606377921624983
15824,4,Seasonal Gift Shopper,6,Low,-2.934251888164691,0.6349700236597179
15825,5,At-Risk / Lapsing,0,Medium,0.5792561014132339,0.45642541179493673
15826,3,Steady Mid-Value,4,Medium,-0.06903516364388372,0.18260862093145805
15827,3,Steady Mid-Value,1,Medium,-0.4646426141362759,1.2661953728060111
15828,3,Steady Mid-Value,4,Low,-0.8757442199720716,-0.31335062043451173
15829,4,Seasonal Gift Shopper,6,Low,-2.6306432326110842,0.567568161991473
15830,5,At-Risk / Lapsing,3,Low,-3.0122978848543025,-2.306190678524982
15831,3,Steady Mid-Value,2,Medium,0.18186500064230576,-0.3832048873927322
15832,2,Steady Mid-Value (A),4,Medium,0.6096474160266082,-0.756129673867838
15833,2,Steady Mid-Value (A),2,High,2.0248050653437173,0.10237794015494461
15834,2,Steady Mid-Value (A),4,High,1.2840382139830102,-0.5690644955473368
15835,3,Steady Mid-Value,4,Low,-1.108231268821957,-0.7677693339779781
15836,2,Steady Mid-Value (A),2,High,1.9121322478882212,-0.8529237285959986
15837,3,Steady Mid-Value,4,Low,-1.4045162814689882,-0.8297386812965305
15838,4,Seasonal Gift Shopper,4,Low,-1.5370515846628843,0.24312815315160963
15839,5,At-Risk / Lapsing,1,Low,-0.25304849437674826,-0.594446853974774
15840,3,Steady Mid-Value,4,Medium,0.3899601133123075,-0.4039584903628906
15841,5,At-Risk / Lapsing,0,Medium,1.0604909043457278,-0.08930765617325073
15842,5,At-Risk / Lapsing,0,Low,0.6002328864023639,-1.0471783096087535
15843,0,At-Risk / Lapsing (A),0,Medium,0.2769460654887233,-0.12241882462561064
15844,2,Steady Mid-Value (A),2,High,2.2251801315055775,-1.1490885863499245
15845,5,At-Risk / Lapsing,1,Low,-1.6148489652137112,0.7039030453885504
15846,2,Steady Mid-Value (A),0,High,2.373773318233212,-0.8743243749771551
15847,1,Loyal High-Value,4,High,1.2089917538032224,1.8343537027148928
15848,2,Steady Mid-Value (A),0,High,1.528003184803222,-1.1585046197534656
15849,3,Steady Mid-Value,1,Medium,-0.010963145943285789,-0.0745322968839379
15850,2,Steady Mid-Value (A),2,High,2.2866153379596814,-0.5592008233603695
15851,0,At-Risk / Lapsing (A),6,Low,-3.3149600814861415,-0.7583049474671224
15852,1,Loyal High-Value,4,High,2.292912205194197,1.4826615492989559
15853,1,Loyal High-Value,5,High,2.6959348885874426,2.123997900623424
15854,3,Steady Mid-Value,4,High,1.5834278342033021,0.592986186293461
15855,2,Steady Mid-Value (A),2,High,3.034255472039147,-0.6882911663914668
15856,3,Steady Mid-Value,1,Medium,-0.016205590799196028,0.0487039979396641
15857,3,Steady Mid-Value,1,Medium,-0.10050755876989187,0.9402851367578561
15858,2,Steady Mid-Value (A),2,High,2.8104197236264366,-0.9159074703007386
15859,0,At-Risk / Lapsing (A),4,Low,-0.8464957263297586,-1.0147394880450649
15860,2,Steady Mid-Value (A),0,Medium,0.4389131361157605,-0.49351283822313124
15861,0,At-Risk / Lapsing (A),4,Low,-1.7321346890009155,-0.9430565222994404
15862,3,Steady Mid-Value,1,Medium,-0.5474309725122914,1.229541143476804
15863,4,Seasonal Gift Shopper,6,Low,-3.5561772364549507,-0.7493928224424438
15864,3,Steady Mid-Value,2,High,0.8952032775672512,0.39758536198654787
15865,3,Steady Mid-Value,2,Medium,0.3139496405780806,0.757763075930954
15866,3,Steady Mid-Value,2,Medium,0.5845438083492944,0.5308341513663636
15867,1,Loyal High-Value,4,High,1.145108817033123,1.7823241545752282
15868,2,Steady Mid-Value (A),2,High,1.5993120141004729,-0.13499012636189667
15869,3,Steady Mid-Value,2,Medium,0.823532737106993,0.07893425877632712
15870,2,Steady Mid-Value (A),0,High,2.4936131463070796,-0.7330511809044644
15871,3,Steady Mid-Value,4,Medium,0.07818099667606392,-0.395157615281855
15872,3,Steady Mid-Value,0,High,1.0750647615638218,0.8934416439306626
15873,4,Seasonal Gift Shopper,6,Low,-4.055557330137837,-0.9038100981202959
15874,3,Steady Mid-Value,4,Medium,-0.14092085609208108,0.5115346103908374
15875,3,Steady Mid-Value,1,High,0.34880010223056107,0.533354565089461
15876,2,Steady Mid-Value (A),2,Medium,0.7972206820372442,-0.9105644600334835
15877,3,Steady Mid-Value,4,Low,-0.39300689640888326,-0.8859542271978171
15878,3,Steady Mid-Value,4,Medium,0.35483951284718024,0.2947363961018043
15879,0,At-Risk / Lapsing (A),4,Medium,-0.46305672252463626,0.42204794070069496
15880,2,Steady Mid-Value (A),0,Medium,1.0125103453644944,-1.1610443994560626
15881,1,Loyal High-Value,4,High,0.5710692965234077,2.4892983649845792
15882,4,Seasonal Gift Shopper,4,Low,-2.324317655511334,-1.0055513215586562
15883,2,Steady Mid-Value (A),2,High,2.059391450142223,-0.6380197507393209
15884,2,Steady Mid-Value (A),4,Medium,0.18200124441232957,-0.8891061296698032
15885,3,Steady Mid-Value,1,High,0.7263886421634158,0.7145456325065059
15886,3,Steady Mid-Value,1,Medium,0.5478702407970233,0.07054515441744072
15887,3,Steady Mid-Value,4,Low,-0.7792279597909587,-0.27297616977980843
15888,0,At-Risk / Lapsing (A),1,Medium,0.3558837085140586,-0.5069382427235594
15889,3,Steady Mid-Value,1,Medium,-0.6590632584441197,0.6395532677159717
15890,4,Seasonal Gift Shopper,4,Low,-1.8674096723507099,-0.3442390995047829
15891,3,Steady Mid-Value,1,Medium,0.323515185998445,0.9995088734042925
15892,3,Steady Mid-Value,4,Medium,-0.6286997542350715,0.06598229296355117
15893,2,Steady Mid-Value (A),4,High,1.8522233952763734,-1.0313642847349018
15894,2,Steady Mid-Value (A),2,High,2.8785634885457694,-1.1167017396828938
15895,2,Steady Mid-Value (A),2,High,2.2455171767880957,-1.0115876617844886
15896,3,Steady Mid-Value,4,High,0.7493864306826525,-0.3022171149317698
15897,2,Steady Mid-Value (A),2,High,3.075079152216554,-0.7483071169566656
15898,4,Seasonal Gift Shopper,3,Medium,-1.7942931934357464,2.02366914514461
15899,4,Seasonal Gift Shopper,6,Low,-2.310327022956625,1.2395531417026961
15900,3,Steady Mid-Value,4,Medium,-0.017206653233557117,0.47400970191588965
15901,0,At-Risk / Lapsing (A),4,Low,-1.854192858743963,-0.18387121838753515
15902,3,Steady Mid-Value,1,Medium,-0.248267889142667,0.6919090807681129
15903,3,Steady Mid-Value,4,Medium,-0.857178524817367,1.090775278767301
15904,2,Steady Mid-Value (A),1,Medium,0.5158465944686331,-1.2903856326682195
15905,2,Steady Mid-Value (A),2,High,3.009437564419106,-1.1259155811620554
15906,2,Steady Mid-Value (A),2,High,1.5764402828641202,-0.3883076425992333
15907,1,Loyal High-Value,5,High,2.761605332375042,1.1560670024277016
15908,4,Seasonal Gift Shopper,6,Low,-3.2338631139715495,0.6801362146209627
15909,2,Steady Mid-Value (A),2,High,1.7433570133193743,-0.5627960547703805
15910,4,Seasonal Gift Shopper,6,Low,-2.1707851798936493,1.8164885289230117
15911,5,At-Risk / Lapsing,0,Low,0.0028331420390350147,-0.7487640253076284
15912,3,Steady Mid-Value,4,Medium,0.17736330566825825,0.051552421575727085
15913,2,Steady Mid-Value (A),2,Medium,0.6934321144362259,-0.9507949775654966
15914,0,At-Risk / Lapsing (A),3,Low,-1.3067611852119998,0.23017188853415485
15915,4,Seasonal Gift Shopper,4,Low,-1.7687653686102665,-0.7480957915172691
15916,3,Steady Mid-Value,4,Medium,-0.18756284821505104,0.8611910569906965
15917,1,Loyal High-Value,5,High,3.5416663727591833,1.8015614648378524
15918,0,At-Risk / Lapsing (A),0,Medium,0.0032320565406261403,-0.34626723242290325
15919,3,Steady Mid-Value,2,Medium,0.8491470062124519,0.11651646488493217
15920,2,Steady Mid-Value (A),2,High,1.413428502992609,-0.6698752624219517
15921,3,Steady Mid-Value,1,Medium,-0.4267163035975119,0.0952522396524498
15922,3,Steady Mid-Value,4,Low,-0.8232581611774532,-0.4160491774320144
15923,2,Steady Mid-Value (A),0,High,1.120233040153342,0.02217808510547191
15924,3,Steady Mid-Value,4,Medium,-0.0524090297762596,1.6010867357043448
15925,4,Seasonal Gift Shopper,3,Medium,-1.5532470764344832,1.8691239943281879
15926,3,Steady Mid-Value,4,Medium,-0.8446602693410326,0.12671286315289582
15927,2,Steady Mid-Value (A),4,High,1.455778003514955,-0.4863898399032493
15928,2,Steady Mid-Value (A),2,High,1.0939075898553223,-0.30244433523427333
15929,3,Steady Mid-Value,4,High,-0.4185848863940271,1.7880609512941266
15930,2,Steady Mid-Value (A),0,High,2.0735484389961516,-0.6521906808854123
15931,2,Steady Mid-Value (A),4,Medium,0.7331417026809804,-0.8936089931110475
15932,2,Steady Mid-Value (A),0,Medium,0.8517379912367002,-0.9957519620534955
15933,3,Steady Mid-Value,4,Medium,-0.7158786112079795,0.808014160657115
15934,0,At-Risk / Lapsing (A),1,Medium,-0.1255834581258322,0.7043646360295029
15935,2,Steady Mid-Value (A),4,High,2.7063707161745607,-1.6260607767618553
15936,3,Steady Mid-Value,4,Medium,-0.7901708396872151,0.713531450242294
15937,4,Seasonal Gift Shopper,6,Low,-4.09173735809322,-1.3371834878509752
15938,1,Loyal High-Value,3,High,0.5443152694949,2.197565970932797
15939,2,Steady Mid-Value (A),4,High,1.924844820163238,-1.8077282523943556
15940,2,Steady Mid-Value (A),2,High,1.4775456605522723,-0.33865119253769055
15941,2,Steady Mid-Value (A),2,High,2.332880764809042,-1.02400964340706
15942,2,Steady Mid-Value (A),0,High,2.5587916981506416,-1.0347054998978518
15943,3,Steady Mid-Value,4,Low,-1.1212564041323463,0.08402726087610254
15944,3,Steady Mid-Value,4,Medium,0.2593032308920048,-0.42608454006193236
15945,2,Steady Mid-Value (A),0,High,2.0982043022297554,-0.7702279479746881
15946,3,Steady Mid-Value,4,Medium,-0.8504321701733312,0.8689958318403186
15947,3,Steady Mid-Value,0,Medium,0.31201011709688364,-0.238632977164014
15948,2,Steady Mid-Value (A),2,High,2.0588455408195077,-1.093118051789563
15949,3,Steady Mid-Value,3,Low,-1.559532191978157,0.3592970809002904
15950,3,Steady Mid-Value,4,Low,-0.09460253451048367,-1.3854535520412408
15951,1,Loyal High-Value,4,High,-0.14139704945266854,2.6920450544483714
15952,4,Seasonal Gift Shopper,4,Low,-1.8380484834764,-0.012278434352858967
15953,2,Steady Mid-Value (A),2,Medium,0.9067195082133994,-1.1383558449253888
15954,0,At-Risk / Lapsing (A),0,Medium,1.0555478131325748,-1.1561495080789517
15955,3,Steady Mid-Value,2,Medium,0.48506999493946185,-0.04117926448697784
15956,1,Loyal High-Value,5,High,3.4765302088163814,1.6041475621939292
15957,3,Steady Mid-Value,2,High,1.037800739552556,0.05876842574567913
15958,3,Steady Mid-Value,0,Medium,0.3809785609319705,-0.09198921936550505
15959,4,Seasonal Gift Shopper,6,Low,-3.5726246156050037,-0.4023927753586006
15960,1,Loyal High-Value,5,High,2.4902216002292192,0.7351857528913494
15961,4,Seasonal Gift Shopper,6,Low,-2.4328572413384406,1.6964377718923138
15962,3,Steady Mid-Value,1,Low,-0.5843509711864112,0.2176734692402621
15963,3,Steady Mid-Value,1,Low,-1.0282957461109041,-0.29616169253343816
15964,3,Steady Mid-Value,1,Medium,-1.0251715205240388,1.3264943167941223
15965,3,Steady Mid-Value,1,Medium,0.5445010964220933,-0.1594299228284491
15966,3,Steady Mid-Value,1,Medium,-0.10153638818514056,-0.5156307710156389
15967,3,Steady Mid-Value,4,Medium,0.10566599289765807,-0.37883600686519575
15968,2,Steady Mid-Value (A),2,Medium,1.4544123695171967,-1.0821109538471516
15969,0,At-Risk / Lapsing (A),4,Medium,0.10948401486567226,-0.45956602620080633
15970,2,Steady Mid-Value (A),0,High,1.7952944942288398,-1.3017457214924406
15971,0,At-Risk / Lapsing (A),1,Low,-0.9085287194484465,-2.1646912970442487
15972,5,At-Risk / Lapsing,3,Low,-1.4916076022978924,0.18958616801495537
15973,3,Steady Mid-Value,1,Low,-1.0783811577168863,1.3124952727830226
15974,0,At-Risk / Lapsing (A),4,Low,-2.531683121516141,-2.801026807064119
15975,3,Steady Mid-Value,4,Medium,0.16384945811940826,-0.2410676907900992
15976,5,At-Risk / Lapsing,3,Low,-4.078915736674239,-0.28419437895342775
15977,0,At-Risk / Lapsing (A),4,Low,-1.6417381047902588,-0.13073929329481776
15978,2,Steady Mid-Value (A),2,High,1.3705518727667707,0.19060720414868307
15979,3,Steady Mid-Value,1,Low,-0.7225183209801234,0.726085767467241
15980,2,Steady Mid-Value (A),2,High,1.6285290780553987,-0.19687387935399417
15981,4,Seasonal Gift Shopper,6,Low,-5.089546413161692,-2.4009102011582235
15982,1,Loyal High-Value,4,High,2.5840218217102238,1.02788236508421
15983,3,Steady Mid-Value,4,High,0.5831687460537814,0.7485947325153515
15984,5,At-Risk / Lapsing,1,Low,-1.3059624538789456,-0.19097169112336956
15985,2,Steady Mid-Value (A),2,High,1.468407993251094,0.4529312004855203
15986,0,At-Risk / Lapsing (A),4,Medium,-0.16671644705768435,-0.9844645749447078
15987,2,Steady Mid-Value (A),2,High,1.9151510472397122,-0.6565537654543188
15988,2,Steady Mid-Value (A),0,High,1.1528157720128192,0.07743464134383968
15989,3,Steady Mid-Value,4,Medium,0.7320163426419648,0.40921553056984605
15990,2,Steady Mid-Value (A),4,High,1.1046427938897776,-0.3292141483585001
15991,3,Steady Mid-Value,4,Medium,-0.6793982596898316,1.8391743461500085
15992,3,Steady Mid-Value,1,Medium,-0.046624822303012535,1.0514345810034478
15993,3,Steady Mid-Value,1,Medium,-0.1772901931665107,0.288141935501233
15994,5,At-Risk / Lapsing,3,Low,-2.2379959844630237,1.671404211401297
15995,3,Steady Mid-Value,4,Low,-1.3640230456270641,1.2152589659123672
15996,4,Seasonal Gift Shopper,4,Low,-1.94008888885409,-0.4118862883940122
15997,2,Steady Mid-Value (A),0,High,2.5138260979274665,-0.9710453092304134
15998,0,At-Risk / Lapsing (A),0,Low,-1.0118992525562072,-0.5718668155827265
15999,3,Steady Mid-Value,1,Low,-0.32404212220454637,-0.09790814694025275
16000,3,Steady Mid-Value,2,High,0.9739830721601404,0.30126551677758934
16001,3,Steady Mid-Value,4,Medium,-0.10317103633884794,0.17205348342753835
16002,2,Steady Mid-Value (A),4,High,1.2773706779277645,-1.1380049207046685
16003,5,At-Risk / Lapsing,3,Medium,-0.8163333092987867,1.7314957387474763
16004,2,Steady Mid-Value (A),2,High,2.8505968365865946,-1.6965406164657846
16005,3,Steady Mid-Value,4,Medium,0.17716881287768746,-0.4193128732861069
16006,4,Seasonal Gift Shopper,6,Low,-2.0540696004566654,1.1889120484033064
16007,1,Loyal High-Value,4,High,0.1438813185744615,3.120648997643786
16008,2,Steady Mid-Value (A),0,High,2.424161476766842,-0.6026605737859161
16009,3,Steady Mid-Value,1,Medium,-0.5104202889019819,0.6920923689761238
16010,2,Steady Mid-Value (A),0,High,2.131529838665911,-1.1480256724938391
16011,3,Steady Mid-Value,0,Medium,-0.3130904867746375,0.16382085230150348
16012,2,Steady Mid-Value (A),2,High,3.2273137145700783,-0.9277475633337239
16013,3,Steady Mid-Value,0,High,0.7210017400670968,-0.17799132230054723
16014,4,Seasonal Gift Shopper,4,Low,-1.663730868609907,0.2577872828277438
16015,0,At-Risk / Lapsing (A),1,Low,-1.3199718127529063,-0.6486372360683856
16016,2,Steady Mid-Value (A),2,High,1.354423866718222,-0.4115877516168122
16017,1,Loyal High-Value,3,High,1.0899530830536164,3.2201026579086016
16018,3,Steady Mid-Value,4,Medium,0.25937084421108336,-0.427807204914158
16019,1,Loyal High-Value,5,High,2.251593355994606,2.2333919945337977
16020,3,Steady Mid-Value,1,Low,-1.120447641166729,-0.7813894797378447
16021,2,Steady Mid-Value (A),0,High,2.289249879897733,-1.3616343823303079
16022,5,At-Risk / Lapsing,0,Low,-0.33015822271268214,-0.678392693377324
16023,0,At-Risk / Lapsing (A),4,Low,-1.4374183522905524,0.4383136634437619
16024,2,Steady Mid-Value (A),0,High,1.9297526213317782,-0.8214881515759223
16025,2,Steady Mid-Value (A),4,High,1.905927062684939,-0.3679333573105113
16026,0,At-Risk / Lapsing (A),3,Low,-2.445275934438888,0.9008307118787084
16027,4,Seasonal Gift Shopper,4,Low,-2.6174985569717504,-0.8723658735526304
16028,3,Steady Mid-Value,1,High,0.804656392757879,0.8901743758023739
16029,2,Steady Mid-Value (A),0,Medium,1.4507654775598873,-1.3564177877121588
16030,1,Loyal High-Value,5,High,2.0038144638498556,1.720431713462066
16031,2,Steady Mid-Value (A),0,High,1.1163479330560067,0.019288390643370443
16032,0,At-Risk / Lapsing (A),1,Medium,-0.17318856343281702,-0.2612387006510002
16033,1,Loyal High-Value,4,High,-0.186806411447021,1.7994988795710973
16034,2,Steady Mid-Value (A),0,Medium,0.6605038810343775,-0.5972265949254407
16035,3,Steady Mid-Value,1,Low,-0.6300958677201571,-0.8168158580762998
16036,2,Steady Mid-Value (A),1,Medium,0.6039403834558041,-0.9320318202235389
16037,5,At-Risk / Lapsing,3,Low,-2.4111255439244577,2.2639018674696465
16038,2,Steady Mid-Value (A),2,High,1.9003842833260425,-0.9042097135816607
16039,4,Seasonal Gift Shopper,6,Low,-2.8893141173767765,0.6982862161373037
16040,5,At-Risk / Lapsing,3,Medium,-0.5368496729261985,2.1430673563322666
16041,2,Steady Mid-Value (A),0,High,1.933557725208904,-0.6165678091529085
16042,3,Steady Mid-Value,2,Medium,0.4935666382588324,-0.20881625924846164
16043,2,Steady Mid-Value (A),2,Medium,0.9618784051572182,-0.7987405005271017
16044,3,Steady Mid-Value,1,High,0.6007457497678947,0.6960793992963196
16045,3,Steady Mid-Value,1,Low,-0.6136964554731151,0.2711392117527512
16046,2,Steady Mid-Value (A),0,High,2.3878610856507474,-1.4279223533158125
16047,4,Seasonal Gift Shopper,6,Low,-4.015696176826375,-1.3394970679697213
16048,4,Seasonal Gift Shopper,6,Low,-4.954208925624817,-2.7533413355329697
16049,2,Steady Mid-Value (A),2,High,1.5788931385562168,-0.02335586827834539
16050,3,Steady Mid-Value,4,Low,0.05525673796931395,-1.1033048646110624
16051,3,Steady Mid-Value,2,Medium,0.14909224279667405,-0.40628424631740767
16052,3,Steady Mid-Value,0,High,0.9520687724478502,0.724031009414659
16053,0,At-Risk / Lapsing (A),4,Medium,0.4993658686945642,-0.907181277084875
16054,3,Steady Mid-Value,4,Medium,0.9011847834649026,0.1563903794803401
16055,5,At-Risk / Lapsing,0,Medium,1.0897453884351742,-0.2228765048905174
16056,2,Steady Mid-Value (A),2,High,1.4006924537291439,-0.5371297538771769
16057,3,Steady Mid-Value,2,High,0.5950178130475506,0.1799324488723356
16058,3,Steady Mid-Value,1,Medium,-0.5488023093366726,0.5825569988130369
16059,3,Steady Mid-Value,4,Medium,-0.16967922286264323,-0.07142370045711947
16060,2,Steady Mid-Value (A),4,Medium,1.5467521846170806,-0.8683418700955534
16061,2,Steady Mid-Value (A),2,High,1.5052314574645809,-1.1069161611059288
16062,2,Steady Mid-Value (A),2,High,1.8101130085784964,-0.3778305955601844
16063,0,At-Risk / Lapsing (A),0,Medium,-0.11158300124153339,-0.2962350617801638
16064,2,Steady Mid-Value (A),0,Medium,0.8800811091562825,-1.9036557121999937
16065,3,Steady Mid-Value,2,Medium,0.32062249310127067,-0.22499562617653776
16066,2,Steady Mid-Value (A),0,High,2.1277333713329742,0.3959940593567363
16067,5,At-Risk / Lapsing,3,Low,-1.8487989636201436,-0.11452824667640876
16068,1,Loyal High-Value,5,High,1.4632354958127933,2.425730208318751
16069,2,Steady Mid-Value (A),0,Medium,0.7431639691076165,-1.1591908358720118
16070,2,Steady Mid-Value (A),2,High,2.105568522271892,-0.8627317874782652
16071,4,Seasonal Gift Shopper,6,Low,-2.6987502382236572,0.9285576106310178
16072,3,Steady Mid-Value,4,Medium,-0.10434433266062497,0.4238084517970208
16073,2,Steady Mid-Value (A),4,High,1.2173949532327926,-0.6193399289167675
16074,4,Seasonal Gift Shopper,4,Low,-1.7428581542212487,0.03603624772876905
16075,2,Steady Mid-Value (A),2,High,1.5228905062335807,-0.81988578330826
16076,2,Steady Mid-Value (A),2,High,1.715973853456522,-0.7829670101649897
16077,2,Steady Mid-Value (A),2,Medium,1.2161309208390363,-0.5630099391812785
16078,2,Steady Mid-Value (A),0,High,2.6554685436106222,-0.9585425265652482
16079,4,Seasonal Gift Shopper,6,Low,-2.849774704494977,0.88341001869806
16080,2,Steady Mid-Value (A),2,High,1.7987772416514058,-0.605114747374642
16081,3,Steady Mid-Value,1,High,-0.07326093920378739,0.9592428723905623
16082,4,Seasonal Gift Shopper,3,Low,-2.3342666062707487,1.06024808395618
16083,3,Steady Mid-Value,1,Medium,-0.6078969719391086,0.6293612353562267
16084,5,At-Risk / Lapsing,0,Medium,0.45704113145777403,-0.026807620295853398
16085,3,Steady Mid-Value,1,Medium,0.5976491646972376,0.25459526997058124
16086,4,Seasonal Gift Shopper,6,Low,-2.6037694882385356,1.1810848258997027
16087,2,Steady Mid-Value (A),0,High,2.349015049583808,-0.29822421725602244
16088,2,Steady Mid-Value (A),2,High,2.6238407952510143,-0.5915298468337048
16089,3,Steady Mid-Value,4,High,0.33484503649129244,0.12951385740263432
16090,2,Steady Mid-Value (A),4,Medium,1.0262621045427056,-0.9640967602939667
16091,2,Steady Mid-Value (A),2,High,2.856194316181452,-0.42710844473511184
16092,3,Steady Mid-Value,1,Low,-0.8258018547697058,-0.8164126330762764
16093,5,At-Risk / Lapsing,0,Medium,0.28979473662275806,-0.03365671820848103
16094,2,Steady Mid-Value (A),4,High,1.3489169709249873,-0.4857832725191097
16095,4,Seasonal Gift Shopper,6,Low,-2.7355916092385435,1.259812616362616
16096,4,Seasonal Gift Shopper,4,Low,-1.918904630836424,-1.8131000731174483
16097,1,Loyal High-Value,5,High,2.8890711510150955,1.1154498863938753
16098,3,Steady Mid-Value,4,Medium,-0.10599166964525362,-0.11916492528673793
16099,4,Seasonal Gift Shopper,4,Low,-1.562512035565976,0.3949729144375709
16100,4,Seasonal Gift Shopper,4,Low,-1.5070379712448927,-0.7476246716404896
16101,2,Steady Mid-Value (A),0,High,2.785745685782204,-1.0959694145487326
16102,3,Steady Mid-Value,4,Medium,-0.5312001961638584,0.5628779855389747
16103,5,At-Risk / Lapsing,1,Low,-1.4885025859008285,-1.1996951648463867
16104,4,Seasonal Gift Shopper,4,Low,-2.8015637535254263,-1.1187603051915573
16105,0,At-Risk / Lapsing (A),4,Low,-1.5724399030281562,0.214812534636338
16106,2,Steady Mid-Value (A),0,Medium,0.811454124278365,-1.7389344754756841
16107,2,Steady Mid-Value (A),2,High,1.2049082192490541,-0.32797508259164715
16108,2,Steady Mid-Value (A),0,High,2.3199217058444606,-1.1266943558411677
16109,0,At-Risk / Lapsing (A),0,High,0.33636251082414903,0.938379700464237
16110,3,Steady Mid-Value,4,Medium,0.06573376240377361,-0.39466502668852843
16111,2,Steady Mid-Value (A),0,Medium,1.2063929417886454,-0.5602419452728931
16112,3,Steady Mid-Value,4,Medium,0.4434013729057932,-0.062464680428932225
16113,2,Steady Mid-Value (A),1,High,1.1796602557503126,0.24730823207272887
16114,2,Steady Mid-Value (A),4,High,1.130725166518817,-0.24536114950676363
16115,3,Steady Mid-Value,4,Low,-0.416451004357424,-0.6679839520289402
16116,0,At-Risk / Lapsing (A),4,Medium,0.15926107926108432,-0.41919247741350146
16117,2,Steady Mid-Value (A),4,High,2.3902846865237293,-1.1912254957033626
16118,3,Steady Mid-Value,4,Medium,-0.2560413371994229,-0.31963662746443744
16119,2,Steady Mid-Value (A),2,Medium,1.263336528089078,-0.33640212526111546
16120,4,Seasonal Gift Shopper,6,Low,-4.446516602841485,-1.5883978236190102
16121,3,Steady Mid-Value,4,Low,-1.1242735104754753,0.5725140149135028
16122,3,Steady Mid-Value,0,Medium,0.3855889245557095,-0.05140112673626592
16123,2,Steady Mid-Value (A),2,High,2.503932082167119,-0.5262981953101352
16124,2,Steady Mid-Value (A),2,High,2.20684821275754,-0.6176091611484179
16125,5,At-Risk / Lapsing,3,Low,-3.577453954025125,-1.0772302732560692
16126,2,Steady Mid-Value (A),2,High,1.6955191138054522,-0.5535488835576953
16127,3,Steady Mid-Value,1,Low,-0.6886627305073897,-0.23178802090977008
16128,2,Steady Mid-Value (A),4,Medium,0.9557428790308822,-0.7732273287795322
16129,0,At-Risk / Lapsing (A),1,Medium,-0.34595274382929,-0.05405365676436425
16130,2,Steady Mid-Value (A),4,High,1.3538803979471847,-0.4709273731953738
16131,0,At-Risk / Lapsing (A),4,Medium,-0.26292790185736004,-1.1076247298615982
16132,3,Steady Mid-Value,2,Medium,0.2818292593860851,0.4343379430309143
16133,1,Loyal High-Value,4,High,0.9756655456655003,3.056780348555021
16134,2,Steady Mid-Value (A),0,High,1.1307548453311558,0.2692716295632912
16135,4,Seasonal Gift Shopper,4,Low,-1.9148892189627464,-0.817987953634162
16136,3,Steady Mid-Value,4,High,0.7422782497154751,-0.1613246875504112
16137,2,Steady Mid-Value (A),2,High,2.9283853170581375,-0.8433714649168185
16138,1,Loyal High-Value,5,High,2.035229540211889,1.3155804220682266
16139,3,Steady Mid-Value,1,Low,-1.5236824092598849,0.6775010701269446
16140,2,Steady Mid-Value (A),2,High,1.4144654536791659,-0.13815920045535918
16141,3,Steady Mid-Value,4,Medium,0.6223584554491672,-0.6741406279584128
16142,2,Steady Mid-Value (A),0,High,1.9090076297675278,-0.5052625629640664
16143,1,Loyal High-Value,5,High,2.3979346918365017,0.7570931052371919
16144,4,Seasonal Gift Shopper,6,Low,-4.564458823769087,-2.4194564270110916
16145,3,Steady Mid-Value,4,Low,-1.2725773151200128,0.44997685289647626
16146,4,Seasonal Gift Shopper,6,Low,-2.22206464533239,-0.41175734547135023
16147,2,Steady Mid-Value (A),0,High,0.9201869791924718,-0.38906058044728165
16148,2,Steady Mid-Value (A),2,High,1.1803026351335333,0.011654334006123554
16149,3,Steady Mid-Value,4,Low,-0.09219208944260653,-1.087652210479948
16150,2,Steady Mid-Value (A),0,Medium,1.24568755901504,-0.8174670152962673
16151,0,At-Risk / Lapsing (A),6,Low,-4.740280545270554,-2.410432879393957
16152,2,Steady Mid-Value (A),2,High,1.894021618676351,-0.6281585781762543
16153,0,At-Risk / Lapsing (A),3,Low,-2.751461747197811,1.2628377559971449
16154,3,Steady Mid-Value,4,Low,-1.293050445575342,0.38890039189512887
16155,4,Seasonal Gift Shopper,4,Low,-1.6947444369160243,-0.7516572806119827
16156,3,Steady Mid-Value,1,Medium,-0.650407957089455,1.1544653245250969
16157,3,Steady Mid-Value,4,Medium,-0.32103401756753175,-0.7635375349871215
16158,4,Seasonal Gift Shopper,4,Low,-1.7389197987441019,0.0927136515584462
16159,4,Seasonal Gift Shopper,4,Low,-1.7265062846290453,0.23348742317859672
16160,1,Loyal High-Value,5,High,1.8461525218199224,2.7447676622368595
16161,3,Steady Mid-Value,1,Low,-0.7421412801201892,0.4750709233842098
16162,1,Loyal High-Value,5,High,2.394676670250453,1.676455168926856
16163,3,Steady Mid-Value,4,Medium,0.17671429672369207,-0.16294889961150924
16164,4,Seasonal Gift Shopper,6,Low,-4.422869445434047,-1.2821824276623894
16165,1,Loyal High-Value,4,High,2.595056253938077,1.341906792842854
16166,4,Seasonal Gift Shopper,4,Low,-1.890469362689581,0.06217083511189424
16167,0,At-Risk / Lapsing (A),1,Medium,-0.9323888078921136,0.671380016421505
16168,2,Steady Mid-Value (A),2,High,3.2658185321349573,-1.3619297243870612
16169,2,Steady Mid-Value (A),2,High,2.002892532480665,-0.4389651174063868
16170,4,Seasonal Gift Shopper,4,Low,-2.741437634609973,-1.0517240998805868
16171,5,At-Risk / Lapsing,3,Medium,0.24583451742569945,1.217814478309476
16172,3,Steady Mid-Value,1,Low,-1.0149946310738922,0.7773918308727006
16173,4,Seasonal Gift Shopper,6,Low,-2.790688227665386,-0.15464927384695382
16174,1,Loyal High-Value,4,High,1.1776462148175064,1.4027758442558877
16175,3,Steady Mid-Value,4,Medium,-0.9509317120152452,1.1061290723931183
16176,0,At-Risk / Lapsing (A),1,Medium,-1.0243576979249107,1.1176626332070405
16177,3,Steady Mid-Value,4,Low,-1.4017491151633856,-0.608317820809918
16178,5,At-Risk / Lapsing,0,Medium,-0.1420324821151565,-0.5180765839303849
16179,4,Seasonal Gift Shopper,6,Low,-2.1337383323846133,0.8443663771908946
16180,3,Steady Mid-Value,4,Low,-0.9996948546297741,-0.006408230794331896
16181,3,Steady Mid-Value,1,Medium,0.001249781238384277,0.9971567817128665
16182,3,Steady Mid-Value,4,Medium,-0.4812684158239606,1.3289711250951066
16183,3,Steady Mid-Value,1,Medium,-0.4080635653340952,0.19830020745643442
16184,2,Steady Mid-Value (A),0,High,2.1093761445776575,-0.7280588097591804
16185,1,Loyal High-Value,5,High,2.696379709034275,1.095523945887358
16186,2,Steady Mid-Value (A),0,High,2.153288761356072,-0.6982454787751944
16187,5,At-Risk / Lapsing,3,Low,-2.054663258312861,-0.7104722196821783
16188,2,Steady Mid-Value (A),2,High,2.0484932365420887,-0.3486032151337042
16189,2,Steady Mid-Value (A),2,High,1.6731313342988041,-0.0949422970950645
16190,4,Seasonal Gift Shopper,4,Low,-3.414993238467042,-2.3221914992648363
16191,0,At-Risk / Lapsing (A),6,Low,-3.8636154581196918,-1.2168921625301596
16192,4,Seasonal Gift Shopper,4,Low,-1.833583598314346,0.1653308655062638
16193,2,Steady Mid-Value (A),2,Medium,0.5843332120716631,-0.49515894923552595
16194,2,Steady Mid-Value (A),2,High,1.7755103936812064,-0.4247757336643251
16195,4,Seasonal Gift Shopper,4,Low,-2.295239545455826,-0.28170431455336004
16196,3,Steady Mid-Value,4,High,0.5323375417690315,-0.0831140026818414
16197,2,Steady Mid-Value (A),2,High,1.2905887342908606,-0.2628859109034794
16198,4,Seasonal Gift Shopper,6,Low,-4.192341506842732,-0.7485437764664997
16199,3,Steady Mid-Value,2,Low,-0.41018500039815475,-0.4286303000100535
16200,3,Steady Mid-Value,2,Medium,0.7834093695097348,-0.7343542884386829
16201,3,Steady Mid-Value,4,Medium,-0.4469239834817283,-0.8624277274251876
16202,3,Steady Mid-Value,4,Medium,-0.46117313374362684,-0.05747465343240636
16203,3,Steady Mid-Value,1,Medium,-0.3749868605110008,1.4443214970403961
16204,1,Loyal High-Value,4,High,3.095924200304331,1.2578204618166766
16205,2,Steady Mid-Value (A),2,High,1.7993447960418023,-0.33031944371509664
16206,2,Steady Mid-Value (A),0,High,0.9950267919779822,-0.9419034806409147
16207,3,Steady Mid-Value,4,Low,-1.626100900204471,0.4805399529688725
16208,0,At-Risk / Lapsing (A),4,Low,-1.179018131853292,-0.5826019303619165
16209,3,Steady Mid-Value,4,Low,-0.5003177181465941,-0.41362158113626557
16210,3,Steady Mid-Value,4,Medium,0.7873970575951709,-0.43533791129401556
16211,3,Steady Mid-Value,4,High,0.8800439999944416,-0.3495816371447756
16212,3,Steady Mid-Value,2,High,1.148974391654085,0.08857093221823037
16213,3,Steady Mid-Value,4,Medium,-0.7712146132279966,0.4224554589496133
16214,5,At-Risk / Lapsing,3,Low,-1.3787288655546326,0.20593736974763496
16215,2,Steady Mid-Value (A),2,High,1.3800335489810107,-0.3486327283894203
16216,3,Steady Mid-Value,1,Medium,-0.47104670179505087,-0.3349242367130634
16217,3,Steady Mid-Value,2,Medium,0.358486693703581,0.28395408579749765
16218,2,Steady Mid-Value (A),2,High,2.319033404066971,-1.0861788658160925
16219,3,Steady Mid-Value,4,Low,-0.22744827088796665,-0.8455634806997583
16220,3,Steady Mid-Value,1,Low,-0.4355512847426446,-0.003469290646331838
16221,5,At-Risk / Lapsing,1,Low,-0.9283896692681279,-0.10864036163619747
16222,2,Steady Mid-Value (A),0,High,2.700811193647764,-0.7928822092711879
16223,5,At-Risk / Lapsing,3,Low,-1.38584258056707,0.7898269325747579
16224,1,Loyal High-Value,4,High,0.0642748269137259,1.7937489645110731
16225,4,Seasonal Gift Shopper,6,Low,-3.1494146328768466,0.3030197176254199
16226,2,Steady Mid-Value (A),2,High,3.045433031560588,-1.3154010473253377
16227,3,Steady Mid-Value,1,Medium,-0.17229885008124168,0.5443643412924286
16228,2,Steady Mid-Value (A),0,High,1.723710388794432,-0.2963638726161128
16229,2,Steady Mid-Value (A),2,High,1.3485943374124953,-0.33976563561585715
16230,2,Steady Mid-Value (A),4,Medium,0.9977889571013835,-1.3575201461554143
16231,3,Steady Mid-Value,1,Medium,-0.2733283009987465,1.0380526531476273
16232,0,At-Risk / Lapsing (A),6,Low,-4.001110811392758,-1.550982801963736
16233,3,Steady Mid-Value,4,Medium,0.4147746414262463,-0.55390684210693
16234,2,Steady Mid-Value (A),1,Medium,0.6645736049733733,-1.3615054407292575
16235,2,Steady Mid-Value (A),4,High,1.3237094479624383,-0.5192503801317031
16236,1,Loyal High-Value,4,High,1.2985244337559185,1.590975666552961
16237,4,Seasonal Gift Shopper,6,Low,-4.593803736435747,-1.342407423042755
16238,3,Steady Mid-Value,4,Low,-0.9863208971129405,0.06654189418010907
16239,4,Seasonal Gift Shopper,4,Low,-1.422309546515444,0.03034644302802215
16240,2,Steady Mid-Value (A),2,Medium,1.4033230524838523,-1.0480364891562763
16241,4,Seasonal Gift Shopper,4,Low,-2.208258833135191,-0.6878386652960966
16242,2,Steady Mid-Value (A),4,Medium,0.454623289235396,-1.3596939069929468
16243,4,Seasonal Gift Shopper,6,Medium,-1.874711836931279,3.017079182183326
16244,3,Steady Mid-Value,2,Medium,0.6795677603211941,-0.412907816597137
16245,2,Steady Mid-Value (A),1,Medium,0.9468073184934332,0.29907555133414826
16246,3,Steady Mid-Value,1,Medium,-0.5417503693816342,0.5630020591661054
16247,0,At-Risk / Lapsing (A),4,Low,-0.533477228989268,-0.5486301379338101
16248,3,Steady Mid-Value,2,Medium,0.19307251348572188,-0.05145998592005648
16249,1,Loyal High-Value,5,High,3.538895719115733,0.7865538681362112
16250,3,Steady Mid-Value,1,Medium,-0.19227478150922706,0.39977954964750345
16251,3,Steady Mid-Value,4,Medium,0.06575182501125203,1.3856795890270077
16252,0,At-Risk / Lapsing (A),4,Low,-2.369881149410011,-0.9446171005666405
16253,2,Steady Mid-Value (A),2,High,3.6138818741250187,-1.0412417009946795
16254,2,Steady Mid-Value (A),2,High,1.8237617966309425,-0.361929589833725
16255,3,Steady Mid-Value,4,Low,-0.8277031329280763,-0.4948770611706919
16256,3,Steady Mid-Value,1,Low,-0.8414481862592949,-0.3240543472389124
16257,2,Steady Mid-Value (A),2,High,2.102064297268864,-0.861946884001007
16258,3,Steady Mid-Value,1,Low,-1.2226898569691307,-0.18527560966140744
16259,4,Seasonal Gift Shopper,4,Low,-3.128395244427312,-1.9159942505452872
16260,3,Steady Mid-Value,4,Low,-1.0165435900055941,0.013238607353040246
16261,1,Loyal High-Value,5,High,2.0765395191334064,2.6499596702730015
16262,3,Steady Mid-Value,1,Medium,0.1358679385913336,0.924273894260609
16263,3,Steady Mid-Value,4,Medium,0.13904780116485108,0.6688255123851652
16264,5,At-Risk / Lapsing,0,Medium,0.33446098440119876,-0.10890024283298916
16265,0,At-Risk / Lapsing (A),0,Low,-0.7720001554614448,0.06370044106117304
16266,2,Steady Mid-Value (A),4,High,0.9731163902190002,-0.7233738058460857
16267,2,Steady Mid-Value (A),0,High,1.1995884109033788,-0.25222366472767543
16268,3,Steady Mid-Value,1,Low,-0.6550627209431221,-0.636442212224147
16269,3,Steady Mid-Value,1,Medium,-0.6560536012714007,2.027892308787259
16270,3,Steady Mid-Value,1,Low,-0.835164034167178,0.15965883749711732
16271,3,Steady Mid-Value,1,Medium,0.07132450125546881,0.9315129312277406
16272,2,Steady Mid-Value (A),0,High,2.516772938740932,-0.45709130864059305
16273,0,At-Risk / Lapsing (A),4,Medium,-0.5781889053066898,0.11570577912230291
16274,2,Steady Mid-Value (A),2,High,1.246397078814669,-0.14499873320787254
16275,4,Seasonal Gift Shopper,6,Low,-4.141015859514684,-0.7706123421559354
16276,2,Steady Mid-Value (A),4,Low,0.37816535832396303,-1.6346397079294808
16277,0,At-Risk / Lapsing (A),4,Medium,-0.374045417775943,1.104087486871689
16278,2,Steady Mid-Value (A),4,Medium,1.4647115926152825,-0.8257404561510807
16279,2,Steady Mid-Value (A),2,High,1.3146601946617174,0.21408727929700605
16280,2,Steady Mid-Value (A),0,High,1.84236288517102,-0.8456557941098343
16281,5,At-Risk / Lapsing,3,Low,-1.4932724322820514,1.069399163620732
16282,3,Steady Mid-Value,4,Medium,-0.2880412101773994,1.2038732617086103
16283,5,At-Risk / Lapsing,3,Low,-2.7961614147830485,1.8184171019328887
16284,4,Seasonal Gift Shopper,6,Low,-2.427772483532092,1.4538978852028732
16285,3,Steady Mid-Value,4,Low,0.11955305201639399,-1.0255770149725933
16286,0,At-Risk / Lapsing (A),4,Low,-1.4225040836747067,0.7314113284182625
16287,2,Steady Mid-Value (A),4,Medium,0.6545727894804905,-0.2710492100998463
16288,2,Steady Mid-Value (A),0,Medium,0.5324973550715182,-0.5996239723625796
16289,3,Steady Mid-Value,1,High,0.9267687265980131,0.255368052414477
16290,5,At-Risk / Lapsing,1,Low,-1.631395180820757,0.3816199518066247
16291,2,Steady Mid-Value (A),2,High,1.3751166410430646,-0.10151200604296567
16292,2,Steady Mid-Value (A),0,High,1.3987460856082337,-0.6152485074410369
16293,2,Steady Mid-Value (A),2,High,1.6707497823200184,-0.1980400862061621
16294,3,Steady Mid-Value,1,Low,-0.8498863633696457,0.5889832465207482
16295,0,At-Risk / Lapsing (A),0,Medium,0.5090198147589724,-1.2752387462112598
16296,0,At-Risk / Lapsing (A),6,Low,-2.031141277631255,1.1720946227449591
16297,4,Seasonal Gift Shopper,4,Low,-1.8467198447461846,-0.37085108772423175
16298,3,Steady Mid-Value,4,Medium,0.6685039952713651,-0.5012097135372044
16299,1,Loyal High-Value,4,Medium,-0.3814309950370018,1.8532225742248931
16300,4,Seasonal Gift Shopper,6,Low,-3.1399950382171116,0.9332420541763048
16301,2,Steady Mid-Value (A),0,High,1.7257816194187312,-0.00016613799757253257
16302,4,Seasonal Gift Shopper,4,Low,-2.2042616198229115,-0.31793958796069893
16303,3,Steady Mid-Value,1,Medium,-0.3970568417384315,1.0719016713530432
16304,3,Steady Mid-Value,4,Low,-0.8749956351437269,0.12194703158174117
16305,4,Seasonal Gift Shopper,6,Low,-2.649559615052137,1.8055068525896538
16306,3,Steady Mid-Value,2,Medium,0.6834163768667149,0.18623839430851788
16307,1,Loyal High-Value,4,High,1.6611183934072677,2.179992041669641
16308,0,At-Risk / Lapsing (A),1,Low,-0.7843483736967632,-0.272355086686836
16309,5,At-Risk / Lapsing,3,Low,-1.5676811834569149,2.415390362209377
16310,1,Loyal High-Value,5,High,3.130085745437019,1.5606626795922227
16311,2,Steady Mid-Value (A),1,Medium,0.35417345620169005,-1.3813782294127137
16312,1,Loyal High-Value,5,High,1.5005621404157825,2.8937777844980643
16313,4,Seasonal Gift Shopper,4,Low,-2.072639788859258,-0.5281006119595557
16314,2,Steady Mid-Value (A),4,Medium,0.5457782010447731,-1.1836717013760543
16315,2,Steady Mid-Value (A),2,High,1.7216888773775425,-0.13141715582654032
16316,2,Steady Mid-Value (A),2,Medium,1.5000456505925055,-1.3375911791343935
16317,1,Loyal High-Value,5,High,2.266070348705963,2.4868203485812996
16318,2,Steady Mid-Value (A),2,High,1.9160328172327226,0.005053378389865874
16319,3,Steady Mid-Value,1,Low,-0.5024444615629406,-0.9342909537485619
16320,5,At-Risk / Lapsing,3,Low,-1.045153482734136,0.8741475156833509
16321,3,Steady Mid-Value,2,High,0.7002953130838698,0.35077928848137496
16322,3,Steady Mid-Value,1,Medium,0.45589810224061694,0.5039066303700735
16323,3,Steady Mid-Value,4,Low,-0.39469511850719896,0.13768775200298097
16324,2,Steady Mid-Value (A),4,Medium,0.6987487612634751,-0.9219081479674949
16325,2,Steady Mid-Value (A),2,Medium,0.7224043350065125,-0.5968496000680353
16326,3,Steady Mid-Value,1,Medium,-0.3990000034744387,0.3390888027094062
16327,2,Steady Mid-Value (A),0,High,1.6468555101442692,-0.10808042824377026
16328,1,Loyal High-Value,4,High,0.19329342851318493,3.6485748202266937
16329,2,Steady Mid-Value (A),2,High,2.4221902699356783,-0.3638184369477541
16330,2,Steady Mid-Value (A),1,Medium,0.7083868666106982,-1.2433587013772494
16331,2,Steady Mid-Value (A),4,High,1.4769495047710082,-0.29710910093183857
16332,2,Steady Mid-Value (A),2,High,1.2808965837425803,-0.47272144655824294
16333,2,Steady Mid-Value (A),1,Medium,0.6175199886083348,-0.7679997745446568
16334,3,Steady Mid-Value,4,Low,-1.2591845530165837,1.34183794282265
16335,0,At-Risk / Lapsing (A),4,Low,-1.3442784313974792,-0.003144207847445542
16336,4,Seasonal Gift Shopper,4,Low,-2.2804968203867255,-0.6720947462728982
16337,4,Seasonal Gift Shopper,4,Low,-1.89551342026423,-0.11462787939071026
16338,3,Steady Mid-Value,4,Medium,0.11434084954068037,-0.13668784358146643
16339,3,Steady Mid-Value,1,Medium,-0.7964615978810426,0.7908088221426315
16340,0,At-Risk / Lapsing (A),0,Medium,0.0023737711326487234,0.2917634330147513
16341,3,Steady Mid-Value,4,Low,0.3297558143614255,-1.1375047437850332
16342,0,At-Risk / Lapsing (A),4,Low,-1.3961994892308909,-1.234324264912646
16343,4,Seasonal Gift Shopper,6,Low,-4.590976962136932,-1.4771009270965527
16344,2,Steady Mid-Value (A),2,High,2.08461710686651,0.14097971459538094
16345,3,Steady Mid-Value,4,Medium,-0.2188727387884315,-0.09749502973703637
16346,3,Steady Mid-Value,0,Medium,0.46472846751213454,0.0629358030754092
16347,3,Steady Mid-Value,1,Medium,-0.9090876233522344,0.3362697968259284
16348,4,Seasonal Gift Shopper,6,Medium,-1.8906327088023975,2.1022489638141852
16349,0,At-Risk / Lapsing (A),4,Low,-2.0260089089838322,-0.0765150040377717
16350,2,Steady Mid-Value (A),2,Medium,1.48289432594414,-1.3330873213532077
16351,0,At-Risk / Lapsing (A),1,Low,-1.0590736761468285,-0.8791611898535341
16352,3,Steady Mid-Value,1,Medium,-0.5231083078503533,0.9673015636101248
16353,4,Seasonal Gift Shopper,4,Low,-1.8994736228709392,-0.007730097621392737
16354,1,Loyal High-Value,5,High,0.8664695884392992,2.604890650003249
16355,0,At-Risk / Lapsing (A),4,Medium,0.006454423044411679,-0.9024393553006689
16356,3,Steady Mid-Value,4,Low,-1.0028467408930601,-0.16627443535105701
16357,3,Steady Mid-Value,1,Medium,-0.2795816024486523,0.7942563034056908
16358,2,Steady Mid-Value (A),4,High,1.6462236042325125,-0.7240238134456891
16359,5,At-Risk / Lapsing,0,Medium,-0.0989333465919199,-0.297074790573495
16360,2,Steady Mid-Value (A),1,Medium,0.8676840212894649,-0.4270161267549051
16361,3,Steady Mid-Value,2,High,0.9719651617356442,-0.07273913928457952
16362,3,Steady Mid-Value,1,Medium,0.10516246195031231,1.1568082379010722
16363,4,Seasonal Gift Shopper,4,Low,-3.095381802402308,-2.8379394473349273
16364,2,Steady Mid-Value (A),0,High,1.0276420795256789,-0.47685853391340355
16365,0,At-Risk / Lapsing (A),1,Low,-1.6597496252968555,0.39283006424341194
16366,3,Steady Mid-Value,4,Medium,0.19989740829605745,-0.26161541271484284
16367,0,At-Risk / Lapsing (A),4,Low,-1.4250019598823955,-1.025387746897814
16368,2,Steady Mid-Value (A),4,High,2.0712820096975686,-1.6795295126975676
16369,3,Steady Mid-Value,1,Low,-1.4198934461618729,0.23619655366789763
16370,5,At-Risk / Lapsing,1,Low,-1.626553918067326,-0.03389607172602003
16371,1,Loyal High-Value,4,High,1.6247693009758288,2.153821359282661
16372,5,At-Risk / Lapsing,0,Medium,0.4886014543304137,-0.23958718764133788
16373,3,Steady Mid-Value,4,Medium,0.12705565328064686,-0.22665008128563388
16374,2,Steady Mid-Value (A),2,High,2.3027221009553935,-0.3985829307441743
16375,3,Steady Mid-Value,1,Medium,-0.08957187537839383,-0.5888595241119221
16376,2,Steady Mid-Value (A),2,High,3.067892964162391,-1.6312710263295103
16377,3,Steady Mid-Value,0,Medium,-0.05730050485444466,0.7788894160158167
16378,3,Steady Mid-Value,2,Medium,0.2314087078572624,-0.32371132912027983
16379,3,Steady Mid-Value,1,Low,-0.8246242461719683,-0.2168462658025946
16380,5,At-Risk / Lapsing,1,Low,-1.6775548905267974,-0.8879427595341514
16381,3,Steady Mid-Value,1,Medium,0.2583953114268538,-0.36440600299778575
16382,2,Steady Mid-Value (A),0,Medium,1.4340212925631715,-0.7993254794699627
16383,2,Steady Mid-Value (A),4,High,1.8044560346718832,-1.152277018307324
16384,3,Steady Mid-Value,1,Medium,-0.32862683657812874,-0.5005724693668442
16385,3,Steady Mid-Value,1,Medium,0.5926055557927655,0.5377472421621677
16386,2,Steady Mid-Value (A),4,Medium,0.6748887423116587,0.08918905178753157
16387,2,Steady Mid-Value (A),0,High,1.5952306625217705,-0.4978329795573244
16388,0,At-Risk / Lapsing (A),1,Medium,-0.2528857292597188,0.6091881432656974
16389,2,Steady Mid-Value (A),2,High,1.217338740869193,-0.364800345690786
16390,3,Steady Mid-Value,4,Low,-1.0259240279616733,-0.03005626283141575
16391,0,At-Risk / Lapsing (A),6,Low,-3.8696889754210306,-1.0130231008334323
16392,4,Seasonal Gift Shopper,6,Low,-2.2483161870842827,0.7022438235524078
16393,3,Steady Mid-Value,1,Low,-1.0061051755487092,-0.504009270929979
16394,3,Steady Mid-Value,4,Medium,-0.052627939022492805,-0.13785197378943653
16395,3,Steady Mid-Value,2,Medium,0.6091012220011822,-0.3355533851452953
16396,2,Steady Mid-Value (A),0,High,2.4143760072448317,-0.9067846505538426
16397,4,Seasonal Gift Shopper,4,Low,-1.5908478218924633,0.6691686362234723
16398,3,Steady Mid-Value,4,Low,-0.8969389554665546,-0.654107806206647
16399,5,At-Risk / Lapsing,1,Low,-1.6807962678329278,-0.6433426339383306
16400,2,Steady Mid-Value (A),2,High,2.5224162689398204,-0.5059756691454642
16401,2,Steady Mid-Value (A),2,High,3.158493456843005,-1.1389083049559352
16402,4,Seasonal Gift Shopper,6,Medium,-1.6673020797857725,2.428310142238469
16403,3,Steady Mid-Value,4,Medium,0.6481612253052392,0.07934197066290183
16404,2,Steady Mid-Value (A),0,High,1.886250801488098,-0.5212415840717279
16405,2,Steady Mid-Value (A),2,High,1.513079590347997,-0.6011845114421557
16406,3,Steady Mid-Value,4,Medium,-0.41021086148798364,0.9929135511991755
16407,3,Steady Mid-Value,4,Medium,-0.8435021428086714,1.5948090428492068
16408,3,Steady Mid-Value,1,Low,-0.7388211760350115,-0.7482958945616972
16409,3,Steady Mid-Value,1,Medium,0.07526843028405475,0.6024681458453474
16410,2,Steady Mid-Value (A),2,High,2.4606506470982867,-1.005478566299702
16411,4,Seasonal Gift Shopper,4,Low,-1.7034331610774116,0.22943903747516503
16412,0,At-Risk / Lapsing (A),4,Low,-2.271990893349804,-0.8779999218205204
16413,3,Steady Mid-Value,4,Low,-1.3503659354101898,-0.9903710972502244
16414,5,At-Risk / Lapsing,1,Low,-0.7533374537794296,-0.7082146835035797
16415,2,Steady Mid-Value (A),4,Low,0.6941343263882174,-2.0426720139065875
16416,3,Steady Mid-Value,1,Medium,-0.3324762890510832,1.2619692234084072
16417,2,Steady Mid-Value (A),2,Medium,1.9837350632812214,-1.5745773055090473
16418,3,Steady Mid-Value,1,Low,-1.618582740654497,0.4632117654292819
16419,3,Steady Mid-Value,1,Medium,0.3798208656719727,0.3022759701366116
16420,0,At-Risk / Lapsing (A),1,Low,-0.6976126893473812,-0.4120388453045179
16421,3,Steady Mid-Value,1,Medium,-0.0501878221222887,0.6373908569518801
16422,3,Steady Mid-Value,4,Medium,-0.5647955504061104,0.3098425924484671
16423,3,Steady Mid-Value,1,Medium,0.329837064979297,0.28331493391676316
16424,0,At-Risk / Lapsing (A),1,Low,-1.403265801161116,0.14896712459454367
16425,4,Seasonal Gift Shopper,3,Low,-2.4541497626459736,1.83842112000959
16426,4,Seasonal Gift Shopper,3,Low,-2.121752051531913,0.864012427695408
16427,1,Loyal High-Value,5,High,1.3845124890939375,2.4744223098822067
16428,3,Steady Mid-Value,4,High,0.916915592402932,0.08032403427351577
16429,5,At-Risk / Lapsing,0,Medium,0.23469997521901306,-0.6321005800059291
16430,3,Steady Mid-Value,1,Medium,-0.36232895965038875,0.12283873244636764
16431,2,Steady Mid-Value (A),0,Medium,0.9972272742847346,-0.8289192572477673
16432,1,Loyal High-Value,4,Medium,-0.20450239056687788,2.515273275071229
16433,4,Seasonal Gift Shopper,6,Low,-4.313901648671867,-1.178627871130982
16434,3,Steady Mid-Value,1,High,0.029075573654818145,0.8808696476905769
16435,5,At-Risk / Lapsing,3,Low,-3.1820922986554177,0.9482495231956659
16436,2,Steady Mid-Value (A),2,High,0.9086282274570274,-0.36186582611739876
16437,4,Seasonal Gift Shopper,6,Low,-5.320877333777844,-2.8942002255468413
16438,1,Loyal High-Value,4,High,0.7855214180476345,1.3675177344240446
16439,4,Seasonal Gift Shopper,6,Low,-2.7258924727083174,0.8440207808283275
16440,3,Steady Mid-Value,2,Medium,0.3538577637509945,-0.03763020231308751
16441,3,Steady Mid-Value,1,Medium,0.13100446028888157,1.2656334346363705
16442,2,Steady Mid-Value (A),2,High,1.314005274099389,0.29053605673794464
16443,3,Steady Mid-Value,1,Low,-0.7716052383834875,0.14865397308892922
16444,2,Steady Mid-Value (A),2,High,1.483395870334983,-0.6361473452807662
16445,3,Steady Mid-Value,1,Low,-1.0427031205926722,0.007750348586881222
16446,3,Steady Mid-Value,4,Low,-0.7441653457095309,-0.16346316624198298
16447,2,Steady Mid-Value (A),0,Medium,1.4926456618497586,-1.5660356942147788
16448,3,Steady Mid-Value,4,High,0.3495037893298358,1.2489413281751889
16449,5,At-Risk / Lapsing,3,Low,-2.185197594699855,-0.5529824393906297
16450,0,At-Risk / Lapsing (A),1,Medium,-0.30196611806413404,-0.3692635554929111
16451,3,Steady Mid-Value,4,Medium,-0.8090943719673919,0.15162627879462046
16452,2,Steady Mid-Value (A),2,High,1.5410378517698327,-0.10131620016634464
16453,5,At-Risk / Lapsing,1,Low,-1.3339572767866146,-1.8647549607794525
16454,2,Steady Mid-Value (A),4,Medium,1.0990207565134462,-1.280341511253633
16455,2,Steady Mid-Value (A),2,High,2.5657200612240247,-0.9074400740436687
16456,4,Seasonal Gift Shopper,3,Low,-2.2035728419278775,1.3547914253316964
16457,3,Steady Mid-Value,1,Medium,0.07128716550269329,0.3014620575134695
16458,3,Steady Mid-Value,1,Medium,-0.9348630171339666,1.4596655864787351
16459,0,At-Risk / Lapsing (A),4,Medium,-0.3488399872840995,-0.2747503584651979
16460,0,At-Risk / Lapsing (A),3,Low,-2.503186934264076,1.6767210313056888
16461,2,Steady Mid-Value (A),2,Medium,1.4021679886982321,-0.9304250661739172
16462,1,Loyal High-Value,4,High,2.4304829227364335,1.1015719588808017
16463,1,Loyal High-Value,5,High,1.9249194269518635,2.3578662616949084
16464,2,Steady Mid-Value (A),4,High,1.523712353688282,-0.15235723374288593
16465,2,Steady Mid-Value (A),2,High,1.6221163647946093,0.12002088166276044
16466,4,Seasonal Gift Shopper,6,Low,-2.7252563593865613,1.8141177715922803
16467,3,Steady Mid-Value,4,Low,-0.9911727990557673,0.15902585770307964
16468,5,At-Risk / Lapsing,1,Low,-1.4077359511729926,-1.5083018275015965
16469,2,Steady Mid-Value (A),2,High,2.171870760587452,-0.3211798652625635
16470,2,Steady Mid-Value (A),2,High,1.440176520825462,-0.263767072502347
16471,3,Steady Mid-Value,1,Low,-1.4643519514988483,0.1796820579364049
16472,3,Steady Mid-Value,1,Low,-1.291335355652516,0.7893152974005374
16473,3,Steady Mid-Value,1,Medium,0.4132228734857423,0.5764530582793007
16474,3,Steady Mid-Value,1,High,0.41925684551976294,0.2686854611798679
16475,3,Steady Mid-Value,3,Medium,-1.1599011952454794,0.6094128581572166
16476,3,Steady Mid-Value,4,Low,-0.9717636052037916,0.3009624238750817
16477,3,Steady Mid-Value,1,Medium,-0.4045567422748292,0.4795157584428329
16478,3,Steady Mid-Value,4,Medium,0.03554874114793996,-0.40155938117565143
16479,4,Seasonal Gift Shopper,4,Low,-1.870314220961302,-1.204574012695609
16480,1,Loyal High-Value,5,High,2.017087630747676,1.429178847221201
16481,3,Steady Mid-Value,2,Medium,0.5607705730341245,-0.2835572204747912
16482,2,Steady Mid-Value (A),2,High,1.3435046961477777,-0.48282978769476803
16483,3,Steady Mid-Value,1,Low,-1.4084417848758866,0.8268761565265556
16484,3,Steady Mid-Value,4,Low,0.17519743788785988,-1.3110246879776097
16485,3,Steady Mid-Value,1,Medium,-0.8150476763748928,1.9379562662339758
16486,1,Loyal High-Value,3,Medium,-0.5980286908128446,2.6649337775939186
16487,3,Steady Mid-Value,1,Medium,-0.034919866481017026,0.7052592759223278
16488,4,Seasonal Gift Shopper,4,Low,-1.8293828062031146,-0.37491559020535414
16489,4,Seasonal Gift Shopper,4,Low,-2.087678218051893,-0.1790240314819476
16490,4,Seasonal Gift Shopper,6,Medium,-1.7248187611044075,2.83223316842467
16491,3,Steady Mid-Value,2,Medium,0.19112278915034098,0.14860079523303155
16492,2,Steady Mid-Value (A),2,High,1.188365028081322,0.07583817330547074
16493,3,Steady Mid-Value,1,Medium,-1.1498442958887904,0.8008484493480743
16494,3,Steady Mid-Value,4,Low,-1.5861363146133896,0.726554681463181
16495,1,Loyal High-Value,5,High,1.053425039083344,1.4746516033491697
16496,4,Seasonal Gift Shopper,4,Low,-1.6761505485545733,0.6000711748377667
16497,0,At-Risk / Lapsing (A),0,High,1.2818916156842022,-1.2569922750743074
16498,4,Seasonal Gift Shopper,4,Low,-2.3446962853074544,-0.5893591447873904
16499,3,Steady Mid-Value,4,Medium,-0.9749288482120464,1.6932024841745348
16500,3,Steady Mid-Value,4,High,0.25749740632768675,0.32239590085393977
16501,3,Steady Mid-Value,1,Medium,-0.23051817423849155,-0.6472141438137146
16502,4,Seasonal Gift Shopper,4,Low,-1.8089726645538688,0.0862314787726333
16503,3,Steady Mid-Value,0,High,0.6919175155410927,0.6556904944343945
16504,3,Steady Mid-Value,2,Medium,0.5161717069769374,-0.3183800649063724
16505,2,Steady Mid-Value (A),0,Medium,0.5851845713151917,-0.5871643026954472
16506,3,Steady Mid-Value,1,Medium,-0.5159554111260011,1.2484466635799107
16507,3,Steady Mid-Value,1,Low,-1.7248751451598336,-0.6787582725124155
16508,3,Steady Mid-Value,4,Medium,0.0033667411479403977,-0.6862864092987461
16509,5,At-Risk / Lapsing,0,Low,0.2171034372801564,-0.9801519583733973
16510,4,Seasonal Gift Shopper,4,Low,-1.8420346492975606,-0.2163779222634023
16511,4,Seasonal Gift Shopper,4,Low,-1.745651795342459,-0.07418021666081122
16512,4,Seasonal Gift Shopper,1,Low,-1.9159985295092001,0.321870728026006
16513,2,Steady Mid-Value (A),2,High,1.667080049282802,-0.6412256732058638
16514,3,Steady Mid-Value,4,Low,-1.1240264891278162,0.6003039270643957
16515,3,Steady Mid-Value,2,Medium,0.5869115473782701,-0.2521882321075886
16516,0,At-Risk / Lapsing (A),3,Low,-2.0352105389333164,2.1132085181041473
16517,2,Steady Mid-Value (A),0,High,1.0187037195939719,0.17800149717100264
16518,4,Seasonal Gift Shopper,4,Low,-1.6323139886229945,-0.49649039049488847
16519,2,Steady Mid-Value (A),0,High,1.4367931163905425,0.06837712939586661
16520,2,Steady Mid-Value (A),0,Medium,1.187113337004908,-1.262077473233135
16521,2,Steady Mid-Value (A),2,High,2.362853371698889,-0.6134248198331641
16522,0,At-Risk / Lapsing (A),4,Low,-1.7482584372463847,-0.06496542962743919
16523,3,Steady Mid-Value,1,Medium,-0.3422536314569056,1.5283163732379137
16524,3,Steady Mid-Value,2,Medium,0.35830208935269137,0.3714093864576595
16525,0,At-Risk / Lapsing (A),1,Low,-0.8566064701508918,0.20649804275353156
16526,3,Steady Mid-Value,2,High,0.7495400010917314,-0.01956511722305725
16527,2,Steady Mid-Value (A),0,High,2.309536102836102,-0.608404843676455
16528,3,Steady Mid-Value,4,High,1.1308647561544825,-0.23501086369421254
16529,3,Steady Mid-Value,4,Medium,0.4754175913097762,-0.7661000900919119
16530,0,At-Risk / Lapsing (A),0,Medium,1.2545598876963324,-1.177797833273155
16531,4,Seasonal Gift Shopper,4,Low,-1.5406798889796054,0.18655765431071317
16532,3,Steady Mid-Value,2,Medium,0.33753919154337536,0.2325864418516611
16533,3,Steady Mid-Value,4,Low,-0.1823986399452772,0.37314578176582697
16534,2,Steady Mid-Value (A),0,Medium,0.9657890122868065,-1.04819540599792
16535,2,Steady Mid-Value (A),0,High,1.3986187676799644,0.05998164100696712
16536,1,Loyal High-Value,4,High,0.5117636411104816,2.969572513882859
16537,2,Steady Mid-Value (A),2,High,2.640262698880936,-0.3759062637493005
16538,2,Steady Mid-Value (A),2,High,2.1621374884047437,0.3397967618345147
16539,2,Steady Mid-Value (A),2,High,2.23604720798702,-0.6260212859932018
16540,3,Steady Mid-Value,4,Low,-1.0007014787423862,-0.0565799704489948
16541,3,Steady Mid-Value,4,High,0.8550187435552035,-0.2144271354908986
16542,0,At-Risk / Lapsing (A),4,Low,-1.849871448042527,-2.0181673440744925
16543,3,Steady Mid-Value,2,High,0.8474389173379038,0.780206468922352
16544,3,Steady Mid-Value,1,Medium,0.2229409183686437,0.690363258992237
16545,2,Steady Mid-Value (A),4,High,1.38484746649376,-0.489501713398225
16546,3,Steady Mid-Value,0,Medium,0.14868059531536734,0.3777871632102311
16547,2,Steady Mid-Value (A),2,High,1.51836079787445,-0.5399280265361146
16548,2,Steady Mid-Value (A),4,High,1.651501402942202,-1.145572372247803
16549,3,Steady Mid-Value,4,Medium,0.049075955750323745,-0.25671677642866564
16550,2,Steady Mid-Value (A),2,High,3.2716054783044406,-0.6300784240155585
16551,1,Loyal High-Value,5,High,2.0723416964223493,1.498927705483963
16552,0,At-Risk / Lapsing (A),4,Low,-0.49934129621703627,-0.4789813987118116
16553,2,Steady Mid-Value (A),2,High,1.9845856607659516,-0.538723951024753
16554,4,Seasonal Gift Shopper,6,Low,-3.89573580319452,-1.0298474720777153
16555,2,Steady Mid-Value (A),0,High,1.7756577841034313,-1.5193818766884093
16556,3,Steady Mid-Value,4,Low,-1.677786312946935,0.6095656882956043
16557,5,At-Risk / Lapsing,3,Low,-1.1636859697670736,0.5594474940099593
16558,0,At-Risk / Lapsing (A),4,Low,-2.116200157335265,-1.0948683768980587
16559,0,At-Risk / Lapsing (A),4,Low,-1.6490975125497893,-1.1903447370488154
16560,3,Steady Mid-Value,4,Low,-1.4231895297165238,-0.5600033570762674
16561,2,Steady Mid-Value (A),4,High,2.1540262912148664,-1.2849794507725887
16562,4,Seasonal Gift Shopper,6,Low,-4.650204115552343,-1.2789688023081613
16563,0,At-Risk / Lapsing (A),4,Medium,0.6828114949616352,-0.2536541757573501
16564,0,At-Risk / Lapsing (A),1,Low,-1.562268065713686,0.5118809674408087
16565,3,Steady Mid-Value,4,Low,-0.15262534563005778,-1.0376601893955784
16566,1,Loyal High-Value,4,High,1.395218875878248,3.1239075910441594
16567,5,At-Risk / Lapsing,3,Low,-2.157510822971803,-0.41148312095427536
16568,2,Steady Mid-Value (A),2,High,1.5697324725253585,0.42408211681562985
16569,3,Steady Mid-Value,4,Low,-0.8835816187842521,0.4014540799441721
16570,5,At-Risk / Lapsing,0,Medium,1.0367360276030013,-0.1563661623794016
16571,3,Steady Mid-Value,4,Low,-0.5345083316819685,-1.3188184262786875
16572,3,Steady Mid-Value,1,Low,-1.2452035057653126,-0.6055736836076732
16573,3,Steady Mid-Value,4,Medium,0.08238709679859893,-0.7937215320914656
16574,2,Steady Mid-Value (A),0,High,1.794274356691806,-0.7947583644845951
16575,3,Steady Mid-Value,1,Medium,-0.6302229843810827,0.7678390044241119
16576,1,Loyal High-Value,5,High,3.017405671263744,1.3770477797942913
16577,3,Steady Mid-Value,1,Medium,0.13885540814382016,0.6243415033409222
16578,1,Loyal High-Value,4,High,1.509502630149283,1.0206343479843667
16579,3,Steady Mid-Value,4,Medium,0.11419753279047029,0.3033662988987815
16580,2,Steady Mid-Value (A),0,High,2.6144580261943138,-1.0802017921677116
16581,1,Loyal High-Value,5,High,4.120390770829574,1.3624098926101393
16582,2,Steady Mid-Value (A),2,High,2.583651736806035,-0.9353128449232888
16583,3,Steady Mid-Value,1,Medium,-0.2504711975341285,0.9500656770289458
16584,0,At-Risk / Lapsing (A),6,Low,-3.4240433808333344,-0.97534871401919
16585,1,Loyal High-Value,4,High,0.9554611586928679,2.2792473025520485
16586,3,Steady Mid-Value,4,Medium,0.07602785125795132,-0.23170101392253561
16587,3,Steady Mid-Value,4,Medium,-0.040217909628425086,0.3819411509914609
16588,0,At-Risk / Lapsing (A),0,High,1.1811557840013651,-0.05542593734051515
16589,3,Steady Mid-Value,1,Medium,0.1276766676087715,-0.3569260464447867
16590,1,Loyal High-Value,5,High,2.6791908857434095,1.3307653653360156
16591,3,Steady Mid-Value,2,Low,0.2729686824789229,-0.7469178142699733
16592,2,Steady Mid-Value (A),2,High,2.6502128198431683,-1.0432217107525117
16593,3,Steady Mid-Value,1,Medium,-0.5250252856535146,0.7959255249296465
16594,2,Steady Mid-Value (A),4,High,1.3081635326821401,0.07671253075094497
16595,1,Loyal High-Value,4,High,2.5031885979331214,1.3522018550892423
16596,2,Steady Mid-Value (A),0,High,1.0966489920204923,-0.5817040343641122
16597,2,Steady Mid-Value (A),2,High,2.4840329441292353,-0.48842008777204843
16598,3,Steady Mid-Value,1,High,0.6504962288442238,1.0725407625297285
16599,4,Seasonal Gift Shopper,6,Low,-2.1770415616396077,1.2802919426308266
16600,0,At-Risk / Lapsing (A),4,Low,-2.448072102877494,-1.5196893615583882
16601,3,Steady Mid-Value,4,Medium,0.39829973320083417,-0.02027756011070285
16602,0,At-Risk / Lapsing (A),4,Medium,-0.17445027568151764,-0.3371648289282222
16603,3,Steady Mid-Value,2,Medium,0.3455702435136761,-0.19033195328241928
16604,4,Seasonal Gift Shopper,3,Low,-2.183688266755006,1.7207211216815521
16605,0,At-Risk / Lapsing (A),4,Low,-1.8091816391742988,-0.9066508066134569
16606,5,At-Risk / Lapsing,3,Medium,-1.1327548457092176,0.8118545137474079
16607,2,Steady Mid-Value (A),4,High,1.674235934447445,-1.2399826642342555
16608,3,Steady Mid-Value,2,High,0.4294286431625245,0.5893866393371222
16609,2,Steady Mid-Value (A),2,Medium,0.9014963076477178,-0.9008883706112628
16610,1,Loyal High-Value,4,High,2.1081079238926455,1.638520208883276
16611,1,Loyal High-Value,5,High,2.1185070271980995,1.623401899585001
16612,3,Steady Mid-Value,4,Medium,-0.1733480419614033,0.7402043752855006
16613,3,Steady Mid-Value,1,Low,-0.850544245743778,1.4913013724757542
16614,2,Steady Mid-Value (A),0,High,1.353879424056982,0.5332170603691203
16615,1,Loyal High-Value,5,High,1.4814035884226062,1.6525918434527997
16616,4,Seasonal Gift Shopper,6,Low,-4.490671107074795,-1.143922519573856
16617,4,Seasonal Gift Shopper,6,Low,-3.361824621144278,0.4902010663421061
16618,3,Steady Mid-Value,1,Medium,-0.3316279179105425,0.30516245016600124
16619,2,Steady Mid-Value (A),0,High,1.6345041400415588,-0.10579044159418613
16620,2,Steady Mid-Value (A),2,Medium,0.8120050215066009,-0.6613479782117849
16621,2,Steady Mid-Value (A),0,Medium,1.0655419398877903,-0.4124271652430413
16622,3,Steady Mid-Value,4,Low,-0.7930713846340122,-0.04003172143785332
16623,3,Steady Mid-Value,2,Low,-0.38179051521223667,-0.06802321395941621
16624,3,Steady Mid-Value,2,Medium,0.6437604121259546,-0.11338020039936539
16625,3,Steady Mid-Value,1,Medium,-0.755716985340381,0.916791178645815
16626,3,Steady Mid-Value,1,Low,-0.7090050018214683,-0.22366327306914044
16627,2,Steady Mid-Value (A),0,Medium,1.68984702931301,-0.6402187535680978
16628,3,Steady Mid-Value,4,Medium,-0.00132422347588979,-0.35242236630958285
16629,3,Steady Mid-Value,0,High,0.8250619944754493,0.2640638413099243
16630,0,At-Risk / Lapsing (A),4,Low,-1.3838363548892822,0.9080941923230631
16631,3,Steady Mid-Value,1,High,0.2694591612372716,1.2621517177396842
16632,1,Loyal High-Value,4,High,0.5569812944797374,1.917816700498435
16633,3,Steady Mid-Value,2,Medium,-0.17067207780120416,-0.043411607649647146
16634,1,Loyal High-Value,4,High,2.011168888147818,1.4575433806346958
16635,3,Steady Mid-Value,1,Medium,-0.736950967705197,0.26984470676152594
16636,3,Steady Mid-Value,4,Low,-0.5530674607645824,-0.17481653990998908
16637,2,Steady Mid-Value (A),4,High,1.9955658096403308,-1.4041663564344455
16638,2,Steady Mid-Value (A),1,Medium,0.23965844577052928,-1.2698174988942648
16639,3,Steady Mid-Value,4,Medium,-0.3760157854602691,0.5370269001362437
16640,2,Steady Mid-Value (A),2,Medium,0.7780323187065592,-0.46698601927008765
16641,4,Seasonal Gift Shopper,6,Low,-2.684269256277346,0.22360004058944657
16642,2,Steady Mid-Value (A),2,High,2.6853445099773237,-0.11228207742550561
16643,3,Steady Mid-Value,1,Low,-1.2031036366051104,0.5835821825328829
16644,3,Steady Mid-Value,4,Low,-0.6401164700599904,-0.04927927122506876
16645,3,Steady Mid-Value,4,High,0.896041247615002,0.27090064841605793
16646,3,Steady Mid-Value,4,Low,-0.8208906171049594,-0.15274980774067093
16647,2,Steady Mid-Value (A),0,High,2.0340795327831183,-0.8411657559837933
16648,0,At-Risk / Lapsing (A),4,Low,-1.1874766451868255,-0.9982006228616448
16649,2,Steady Mid-Value (A),2,High,1.4086454995648041,0.5228802683074528
16650,5,At-Risk / Lapsing,3,Medium,-0.09627224299512188,1.7189274390493692
16651,0,At-Risk / Lapsing (A),4,Low,-1.2428298861523848,0.6764130665761262
16652,4,Seasonal Gift Shopper,4,Low,-1.8506173088095907,-0.5918303978932893
16653,3,Steady Mid-Value,2,High,1.0187989435377696,-0.12492437390267778
16654,2,Steady Mid-Value (A),0,Medium,1.049150143118248,-1.2001951624556209
16655,2,Steady Mid-Value (A),2,High,1.264331581132638,0.14356554614500266
16656,3,Steady Mid-Value,2,Medium,0.3828685052911315,-0.009101993683565804
16657,2,Steady Mid-Value (A),4,Medium,0.4372292603544964,-1.1839923599752733
16658,2,Steady Mid-Value (A),2,High,1.2470579498652503,-0.08552481284072513
16659,3,Steady Mid-Value,0,Medium,-0.08093029774669042,0.5159565272009659
16660,4,Seasonal Gift Shopper,6,Low,-3.248611320594585,0.8060390548161326
16661,2,Steady Mid-Value (A),0,High,0.9965322225652287,-0.05709580338271629
16662,4,Seasonal Gift Shopper,4,Low,-1.7277830118938313,0.12394757376860546
16663,0,At-Risk / Lapsing (A),4,Medium,-0.7557802935346607,0.4180423681213741
16664,3,Steady Mid-Value,1,Medium,-0.9543977713702856,1.376089362037066
16665,4,Seasonal Gift Shopper,4,Low,-2.049328824271349,-1.966892419885177
16666,3,Steady Mid-Value,4,Medium,0.17288835394345112,0.204711594624794
16667,3,Steady Mid-Value,2,High,1.0628535076297985,-0.3072534979023613
16668,0,At-Risk / Lapsing (A),4,Low,-0.7687370519269848,-1.9211225975605197
16669,2,Steady Mid-Value (A),0,High,3.00859322609396,-1.4402855893580964
16670,3,Steady Mid-Value,4,Medium,0.6718519221139786,0.21561508500810778
16671,1,Loyal High-Value,5,High,1.6696591243862124,2.502205628579547
16672,3,Steady Mid-Value,2,Medium,0.35772865358683054,0.20504568032498927
16673,3,Steady Mid-Value,4,Low,-0.9925566294894923,0.3949305187948114
16674,1,Loyal High-Value,5,High,1.7403282859585834,1.335179487305372
16675,2,Steady Mid-Value (A),2,High,1.8995852690474546,-1.0648697689945141
16676,2,Steady Mid-Value (A),2,High,2.210787168995126,-1.1412931956328232
16677,4,Seasonal Gift Shopper,6,Low,-2.626696105588545,1.8022650024322056
16678,3,Steady Mid-Value,0,Medium,-0.0022306443050183994,-0.13295327833625864
16679,2,Steady Mid-Value (A),0,Medium,1.3289888397568559,-1.6219250206999873
16680,1,Loyal High-Value,3,High,1.211186798124108,3.521471178049582
16681,3,Steady Mid-Value,4,Medium,0.18609795858457687,0.06653800677908016
16682,3,Steady Mid-Value,4,Low,-1.2824762129804073,0.1883137233700209
16683,3,Steady Mid-Value,4,High,0.49671166148012785,0.10697702787972477
16684,3,Steady Mid-Value,4,Low,-1.3801090444551705,0.8704775122390471
16685,3,Steady Mid-Value,4,Low,-1.2104874563760646,0.12830903101290067
16686,4,Seasonal Gift Shopper,4,Low,-1.464515675926458,-0.28567522499201664
16687,1,Loyal High-Value,5,High,2.3287824962676695,2.468592606870698
16688,4,Seasonal Gift Shopper,4,Low,-2.5865081756865314,-1.3011457373705664
16689,1,Loyal High-Value,3,High,0.7599715710950183,2.6736751588488454
16690,5,At-Risk / Lapsing,0,Low,-0.006244790715338665,-0.3333926948246037
16691,5,At-Risk / Lapsing,3,Medium,-1.1630813499383885,0.7682144517588939
16692,1,Loyal High-Value,5,High,0.9511588991300608,2.657053494504313
16693,2,Steady Mid-Value (A),4,High,1.5301966456541654,-0.9770512033446124
16694,3,Steady Mid-Value,1,Low,-0.7911256624682507,0.11172588963538074
16695,3,Steady Mid-Value,4,Low,-1.2796925319015773,0.4227899485192397
16696,2,Steady Mid-Value (A),0,High,1.7473784032955373,-0.06806986012848991
16697,3,Steady Mid-Value,1,Low,-0.1921807249335533,-0.8756864881625593
16698,5,At-Risk / Lapsing,0,Medium,1.0403539319534159,-0.04930561355073817
16699,2,Steady Mid-Value (A),2,High,1.3931343881122689,-0.7088051628894984
16700,4,Seasonal Gift Shopper,6,Low,-3.044844092456618,1.0669890998296492
16701,2,Steady Mid-Value (A),2,High,2.0851625368987667,-0.635946243705101
16702,0,At-Risk / Lapsing (A),0,Low,-0.11267506673876584,-0.4962370930274423
16703,5,At-Risk / Lapsing,3,Low,-1.6834289756947347,0.10164052989427214
16704,3,Steady Mid-Value,1,Low,-0.41096504894586916,0.0955544474561407
16705,2,Steady Mid-Value (A),4,High,2.0447887835220504,-0.25520893705253744
16706,3,Steady Mid-Value,0,High,0.6866964305346944,0.46339698297135096
16707,2,Steady Mid-Value (A),2,High,2.6209456972210945,-1.055105737725484
16708,2,Steady Mid-Value (A),2,High,2.634273206946264,-1.6307735867831292
16709,0,At-Risk / Lapsing (A),4,Low,-0.5327557950629097,-0.19353411048103256
16710,3,Steady Mid-Value,4,Low,-1.0075983014168837,-0.1472518764859088
16711,3,Steady Mid-Value,2,High,0.7691347770075933,0.31186800262110353
16712,3,Steady Mid-Value,0,Medium,0.24660738271786686,0.3574116018352079
16713,2,Steady Mid-Value (A),2,High,1.726544547017128,-0.10788889101966631
16714,2,Steady Mid-Value (A),4,High,1.296788125629683,0.3745597058292119
16715,3,Steady Mid-Value,4,Low,-0.803142738153721,-0.2549197486199413
16716,5,At-Risk / Lapsing,3,Low,-3.2223161364277586,1.025481938480687
16717,3,Steady Mid-Value,1,Medium,0.5823447735468066,-0.09924288752106378
16718,1,Loyal High-Value,4,High,0.7968506909210404,1.9569411371888403
16719,0,At-Risk / Lapsing (A),4,Medium,-0.3468771757808649,0.4952190602061043
16720,3,Steady Mid-Value,2,Medium,0.8939281248247184,-0.02688704484416932
16721,2,Steady Mid-Value (A),0,High,2.2926762780222267,-1.2031504302260967
16722,2,Steady Mid-Value (A),4,High,1.283824659962015,-1.2418007859823192
16723,0,At-Risk / Lapsing (A),1,Medium,-0.5371561444980111,0.369923873752971
16724,3,Steady Mid-Value,1,Medium,-0.0296726818604285,-0.669520837056894
16725,2,Steady Mid-Value (A),2,High,2.269227230781626,-0.6416688064269443
16726,4,Seasonal Gift Shopper,6,Low,-3.573372253640791,-0.5518176914161657
16727,2,Steady Mid-Value (A),4,High,1.8307283371530148,0.33490600178624996
16728,3,Steady Mid-Value,1,Low,-1.4457825709670038,-0.3633459107470507
16729,3,Steady Mid-Value,2,Medium,-0.00912408698051417,-0.3541930420366466
16730,5,At-Risk / Lapsing,3,Low,-1.442696718700428,-0.860642973836766
16731,0,At-Risk / Lapsing (A),6,Low,-4.2863475497019845,-1.9961886727341462
16732,2,Steady Mid-Value (A),2,High,1.4474494822649602,-0.06247258574885846
16733,2,Steady Mid-Value (A),2,High,1.587209785817537,0.2886347455602369
16734,3,Steady Mid-Value,1,Low,-1.4256384729888993,1.076487307063129
16735,3,Steady Mid-Value,4,Low,-1.1839528894117726,1.3372821270902728
16736,1,Loyal High-Value,5,High,1.7888211934395064,1.4294221195695547
16737,3,Steady Mid-Value,2,High,0.6563591856022383,0.5521520120960606
16738,2,Steady Mid-Value (A),2,High,2.3900248015284635,-1.0420651494984696
16739,2,Steady Mid-Value (A),2,High,2.204371971880212,-0.44802623471457037
16740,3,Steady Mid-Value,1,Medium,0.363490784479141,-0.3629077591410329
16741,4,Seasonal Gift Shopper,4,Low,-2.4171772765934914,-0.5927934006137466
16742,2,Steady Mid-Value (A),0,High,1.4129301250298267,0.8419287217984663
16743,2,Steady Mid-Value (A),2,High,1.4986346877638872,-0.10472997713924716
16744,3,Steady Mid-Value,4,Medium,-0.23188078943485246,-0.08872705087715312
16745,0,At-Risk / Lapsing (A),0,Medium,0.38476589272119466,-0.44671610998860783
16746,0,At-Risk / Lapsing (A),4,Low,-1.2812305403571784,-0.4761274568208832
16747,2,Steady Mid-Value (A),0,High,2.617970902126113,-0.6365662752970122
16748,2,Steady Mid-Value (A),0,High,1.7831885713480689,-0.7615768778598097
16749,2,Steady Mid-Value (A),4,Medium,1.1354092978741104,-1.6583242720177664
16750,3,Steady Mid-Value,4,Low,-0.17753623379648267,-1.1519571526122074
16751,3,Steady Mid-Value,1,High,0.4667299260929245,0.38062219074704046
16752,5,At-Risk / Lapsing,0,Medium,0.030878829134380975,-0.5635715299182485
16753,4,Seasonal Gift Shopper,6,Low,-3.1729867765001942,0.6567581036857135
16754,2,Steady Mid-Value (A),2,High,2.1999198972146963,-1.311532186235604
16755,0,At-Risk / Lapsing (A),3,Low,-1.8981532290958498,-1.019506548190923
16756,1,Loyal High-Value,3,High,-0.285935885008423,4.715002982590597
16757,0,At-Risk / Lapsing (A),1,High,0.13073433491488912,1.0163597886848463
16758,4,Seasonal Gift Shopper,4,Low,-1.874525933641895,-0.9007662998048687
16759,1,Loyal High-Value,5,High,3.5951948923021453,1.4697340430325252
16760,3,Steady Mid-Value,4,Low,-0.1772221198438116,0.2767165123932511
16761,2,Steady Mid-Value (A),2,High,1.0447954057270463,-0.3838017712969523
16762,3,Steady Mid-Value,1,Medium,0.1331718831113771,-0.7751729897992415
16763,3,Steady Mid-Value,3,Medium,-1.157704504556691,0.32311214130412297
16764,3,Steady Mid-Value,4,Low,-0.09054746434978359,-1.1742747646841023
16765,2,Steady Mid-Value (A),2,Medium,0.8799386808102352,-0.5497391610254035
16766,1,Loyal High-Value,5,High,2.5829848043117907,0.7990966784158265
16767,2,Steady Mid-Value (A),0,High,2.8622151325610647,-1.1161511793517538
16768,1,Loyal High-Value,5,High,4.481517346701402,1.3325345457297952
16769,4,Seasonal Gift Shopper,4,Low,-1.8467286730750203,-0.6632043994951604
16770,2,Steady Mid-Value (A),2,High,1.5976779258411662,-0.5981010886890433
16771,1,Loyal High-Value,5,High,1.9445149473013725,1.8415504746609757
16772,1,Loyal High-Value,5,High,2.6569429023655733,1.6162558212610418
16773,3,Steady Mid-Value,4,Low,0.1305800884636407,-0.9979247623202933
16774,3,Steady Mid-Value,4,Medium,-0.1862858282757503,-0.06363713437000826
16775,2,Steady Mid-Value (A),0,High,2.5963972313235493,-1.135851073934349
16776,3,Steady Mid-Value,4,Low,-0.1957338789949532,-0.6435934357123004
16777,0,At-Risk / Lapsing (A),0,Medium,0.1919555484136747,-0.16102622325196414
16778,5,At-Risk / Lapsing,1,Low,-1.0315815541610311,0.5763399526789962
16779,4,Seasonal Gift Shopper,6,Low,-2.204947224360676,1.882011994325284
16780,2,Steady Mid-Value (A),4,High,1.2636401116498166,-0.06336603707432477
16781,4,Seasonal Gift Shopper,6,Low,-2.807956789029448,-0.39187459505772276
16782,4,Seasonal Gift Shopper,6,Low,-2.5893407857341453,0.411817060956674
16783,3,Steady Mid-Value,2,High,0.5300150656494016,0.5287154761315344
16784,1,Loyal High-Value,5,High,1.2220794417577736,2.6435326016994747
16785,3,Steady Mid-Value,1,Medium,-0.2520786955719503,0.00850792930188225
16786,2,Steady Mid-Value (A),2,High,1.2505545637686133,-0.20486878616176907
16787,4,Seasonal Gift Shopper,6,Low,-2.3571602406308974,0.33949747256163465
16788,2,Steady Mid-Value (A),2,High,2.393550828858421,-0.5997834674835126
16789,1,Loyal High-Value,5,High,2.0163265267152553,2.6869671005280558
16790,3,Steady Mid-Value,2,High,1.2921802328925347,0.5679814813768448
16791,2,Steady Mid-Value (A),2,High,3.4241007073982925,-0.7125477500485082
16792,2,Steady Mid-Value (A),2,Medium,1.1522370341228667,-1.6992537662824698
16793,5,At-Risk / Lapsing,3,Low,-2.344450372721438,0.7721023709979232
16794,2,Steady Mid-Value (A),4,High,1.1532337720450059,-0.05903473830804018
16795,1,Loyal High-Value,5,High,4.443847710538283,1.1436861728157848
16796,2,Steady Mid-Value (A),0,High,1.63037058059935,-0.8491014865122134
16797,4,Seasonal Gift Shopper,4,Low,-2.5875590960119865,-1.0841582875101214
16798,3,Steady Mid-Value,4,Medium,-0.4710339245598868,0.2001814576387609
16799,0,At-Risk / Lapsing (A),0,Medium,-0.691223591937787,0.3562894662569441
16800,3,Steady Mid-Value,1,Medium,-0.5276362024317461,0.5457360654618995
16801,2,Steady Mid-Value (A),0,High,2.800287624404787,-1.3064093748724905
16802,3,Steady Mid-Value,1,Medium,-0.5002775407048591,1.160468789386001
16803,5,At-Risk / Lapsing,0,Medium,0.08245760262617911,-0.006695768306153612
16804,2,Steady Mid-Value (A),2,High,1.4853361970088745,-0.7697875326347303
16805,3,Steady Mid-Value,4,Medium,-0.18853402053954563,-0.5498436551891903
16806,3,Steady Mid-Value,4,Medium,0.4487876675784963,-0.05710212500611471
16807,0,At-Risk / Lapsing (A),4,Low,-0.33729945439440007,-1.0794846905699143
16808,2,Steady Mid-Value (A),2,High,2.8181733581731634,-0.9230089123118451
16809,1,Loyal High-Value,4,High,1.7091715296832144,1.4847482758519606
16810,3,Steady Mid-Value,4,Medium,-0.03940569745240559,0.015254563968229842
16811,3,Steady Mid-Value,4,Medium,-0.5119363935197566,0.2167479517522573
16812,3,Steady Mid-Value,4,Medium,0.1381946934974839,0.5617764223966855
16813,3,Steady Mid-Value,4,Low,-1.6190879599404822,0.38070593759991633
16814,4,Seasonal Gift Shopper,4,Low,-2.1056790239320335,-0.6001207971483327
16815,2,Steady Mid-Value (A),0,High,2.4077387886124835,0.049023519511856274
16816,4,Seasonal Gift Shopper,4,Low,-1.8007593890842708,-1.9173959449770437
16817,4,Seasonal Gift Shopper,3,Low,-2.309544181161438,0.9780373839942903
16818,5,At-Risk / Lapsing,3,Low,-1.6521933533964235,-0.9087664687578074
16819,3,Steady Mid-Value,1,Medium,0.05576970276934862,-0.1874002460999803
16820,2,Steady Mid-Value (A),4,Medium,0.4249923943842681,-0.6629252426085006
16821,2,Steady Mid-Value (A),0,High,2.1373753172479693,-0.8565746101057172
16822,3,Steady Mid-Value,1,Medium,-0.28233784562410014,0.3576506999225935
16823,4,Seasonal Gift Shopper,6,Medium,-1.6413081238025953,2.69464804085261
16824,4,Seasonal Gift Shopper,4,Low,-1.3781162693084466,-0.719531749107833
16825,2,Steady Mid-Value (A),0,Medium,1.3676742069764574,-1.5103271419779165
16826,3,Steady Mid-Value,4,Medium,-1.1802811649040896,0.6273802959449395
16827,2,Steady Mid-Value (A),2,Medium,1.9402498779299087,-1.4482122034159408
16828,3,Steady Mid-Value,1,Medium,0.05227161715339589,1.1765867285939327
16829,3,Steady Mid-Value,1,Medium,-0.3337695408792484,-0.06023432847472211
16830,1,Loyal High-Value,4,High,1.1505135448705255,2.5757675773361286
16831,3,Steady Mid-Value,4,Low,-0.8882111261268313,0.4428759560670046
16832,3,Steady Mid-Value,4,Low,-1.1153664354724033,-0.2598498403684077
16833,3,Steady Mid-Value,4,Low,0.06371485482477583,-0.9728715241062244
16834,3,Steady Mid-Value,1,Medium,-0.08101118861511176,-0.186927426119919
16835,4,Seasonal Gift Shopper,3,Low,-3.099977044110325,0.24151511597351996
16836,2,Steady Mid-Value (A),4,Medium,0.9471445553276078,-1.0751396305904486
16837,3,Steady Mid-Value,1,Medium,0.1406771676335692,-0.7427322543768887
16838,0,At-Risk / Lapsing (A),0,Low,-0.1484551475516216,-0.7280913966917948
16839,4,Seasonal Gift Shopper,6,Low,-2.763043117303966,0.910674170570149
16840,3,Steady Mid-Value,2,Medium,-0.1743416728714817,-0.030375204565183847
16841,2,Steady Mid-Value (A),0,High,2.3607767713791126,-1.6527298978772411
16842,2,Steady Mid-Value (A),2,High,1.9682637973604369,-0.3163815575342838
16843,2,Steady Mid-Value (A),4,High,1.5207513664498882,-1.290706057649187
16844,5,At-Risk / Lapsing,1,Low,-0.9087272375007249,1.2182754286602517
16845,2,Steady Mid-Value (A),4,High,1.2054879995564014,-0.1776686272597444
16846,4,Seasonal Gift Shopper,6,Low,-3.170829538617534,0.8752672219248323
16847,3,Steady Mid-Value,4,Medium,0.15021300733511928,0.9881241602704453
16848,2,Steady Mid-Value (A),2,High,2.5586784238742912,-0.7858709570901501
16849,3,Steady Mid-Value,1,Low,-1.327922509858678,0.7418088545430577
16850,4,Seasonal Gift Shopper,3,Low,-2.277085373134167,2.1470253098424084
16851,5,At-Risk / Lapsing,3,Low,-1.3766729367331692,0.9740336758800062
16852,3,Steady Mid-Value,4,Low,-1.4529455991794846,0.9033391481195885
16853,1,Loyal High-Value,4,High,1.250505419475176,2.367274024811911
16854,3,Steady Mid-Value,4,Medium,0.3897418272389783,-0.3546445488638112
16855,5,At-Risk / Lapsing,0,High,0.6157739774152574,1.2683419052326579
16856,2,Steady Mid-Value (A),4,Medium,1.6915683254220784,-1.2654554462197247
16857,3,Steady Mid-Value,1,Medium,-0.6942265520105534,0.6498499581162638
16858,2,Steady Mid-Value (A),4,Medium,0.42837653501216283,-1.209135184506208
16859,4,Seasonal Gift Shopper,6,Low,-3.9015675534931678,-0.14670312759560006
16860,2,Steady Mid-Value (A),2,High,1.094859861751521,-0.5101399623477766
16861,3,Steady Mid-Value,4,Medium,-0.3450331362657247,-0.23053191081083568
16862,4,Seasonal Gift Shopper,4,Low,-1.3707295240581805,-0.5945159290118379
16863,2,Steady Mid-Value (A),0,High,1.271250488448663,-0.3837424368275
16864,4,Seasonal Gift Shopper,6,Low,-3.8738777594675904,-0.8245488514028523
16865,3,Steady Mid-Value,1,High,0.31686072011354044,0.43644141491068833
16866,2,Steady Mid-Value (A),2,High,1.2179633495629352,0.04729426287289554
16867,2,Steady Mid-Value (A),2,High,1.846871716249697,-0.6914476536197709
16868,3,Steady Mid-Value,4,Low,-0.2043789103873106,-1.3177180854419417
16869,2,Steady Mid-Value (A),1,High,1.0156115123855747,-0.3290080726875536
16870,3,Steady Mid-Value,4,Medium,-0.041456363888286586,-0.10306197307829197
16871,3,Steady Mid-Value,4,Low,-0.6107392359832688,-0.10939874796330903
16872,3,Steady Mid-Value,1,Medium,-0.06162220069032011,0.6214683642558718
16873,3,Steady Mid-Value,4,Low,-1.326471431768709,0.4204802922910693
16874,1,Loyal High-Value,4,Medium,0.2912227446961961,1.574728746592198
16875,2,Steady Mid-Value (A),2,High,2.042686413848468,-0.8574078956810136
16876,2,Steady Mid-Value (A),4,High,1.1664846413489462,-0.2889440946299872
16877,2,Steady Mid-Value (A),0,High,1.8466084031185306,0.05219382990553019
16878,4,Seasonal Gift Shopper,4,Low,-2.428678352302848,-1.1393436779174535
16879,3,Steady Mid-Value,3,High,-0.2084655000824826,1.0320944064338138
16880,3,Steady Mid-Value,4,Low,-1.4215368156887482,1.108346994608267
16881,2,Steady Mid-Value (A),2,High,3.058526221504379,-1.2338014343500532
16882,4,Seasonal Gift Shopper,4,Low,-1.8892218131366614,-0.3317298333263146
16883,1,Loyal High-Value,5,High,3.0252821965104673,1.6718446821405337
16884,2,Steady Mid-Value (A),2,High,1.443082684060426,-0.7185134091970916
16885,0,At-Risk / Lapsing (A),4,Low,-1.4321885471048952,-0.9983621232146775
16886,3,Steady Mid-Value,4,Low,-1.1966793416098251,-0.6959629795929515
16887,1,Loyal High-Value,5,High,2.1785667151564483,1.6086541248798687
16888,3,Steady Mid-Value,2,High,0.9026886289317857,-0.4372651717495489
16889,2,Steady Mid-Value (A),0,High,1.292664407883246,0.15388535928644642
16890,5,At-Risk / Lapsing,1,Low,-0.5503756141053353,0.6220530903646053
16891,3,Steady Mid-Value,1,Low,-0.9559316479871567,-0.18111260792316308
16892,4,Seasonal Gift Shopper,6,Low,-2.4334186010844467,1.9700477059262005
16893,3,Steady Mid-Value,4,High,0.682412796831682,0.5139445255364711
16894,3,Steady Mid-Value,4,Low,0.044190146438573205,-1.2229747363424333
16895,3,Steady Mid-Value,1,Medium,0.003887475676482482,-0.2603151727882193
16896,3,Steady Mid-Value,2,Medium,0.2277771454610666,0.47198973605790157
16897,0,At-Risk / Lapsing (A),0,Low,-0.6899478310951375,-0.5295662400474492
16898,2,Steady Mid-Value (A),0,High,1.3869757700652592,-0.7249051891423981
16899,4,Seasonal Gift Shopper,6,Low,-2.2725625805528678,1.6383950532098492
16900,4,Seasonal Gift Shopper,4,Low,-1.495786036710894,-2.241774175667795
16901,1,Loyal High-Value,4,High,1.541646869578626,2.303804371766726
16902,2,Steady Mid-Value (A),2,High,1.2978924953346982,-0.5105834518600979
16903,3,Steady Mid-Value,4,Medium,0.662134301161912,0.39242901043167927
16904,5,At-Risk / Lapsing,1,Low,-1.1674190643440074,0.3276701066411228
16905,3,Steady Mid-Value,4,Low,-0.8441176727607379,0.4148488759952484
16906,0,At-Risk / Lapsing (A),1,Low,-0.28679279408649105,-0.6244797924721633
16907,2,Steady Mid-Value (A),1,Medium,0.22277609570263063,-1.1013980473054117
16908,2,Steady Mid-Value (A),2,Medium,0.9714065086116291,-0.9911831284116268
16909,2,Steady Mid-Value (A),2,Medium,1.300498777413895,-0.5620964371732705
16910,3,Steady Mid-Value,4,Low,-1.047242952535726,-0.09412310252250536
16911,3,Steady Mid-Value,1,Low,-1.2043622114528674,0.7170164716807703
16912,4,Seasonal Gift Shopper,4,Low,-1.4030695612519484,0.023847828043295598
16913,3,Steady Mid-Value,1,Medium,-0.06914459379127323,0.5319061405449739
16914,2,Steady Mid-Value (A),0,High,1.256806772137259,-0.23863982449036442
16915,2,Steady Mid-Value (A),1,Medium,0.6874975942597623,-0.7542935527592372
16916,4,Seasonal Gift Shopper,4,Low,-1.50210872316676,0.06372067330293321
16917,1,Loyal High-Value,5,High,2.128222256822367,1.9925250139324984
16918,2,Steady Mid-Value (A),0,High,0.8966203722992853,-0.04695277327550538
16919,2,Steady Mid-Value (A),0,High,2.475722732777824,-0.2814761347684491
16920,2,Steady Mid-Value (A),4,High,1.2409583298518123,-0.569489562688199
16921,3,Steady Mid-Value,4,Low,-1.22422480524579,-0.47493890403830774
16922,2,Steady Mid-Value (A),4,High,1.4976006405111522,-1.134757462773143
16923,4,Seasonal Gift Shopper,6,Low,-2.233004904089167,1.5625068906508812
16924,2,Steady Mid-Value (A),2,High,2.220664424785696,-0.022477863435924596
16925,5,At-Risk / Lapsing,1,Low,-1.5050209869498519,0.3724186890389453
16926,1,Loyal High-Value,4,High,2.964729831399127,1.8810388502173756
16927,0,At-Risk / Lapsing (A),3,Low,-1.3087965051060884,-0.33811138529173107
16928,3,Steady Mid-Value,4,Medium,-0.6145728083152964,0.42139895159793583
16929,2,Steady Mid-Value (A),2,Medium,0.9830759111382333,-0.3264823054051479
16930,3,Steady Mid-Value,1,High,0.6513205635363705,1.0555394018009054
16931,3,Steady Mid-Value,4,Low,-0.5583549157214155,0.08380440113629696
16932,3,Steady Mid-Value,1,Medium,0.3742464727311473,-0.277127592863399
16933,4,Seasonal Gift Shopper,4,Low,-2.6718236038235013,-1.14366775929657
16934,3,Steady Mid-Value,1,Low,-0.9279733539778462,0.32672290721592656
16935,3,Steady Mid-Value,1,Medium,-1.0750052362748683,0.6907670018472766
16936,3,Steady Mid-Value,2,Medium,0.5330578621463546,-0.9361462182264091
16937,1,Loyal High-Value,5,High,2.6851547806462728,2.5287802794557073
16938,4,Seasonal Gift Shopper,4,Low,-1.7183688066387335,-1.1245533174719757
16939,3,Steady Mid-Value,1,Low,-1.4853613329457045,0.8346761820493472
16940,3,Steady Mid-Value,2,Medium,0.5574564854071141,0.5119701264511326
16941,2,Steady Mid-Value (A),4,High,2.203977733137104,-1.1793394656781182
16942,2,Steady Mid-Value (A),4,High,1.33650088008805,-0.15184982098109703
16943,2,Steady Mid-Value (A),0,High,2.3404858238507757,-0.1880536815522748
16944,2,Steady Mid-Value (A),0,High,2.1534571848196387,-1.7411370335604301
16945,3,Steady Mid-Value,1,Medium,0.20817371988039815,-0.5709170071183265
16946,3,Steady Mid-Value,0,Medium,0.4687737882418417,0.2587963507795252
16947,0,At-Risk / Lapsing (A),3,Medium,0.35755465404937287,-0.41724546715257155
16948,2,Steady Mid-Value (A),0,High,1.1903314094037905,-0.4220492097677121
16949,2,Steady Mid-Value (A),1,Medium,0.14110993978073588,-0.9934618933995196
16950,1,Loyal High-Value,4,High,0.8579118506873625,2.4876319625600027
16951,3,Steady Mid-Value,4,Medium,-0.2023846105306318,0.7007454328952589
16952,4,Seasonal Gift Shopper,4,Low,-1.689024853783973,-0.9212330503544662
16953,1,Loyal High-Value,5,High,1.6768221005340262,2.988739177970266
16954,3,Steady Mid-Value,4,Medium,0.3096333244347476,0.049212785218082054
16955,1,Loyal High-Value,6,High,-1.035116980287922,4.3240135512440405
16956,3,Steady Mid-Value,1,Medium,-0.5001824623101032,0.8810729515727993
16957,2,Steady Mid-Value (A),2,High,2.045670703353679,-1.2712430505323207
16958,4,Seasonal Gift Shopper,6,Low,-2.6056820726579724,1.883905755668794
16959,5,At-Risk / Lapsing,3,Low,-2.840772178732563,1.8464675472412604
16960,2,Steady Mid-Value (A),1,Low,0.16766726077891897,-1.2330934006155851
16961,2,Steady Mid-Value (A),2,High,1.101077975090127,-0.24651205187703765
16962,3,Steady Mid-Value,4,Medium,0.4158054631629859,-0.6762280227390977
16963,4,Seasonal Gift Shopper,4,Low,-1.7002477652041286,0.37246648405777705
16964,4,Seasonal Gift Shopper,1,Low,-2.0550222964592084,0.0438323656681204
16965,3,Steady Mid-Value,4,Low,-1.2315907068021024,0.2901745612860021
16966,1,Loyal High-Value,5,High,0.6760755290865513,1.5528722757146718
16967,2,Steady Mid-Value (A),2,High,1.7620135226317424,-0.15445469555005753
16968,3,Steady Mid-Value,4,Medium,-0.28291804067295245,0.5896019432398025
16969,3,Steady Mid-Value,4,Low,-1.230552092464812,-0.9359592721355597
16970,4,Seasonal Gift Shopper,6,Low,-3.7654353695112435,0.09730673653888576
16971,5,At-Risk / Lapsing,0,Medium,0.17012205027130983,-0.029333716403341675
16972,3,Steady Mid-Value,4,Medium,0.10345921653670825,-0.4054313022019767
16973,4,Seasonal Gift Shopper,6,Low,-3.4201365485478816,-0.5137525058880925
16974,5,At-Risk / Lapsing,3,Low,-2.6537505236215124,0.3678158509007656
16975,2,Steady Mid-Value (A),0,Medium,0.6773648499631478,-0.5611075945545951
16976,3,Steady Mid-Value,4,Low,-1.5197307358500824,0.180763261544615
16977,0,At-Risk / Lapsing (A),4,Low,-1.2229625771370696,-0.8122790114013738
16978,4,Seasonal Gift Shopper,6,Low,-3.3327161413670714,0.37418716116618544
16979,3,Steady Mid-Value,1,Medium,0.43997832217265176,-0.09548433330228275
16980,2,Steady Mid-Value (A),2,High,1.512574209008688,-0.565927567952455
16981,3,Steady Mid-Value,2,High,0.5579481266869084,0.05620429120747673
16982,4,Seasonal Gift Shopper,6,Low,-3.7501390138196387,0.03683001212579052
16983,3,Steady Mid-Value,4,Medium,0.20659678968244272,-0.6504906368168466
16984,2,Steady Mid-Value (A),0,High,1.688754149322762,-0.7803254364004073
16985,2,Steady Mid-Value (A),2,High,1.8094629518391154,-1.0077288045675359
16986,0,At-Risk / Lapsing (A),0,Low,0.04884963707967563,-1.1937936187194593
16987,3,Steady Mid-Value,0,High,0.6609406117217876,0.6668518634611271
16988,2,Steady Mid-Value (A),0,High,1.1822572126680904,0.19059441417400289
16989,3,Steady Mid-Value,4,Low,-0.5003285087847159,-0.5011337980855624
16990,2,Steady Mid-Value (A),4,Medium,1.0001192990895935,-0.9175013080070266
16991,4,Seasonal Gift Shopper,4,Low,-1.9896395196959809,-0.3418902678834142
16992,0,At-Risk / Lapsing (A),4,Low,-1.0968398673763156,0.45261059627533545
16993,1,Loyal High-Value,5,High,3.4301457386085983,1.233936954720269
16994,3,Steady Mid-Value,4,Medium,0.3668117160005085,-0.7954618623321505
16995,3,Steady Mid-Value,4,Low,-0.425941669530675,-1.1222504548928474
16996,2,Steady Mid-Value (A),0,High,1.8589677932227773,-1.0184641897798665
16997,3,Steady Mid-Value,2,Medium,-0.15874442824595322,-0.23442284190746274
16998,2,Steady Mid-Value (A),2,High,2.7918440181122306,-1.2300439583538325
16999,3,Steady Mid-Value,1,Medium,0.12308119481732033,0.23846645689724025
17000,4,Seasonal Gift Shopper,6,Low,-3.028456830883156,0.7273622974323687
17001,4,Seasonal Gift Shopper,6,Low,-2.877311535982629,-0.2347142290600166
17002,2,Steady Mid-Value (A),1,Medium,0.6218783788904192,-0.7045610075001976
17003,2,Steady Mid-Value (A),2,High,2.8409219076763628,-0.778401879964982
17004,2,Steady Mid-Value (A),4,High,2.3389650055632925,-1.1514320447862767
17005,0,At-Risk / Lapsing (A),4,Low,-0.8631407463459008,-0.9137803004614461
17006,0,At-Risk / Lapsing (A),0,Medium,0.7226570568878068,-1.531022179512218
17007,4,Seasonal Gift Shopper,6,Low,-3.278062608315306,0.651772551262323
17008,5,At-Risk / Lapsing,3,Medium,-1.2899972184891293,1.0447875336447172
17009,4,Seasonal Gift Shopper,4,Low,-2.2335376426190376,-1.2587391245539281
17010,2,Steady Mid-Value (A),2,High,2.3016080728956627,-0.5476820565867394
17011,3,Steady Mid-Value,4,Medium,-0.6592038849635677,0.519574014640631
17012,2,Steady Mid-Value (A),0,High,2.204923198554003,-0.7303546998776985
17013,4,Seasonal Gift Shopper,6,Low,-3.2883138532415517,-0.30639621819458723
17014,0,At-Risk / Lapsing (A),6,Low,-4.230481964087616,-1.8212521558611003
17015,4,Seasonal Gift Shopper,4,Low,-2.742613396966348,-1.252984212204092
17016,1,Loyal High-Value,5,High,1.3082859274772052,2.618063917603736
17017,4,Seasonal Gift Shopper,6,Low,-4.145654678431249,-0.9749364098462833
17018,2,Steady Mid-Value (A),1,Medium,1.132709629990095,0.18291566595479686
17019,2,Steady Mid-Value (A),2,High,1.994409625272751,-0.778440055424873
17020,3,Steady Mid-Value,2,High,1.2388484490783542,0.24039456814730273
17021,1,Loyal High-Value,5,High,3.226579615087719,1.6933579827409395
17022,3,Steady Mid-Value,1,High,0.38989679621652873,0.7878131096099689
17023,2,Steady Mid-Value (A),0,High,2.08803129556979,-0.6860677003716851
17024,3,Steady Mid-Value,4,Medium,-0.18372321129074992,1.0489366529968778
17025,1,Loyal High-Value,5,High,1.5062867352776654,2.6975751595916893
17026,4,Seasonal Gift Shopper,6,Low,-3.4810310795113395,-0.5541997530228834
17027,2,Steady Mid-Value (A),4,Medium,1.1254747813716799,-0.6785845648549651
17028,3,Steady Mid-Value,4,Medium,-0.4773609080894946,0.5981165320622919
17029,2,Steady Mid-Value (A),2,Low,0.34134333011979,-1.2961624266011706
17030,4,Seasonal Gift Shopper,6,Low,-3.272575847061032,0.7602466938550837
17031,2,Steady Mid-Value (A),4,Medium,0.6421600391909906,-0.7194734627805862
17032,3,Steady Mid-Value,4,Low,-0.8330354934684476,-0.9236642499909731
17033,3,Steady Mid-Value,4,Low,-1.4693507870596676,0.313107797185619
17034,3,Steady Mid-Value,4,Low,-1.0506138784168715,-0.9620332866461684
17035,0,At-Risk / Lapsing (A),4,Medium,-0.8398575238634012,0.9351250971050606
17036,3,Steady Mid-Value,4,Low,-1.240065489554024,0.510068756525137
17037,3,Steady Mid-Value,1,Medium,0.2541922479052711,-0.5012699424627063
17038,4,Seasonal Gift Shopper,6,Low,-3.291606452381012,-0.1811372700349734
17039,4,Seasonal Gift Shopper,6,Low,-1.6814157277865998,0.9785891883139762
17040,4,Seasonal Gift Shopper,6,Low,-3.264721323168933,0.21061668123428953
17041,0,At-Risk / Lapsing (A),0,Medium,1.2488531566923093,-0.7845740370391645
17042,2,Steady Mid-Value (A),4,Medium,0.7259227419502416,-1.413803560753345
17043,3,Steady Mid-Value,1,Low,-0.12101902151349948,-1.0841839691349908
17044,2,Steady Mid-Value (A),0,Medium,1.2421310270929746,-0.8407754279908796
17045,5,At-Risk / Lapsing,1,Low,-1.9758288523106469,-0.25676825397897424
17046,0,At-Risk / Lapsing (A),4,Low,-1.3156014216609453,-0.4055131234503139
17047,3,Steady Mid-Value,1,Medium,0.17738038569595035,-0.5464752254862003
17048,2,Steady Mid-Value (A),1,Medium,0.2593494842315869,-1.112633780784923
17049,3,Steady Mid-Value,4,Medium,-0.9030081412163525,0.3031758658411688
17050,2,Steady Mid-Value (A),2,High,1.5354980154071223,-0.26534278325910876
17051,3,Steady Mid-Value,1,Low,-0.09897829470707438,-1.024157155582612
17052,1,Loyal High-Value,3,High,0.2348921951107148,1.8104837971015693
17053,4,Seasonal Gift Shopper,4,Low,-1.2189147773926634,-1.1840474625338904
17054,2,Steady Mid-Value (A),2,High,1.617881672320452,-0.030101694916093248
17055,0,At-Risk / Lapsing (A),0,Medium,0.7528648095593629,-0.8286760581930368
17056,3,Steady Mid-Value,4,Medium,0.0741804339321812,-0.11763881583717106
17057,4,Seasonal Gift Shopper,6,Low,-3.428635338454539,-0.5917459217536232
17058,2,Steady Mid-Value (A),2,High,1.7654859991285083,-0.8509616770398748
17059,0,At-Risk / Lapsing (A),4,Low,-1.3947970966839418,-1.0242770110386028
17060,5,At-Risk / Lapsing,3,Low,-4.140181724134751,-0.6192666475158264
17061,4,Seasonal Gift Shopper,4,Low,-1.408979669912451,-0.600548781672114
17062,3,Steady Mid-Value,1,Medium,-0.12130786966132538,-0.608255306131643
17063,5,At-Risk / Lapsing,1,Low,-1.5483513749843156,0.4071672475335155
17064,3,Steady Mid-Value,4,Medium,0.2549362653835228,0.14754939290307073
17065,1,Loyal High-Value,5,High,2.900761986466194,1.8560950828686966
17066,3,Steady Mid-Value,1,Low,-0.7984660534000864,-0.07997613185332819
17067,3,Steady Mid-Value,1,Medium,0.28853020017328596,0.1053794480149779
17068,3,Steady Mid-Value,1,High,0.6026792715904477,0.7269095755351686
17069,0,At-Risk / Lapsing (A),4,Medium,-0.24145816270881976,-0.36322308754317073
17070,0,At-Risk / Lapsing (A),6,Low,-2.458178193436792,0.2666679052793665
17071,4,Seasonal Gift Shopper,6,Low,-2.387381691104646,1.9681316613309008
17072,2,Steady Mid-Value (A),0,High,2.2748658376736572,-0.6549484297552386
17073,2,Steady Mid-Value (A),4,High,1.6341472238018977,-0.8972531452509764
17074,4,Seasonal Gift Shopper,6,Low,-2.9942446182209093,0.7731325869724599
17075,5,At-Risk / Lapsing,0,Medium,0.35945622166633273,0.15080819378690558
17076,3,Steady Mid-Value,4,Medium,-0.40556770384693397,1.2197570709426653
17077,1,Loyal High-Value,3,High,-0.09815128322772892,3.052552163227861
17078,2,Steady Mid-Value (A),0,High,1.6668908793353039,-0.4336448443255276
17079,1,Loyal High-Value,5,High,1.1546964117407943,1.6072341550339209
17080,2,Steady Mid-Value (A),2,High,1.2958713124607044,-0.41062632934773285
17081,2,Steady Mid-Value (A),0,High,2.2505057789056373,-1.6130348390211706
17082,2,Steady Mid-Value (A),0,Medium,1.000350432087621,-0.9988383157741562
17083,4,Seasonal Gift Shopper,6,Low,-4.1172175665468504,-0.6537790875757374
17084,4,Seasonal Gift Shopper,4,Low,-1.6598988127662166,-0.7636977773602792
17085,5,At-Risk / Lapsing,3,Low,-2.5728460070796895,1.4672551769337274
17086,2,Steady Mid-Value (A),4,High,2.283397696899226,-0.2651877300195547
17087,2,Steady Mid-Value (A),2,Medium,0.835417466367315,-0.5363408770182179
17088,3,Steady Mid-Value,2,High,1.0086931240219272,0.041474832784382853
17089,3,Steady Mid-Value,4,Medium,-0.6398155858686193,1.7441948051504768
17090,4,Seasonal Gift Shopper,4,Low,-2.952417265316575,-1.489045852004216
17091,2,Steady Mid-Value (A),2,High,1.0749651849315638,-0.27709925157042115
17092,2,Steady Mid-Value (A),0,High,1.7177171912558706,-0.5032226023116672
17093,4,Seasonal Gift Shopper,6,Low,-2.5233633148485812,0.932440741310528
17094,0,At-Risk / Lapsing (A),4,Medium,0.4577487570177029,-1.0116817920164332
17095,4,Seasonal Gift Shopper,6,Low,-4.906480790642907,-1.6552760501416912
17096,3,Steady Mid-Value,4,Medium,-0.6316533750330852,0.7140703699369523
17097,3,Steady Mid-Value,1,Medium,0.4057107723671135,0.028683646560271475
17098,3,Steady Mid-Value,1,Medium,0.10208350030684946,0.009378331219571571
17099,3,Steady Mid-Value,4,Low,-0.7719984040189966,0.24133154495987894
17100,3,Steady Mid-Value,4,High,0.7574061456012824,-0.09322101541088242
17101,0,At-Risk / Lapsing (A),4,Low,-1.7907912188121187,-1.6482862977956736
17102,2,Steady Mid-Value (A),4,High,1.6902360474701252,-0.49355771341722304
17103,4,Seasonal Gift Shopper,6,Low,-2.260562037863724,0.9958356934439039
17104,3,Steady Mid-Value,2,Medium,-0.0160661514863319,-0.1211548463986959
17105,4,Seasonal Gift Shopper,6,Low,-4.615322383166931,-2.0472444053692342
17106,2,Steady Mid-Value (A),2,High,2.7314674849703766,-0.6410759301793421
17107,5,At-Risk / Lapsing,3,Low,-2.48778247702308,-0.812291614698747
17108,2,Steady Mid-Value (A),0,High,3.394468376815366,-1.829542384780192
17109,3,Steady Mid-Value,4,Low,-0.27226342572122325,-0.5137205288258211
17110,1,Loyal High-Value,5,High,2.310420963086099,2.571643717244344
17111,2,Steady Mid-Value (A),2,High,2.28748872120807,-0.9326666426704306
17112,3,Steady Mid-Value,4,Low,-0.7441992956452659,-1.045568546370327
17113,2,Steady Mid-Value (A),2,High,1.4670243956118738,-0.9142608546835405
17114,0,At-Risk / Lapsing (A),4,Medium,0.34489118474396313,-0.42084621743739736
17115,3,Steady Mid-Value,4,Low,-0.4424678491966695,-0.869861232435547
17116,3,Steady Mid-Value,0,Medium,0.7610003853377322,0.02762351083070011
17117,2,Steady Mid-Value (A),0,High,1.8203436415411165,-0.5031705667917005
17118,4,Seasonal Gift Shopper,4,Low,-1.7381685510058038,0.2810701492298718
17119,3,Steady Mid-Value,1,Low,-1.6716955131342361,0.4048110526207551
17120,0,At-Risk / Lapsing (A),1,Medium,-0.5621233241008057,-0.3868824600509205
17121,2,Steady Mid-Value (A),2,High,2.1083713527376076,-0.8408390730015984
17122,4,Seasonal Gift Shopper,6,Low,-4.310769328759004,-0.8558003463342287
17123,5,At-Risk / Lapsing,0,Medium,0.010189632779893154,0.20456611032498462
17124,2,Steady Mid-Value (A),0,Medium,0.7565154386631233,-0.533961070120803
17125,2,Steady Mid-Value (A),4,Medium,0.9864349610149462,-0.4604741273184091
17126,3,Steady Mid-Value,4,Medium,-0.7793934695001196,0.820252285784843
17127,3,Steady Mid-Value,1,Medium,0.35229666783678,0.7560260482310186
17128,4,Seasonal Gift Shopper,6,Low,-3.7215920364385875,-0.5226236346459181
17129,2,Steady Mid-Value (A),2,High,2.1110125085855973,-0.22762743752566184
17130,3,Steady Mid-Value,4,Medium,-0.1761213765513175,-0.5621361878866887
17131,3,Steady Mid-Value,4,Low,-0.31867875999582757,-0.41913183016756744
17132,0,At-Risk / Lapsing (A),1,Medium,-0.39386148402701104,0.18872483114331545
17133,3,Steady Mid-Value,2,Medium,0.20581641436617298,-0.4221107503393298
17134,3,Steady Mid-Value,4,Medium,-0.8710181152899553,1.603407436493478
17135,0,At-Risk / Lapsing (A),0,Medium,0.12269780409977332,-0.22445236847308456
17136,3,Steady Mid-Value,4,Medium,-0.4267634405904116,1.9706537028350437
17137,0,At-Risk / Lapsing (A),4,Medium,0.19333788420907946,-0.26708880123632045
17138,1,Loyal High-Value,4,High,1.035341645514579,2.4727479237028347
17139,0,At-Risk / Lapsing (A),4,Low,-1.7311528162594634,-0.029949787146420336
17140,4,Seasonal Gift Shopper,6,Low,-2.1578062935474063,1.4862622721634837
17141,3,Steady Mid-Value,4,Medium,-0.37952289487298957,0.6594258110929911
17142,1,Loyal High-Value,4,High,2.482425580709122,1.3990194480620055
17143,5,At-Risk / Lapsing,3,Medium,-0.3741881898303333,1.0255443166318312
17144,3,Steady Mid-Value,4,Medium,-0.00679308563538022,-0.3153411939793452
17145,2,Steady Mid-Value (A),2,High,2.7626447924169097,-1.40576238302797
17146,4,Seasonal Gift Shopper,6,Low,-2.712302871990482,1.0224878345229764
17147,2,Steady Mid-Value (A),0,Medium,0.8775379231688778,-0.294085069987357
17148,2,Steady Mid-Value (A),0,High,2.2683856463472867,0.35750237602438123
17149,2,Steady Mid-Value (A),2,Medium,1.5820632711802123,-0.9269435853666113
17150,0,At-Risk / Lapsing (A),4,Low,-1.6462067110955332,-0.5798601690456271
17151,2,Steady Mid-Value (A),0,High,3.115243917110868,-0.977058712493902
17152,3,Steady Mid-Value,4,Low,-1.4692974860925299,0.6966190122935632
17153,2,Steady Mid-Value (A),0,High,2.3361936723785464,-1.128964927723242
17154,3,Steady Mid-Value,0,Medium,0.45067243306392635,0.5604793993041959
17155,3,Steady Mid-Value,1,Medium,-0.021607268708249507,0.34686341995708597
17156,3,Steady Mid-Value,0,High,0.9658063564743864,0.3030455332298722
17157,3,Steady Mid-Value,1,Medium,-0.40779562465658475,-0.11669666811868738
17158,4,Seasonal Gift Shopper,6,Low,-4.007497745210189,-0.35715105856948287
17159,2,Steady Mid-Value (A),4,High,1.9107527902924084,-0.8509148978482729
17160,3,Steady Mid-Value,4,Medium,-0.12070978542917579,-0.32995273108323253
17161,3,Steady Mid-Value,4,Medium,0.18598244008830872,-0.2771228463078557
17162,5,At-Risk / Lapsing,0,Low,-0.5657769208323685,-0.0513714545911853
17163,2,Steady Mid-Value (A),2,Medium,1.147596900032364,-0.694503471259775
17164,3,Steady Mid-Value,1,Low,-0.7104318991780454,0.21738690581984577
17165,2,Steady Mid-Value (A),0,High,1.8619491953164888,-0.9387311488234218
17166,1,Loyal High-Value,4,High,2.6143099923973825,1.796362418177084
17167,1,Loyal High-Value,1,High,1.6072147579274367,1.1083756392286042
17168,2,Steady Mid-Value (A),0,High,1.5309644388215455,0.002056125027614622
17169,3,Steady Mid-Value,0,High,1.0513510995788908,0.6887106723687058
17170,3,Steady Mid-Value,4,Low,-0.8197778177625901,0.3555616454464726
17171,0,At-Risk / Lapsing (A),1,Low,-1.5527621503351159,0.09558051851148043
17172,3,Steady Mid-Value,0,High,0.8531896687896953,0.3146738271392675
17173,3,Steady Mid-Value,4,Low,-0.7518710169299346,-0.21926713494546934
17174,1,Loyal High-Value,4,High,1.750026758620902,2.023252372614776
17175,3,Steady Mid-Value,1,Low,-1.2119382736924824,0.7635867709128463
17176,1,Loyal High-Value,5,High,2.302075247443228,1.1198219808932899
17177,4,Seasonal Gift Shopper,4,Low,-2.1290797416826748,-0.12206999483415318
17178,2,Steady Mid-Value (A),0,High,1.9136964383244117,0.060304369951292305
17179,1,Loyal High-Value,4,High,1.2358281560580202,1.1368085105693713
17180,0,At-Risk / Lapsing (A),0,Low,-1.0099012500338185,0.16187183133175684
17181,3,Steady Mid-Value,4,Medium,-0.1614617535746104,-0.49448612826168586
17182,3,Steady Mid-Value,2,Medium,0.48465421698028105,0.17386959891281575
17183,2,Steady Mid-Value (A),0,Medium,1.4758237609486786,-0.7648071973904588
17184,3,Steady Mid-Value,2,High,0.6933108747122233,0.4203395533731592
17185,3,Steady Mid-Value,4,Medium,-0.005367949612828154,-0.847917439855782
17186,2,Steady Mid-Value (A),0,Medium,1.0925956871482831,-1.022293967999127
17187,2,Steady Mid-Value (A),0,High,1.4804721914842303,0.11825482010216148
17188,4,Seasonal Gift Shopper,6,Low,-2.0905308623314727,1.2670875978879075
17189,0,At-Risk / Lapsing (A),6,Low,-3.1500029770030618,-1.0615822252591192
17190,2,Steady Mid-Value (A),2,High,1.1144493072156698,-0.15449372265151712
17191,2,Steady Mid-Value (A),0,Medium,1.5577935095406088,-1.126021532380345
17192,3,Steady Mid-Value,4,Medium,-0.27849042305267524,0.6786777293766569
17193,2,Steady Mid-Value (A),2,High,1.799287345769533,0.07914534489382838
17194,3,Steady Mid-Value,4,Medium,-0.4542663084780849,0.4679187966619149
17195,4,Seasonal Gift Shopper,1,Low,-1.7549014059773704,0.09934778333492747
17196,1,Loyal High-Value,5,High,2.4353697011792708,1.5261750803271399
17197,3,Steady Mid-Value,4,Low,-0.250313886092589,-0.5600848785513782
17198,3,Steady Mid-Value,1,Medium,-0.301842622077421,1.425599236780581
17199,2,Steady Mid-Value (A),0,Medium,0.8129484949595221,-0.8206300930458531
17200,3,Steady Mid-Value,4,Low,-0.9770161986715998,-0.06613110243692596
17201,3,Steady Mid-Value,1,Medium,0.44683622975906123,0.5404409360576427
17202,4,Seasonal Gift Shopper,6,Low,-4.040638217154484,-0.35491629284105236
17203,4,Seasonal Gift Shopper,3,Low,-2.4222207876607156,1.295584762724694
17204,1,Loyal High-Value,4,High,2.0376046732732407,1.8405628112140002
17205,0,At-Risk / Lapsing (A),4,Medium,-0.8319483995873622,0.8506265443571271
17206,3,Steady Mid-Value,4,Medium,0.21226402543196382,-0.34455795467184436
17207,3,Steady Mid-Value,4,Medium,0.021520688229678408,-0.6306858139255872
17208,2,Steady Mid-Value (A),2,High,1.7227862138430254,-0.4212155218532836
17209,2,Steady Mid-Value (A),4,Medium,0.9751822015672336,-0.5581021996289901
17210,4,Seasonal Gift Shopper,6,Medium,-2.026349868938511,2.3371401045823883
17211,1,Loyal High-Value,5,High,3.7760058320850023,0.7772174697419231
17212,3,Steady Mid-Value,4,Medium,0.022469334450534763,0.5657371851583688
17213,3,Steady Mid-Value,4,Low,-0.34748501646589197,-0.8154540295477102
17214,1,Loyal High-Value,5,High,1.387240278267056,2.0341628432665546
17215,2,Steady Mid-Value (A),2,Medium,0.935987412708179,-0.2455105287733815
17216,0,At-Risk / Lapsing (A),6,Low,-2.8110541941462266,0.05114971676434488
17217,5,At-Risk / Lapsing,1,Low,-2.3159868766318357,-0.49888573418250837
17218,3,Steady Mid-Value,1,Medium,-0.7363617950380817,1.878207646103154
17219,1,Loyal High-Value,5,High,1.1634359669796122,2.5689695228498457
17220,3,Steady Mid-Value,1,High,0.5279791260671991,0.6895037641982658
17221,3,Steady Mid-Value,4,Low,-0.6628570923995736,0.36785301890580907
17222,4,Seasonal Gift Shopper,6,Low,-4.5628549741647815,-1.7075067265425388
17223,3,Steady Mid-Value,4,Low,-0.48878781242927716,-1.7284797525227353
17224,2,Steady Mid-Value (A),0,High,0.9154516936513175,-0.3748235534774124
17225,3,Steady Mid-Value,4,Medium,-0.11550044124709366,0.2967989822745425
17226,2,Steady Mid-Value (A),4,High,2.0220583971508397,-0.8794886644697936
17227,1,Loyal High-Value,4,High,3.618624917810029,1.086291320887308
17228,2,Steady Mid-Value (A),2,High,1.6037801772722173,-1.0199882253757837
17229,4,Seasonal Gift Shopper,6,Low,-4.03149698786096,-0.2245074436707744
17230,0,At-Risk / Lapsing (A),4,Low,-2.6291896995772084,-2.747257782154628
17231,5,At-Risk / Lapsing,3,Low,-3.684597997880686,0.5235632438242621
17232,3,Steady Mid-Value,1,Medium,-0.9073811843641987,1.6314180811786592
17233,2,Steady Mid-Value (A),0,High,3.1391350628825827,-0.7772773804114532
17234,2,Steady Mid-Value (A),2,High,1.2285304997939723,-0.2651770670081196
17235,3,Steady Mid-Value,2,Medium,0.088051662705623,0.27835527754072226
17236,4,Seasonal Gift Shopper,6,Low,-2.7180668098249647,1.6100356889811887
17237,4,Seasonal Gift Shopper,4,Low,-1.7046237959837618,-0.28769210384227467
17238,2,Steady Mid-Value (A),0,Medium,0.6063944895294634,-0.8191417101538172
17239,3,Steady Mid-Value,0,Medium,0.06274249427631898,1.0841446697760775
17240,0,At-Risk / Lapsing (A),4,Medium,0.6163065834417183,-0.6826092231005185
17241,2,Steady Mid-Value (A),0,High,1.0249859078788273,-0.544737662170196
17242,3,Steady Mid-Value,1,Low,-1.0478293736277406,-0.09016522122023736
17243,3,Steady Mid-Value,4,Low,-1.443988495512453,1.1372103488290306
17244,5,At-Risk / Lapsing,3,Low,-1.1224571910900267,1.0824362527434648
17245,2,Steady Mid-Value (A),2,High,1.1328869249304978,-0.8955080305398483
17246,2,Steady Mid-Value (A),2,High,1.7827207430079692,0.10568663976285363
17247,3,Steady Mid-Value,4,Low,-1.2229153993465416,1.03215288784625
17248,2,Steady Mid-Value (A),0,Medium,0.5969274223992356,-0.3116221381005537
17249,4,Seasonal Gift Shopper,4,Low,-1.8705889869485977,-1.2493121977703565
17250,2,Steady Mid-Value (A),0,High,1.2579620748365312,-1.071498424855093
17251,5,At-Risk / Lapsing,3,Low,-3.740067304182826,-1.3314895198655057
17252,3,Steady Mid-Value,1,Medium,-0.32888589307980937,0.4202349170760474
17253,0,At-Risk / Lapsing (A),1,Medium,-0.22625833220445224,-0.9530646267574175
17254,3,Steady Mid-Value,4,Medium,0.3378853174382484,0.22121258823123138
17255,2,Steady Mid-Value (A),2,High,2.864807270027449,-0.8541693102141095
17256,2,Steady Mid-Value (A),2,High,1.4947277801789798,0.029111475616287047
17257,3,Steady Mid-Value,4,Medium,-0.49664631446181356,-0.05931311806697916
17258,4,Seasonal Gift Shopper,3,Low,-2.127388779962958,0.30107642464026213
17259,3,Steady Mid-Value,4,Medium,0.5613732740217074,-0.5510516137693305
17260,1,Loyal High-Value,6,High,-1.3076084257337892,3.235303297849319
17261,2,Steady Mid-Value (A),4,High,1.6405210315236904,-0.3027082427182633
17262,3,Steady Mid-Value,1,High,0.4195636598131384,1.0916428518996903
17263,2,Steady Mid-Value (A),0,High,2.0210038220008815,-1.561341001720674
17264,2,Steady Mid-Value (A),2,Medium,1.1014753476315862,-0.3989061348367505
17265,5,At-Risk / Lapsing,3,Low,-0.6962770883090832,-0.6661234417034412
17266,4,Seasonal Gift Shopper,6,Low,-3.1878685927180284,0.7718850759679196
17267,3,Steady Mid-Value,2,Medium,0.451693962028564,-0.324449781834733
17268,3,Steady Mid-Value,2,High,0.971294307520492,0.4226392250874938
17269,0,At-Risk / Lapsing (A),0,Medium,-0.21856216892863065,-0.767103085736431
17270,4,Seasonal Gift Shopper,4,Low,-3.431440519091584,-2.4064295215385627
17271,3,Steady Mid-Value,2,Medium,0.6762116561550516,-0.16513530687128225
17272,1,Loyal High-Value,5,High,2.630797784456381,2.1194625839439563
17273,2,Steady Mid-Value (A),2,High,1.5267527274286379,-0.5206114889511448
17274,0,At-Risk / Lapsing (A),4,Low,-0.6475416410671133,-1.081109676268342
17275,5,At-Risk / Lapsing,3,Low,-2.3347503068793403,-1.2136622385126257
17276,2,Steady Mid-Value (A),0,High,2.306926430519715,-1.040667373516056
17277,3,Steady Mid-Value,4,Low,-1.4869721556055608,-1.2887986790251162
17278,4,Seasonal Gift Shopper,6,Low,-3.9785187157571236,-0.37154200615860866
17279,4,Seasonal Gift Shopper,6,Low,-3.3781306705490266,-0.7304676865611834
17280,2,Steady Mid-Value (A),2,High,2.268022059193085,-0.29906567400402356
17281,1,Loyal High-Value,5,High,4.512318940428901,1.0452821479732226
17282,2,Steady Mid-Value (A),0,High,1.8020265341135009,-1.0031247961659489
17283,2,Steady Mid-Value (A),2,High,1.7761369626209473,-1.1685495535484773
17284,2,Steady Mid-Value (A),4,High,0.9675370617537667,-1.0470599969076473
17285,4,Seasonal Gift Shopper,1,Low,-2.01818853768039,-0.5090893764363558
17286,4,Seasonal Gift Shopper,4,Low,-2.9973081015208525,-2.68947693036838
17287,3,Steady Mid-Value,1,Medium,0.23314004277586342,0.4348946679120411
17288,5,At-Risk / Lapsing,3,Low,-1.394124928245048,0.3274318253211356
17289,1,Loyal High-Value,3,High,0.8255465342296641,3.97771591076146
17290,3,Steady Mid-Value,4,Medium,0.7145056455848772,-0.12231105741386147
17291,2,Steady Mid-Value (A),2,Medium,1.1118992520648954,-0.728773667546636
17292,2,Steady Mid-Value (A),0,High,2.68884837276764,-0.3544298328583747
17293,2,Steady Mid-Value (A),0,High,2.1460831086205876,-0.9497793778363097
17294,5,At-Risk / Lapsing,3,Medium,-0.7907770743951162,1.7141337615205214
17295,5,At-Risk / Lapsing,3,Low,-1.865967677609191,2.785186415553434
17296,4,Seasonal Gift Shopper,4,Low,-1.3011124292145093,-0.5864869006317504
17297,2,Steady Mid-Value (A),2,High,2.8544771611500566,-1.0878375371397437
17298,0,At-Risk / Lapsing (A),4,Low,-1.6996314779182817,-1.5500841878766676
17299,2,Steady Mid-Value (A),4,High,1.5262038913509128,-0.5915425261416587
17300,0,At-Risk / Lapsing (A),0,Low,-0.49404038353392576,-0.20072371322342214
17301,3,Steady Mid-Value,1,Low,-1.1353082088176476,0.34539147477135906
17302,3,Steady Mid-Value,1,Medium,0.08334747608465495,0.11074768054962865
17303,3,Steady Mid-Value,4,Low,-0.9422455369188347,0.19460260724886214
17304,2,Steady Mid-Value (A),0,High,3.8173611626728134,-1.1514452586248953
17305,3,Steady Mid-Value,1,Low,-0.5340908108448529,0.29973022359239254
17306,3,Steady Mid-Value,2,Medium,0.6650301388553475,-0.03185640537220905
17307,3,Steady Mid-Value,2,Medium,0.3495255835453205,0.025999322917864713
17308,3,Steady Mid-Value,1,Medium,0.279751628045372,0.53271883765348
17309,2,Steady Mid-Value (A),0,High,2.007167813165389,-0.04543224180921792
17310,2,Steady Mid-Value (A),0,Medium,1.0034920994640923,-1.1182391409736476
17311,3,Steady Mid-Value,4,Medium,0.3426305450558396,0.041934908979010074
17312,0,At-Risk / Lapsing (A),3,Low,-2.623195457408239,0.30718773933674615
17313,0,At-Risk / Lapsing (A),6,Low,-2.8720689066471636,-0.44881975303372845
17314,0,At-Risk / Lapsing (A),0,Medium,-0.24800923759655163,0.238056798241644
17315,0,At-Risk / Lapsing (A),3,Low,-2.835681432048778,-0.027136632081618487
17316,2,Steady Mid-Value (A),4,Medium,1.4877314847428789,-2.430442579707357
17317,3,Steady Mid-Value,4,Medium,-0.3824907057897247,0.8730022982150103
17318,3,Steady Mid-Value,4,Medium,-0.46703202504950203,0.057841115882107316
17319,3,Steady Mid-Value,4,Medium,-0.44195716638666754,-0.6239858460455927
17320,2,Steady Mid-Value (A),2,Medium,1.0399445918038615,-0.6390832561832985
17321,3,Steady Mid-Value,0,Medium,0.45525240357486896,-0.33230625009759035
17322,2,Steady Mid-Value (A),0,Medium,1.1237137706074187,-0.3903514907085324
17323,1,Loyal High-Value,5,High,1.321356598940531,2.9343091692322747
17324,5,At-Risk / Lapsing,0,Medium,0.11556176806323745,-0.31739957000320695
17325,3,Steady Mid-Value,1,Low,-0.7971255397343749,-0.27518052413569377
17326,3,Steady Mid-Value,4,Medium,-1.0196352473288375,1.5063907890036057
17327,2,Steady Mid-Value (A),0,High,2.2062099334762393,-0.2566063500482149
17328,3,Steady Mid-Value,4,Medium,-0.788629144950947,0.4426756357831657
17329,3,Steady Mid-Value,1,Low,-0.1236787036340216,-1.1671171642721148
17330,3,Steady Mid-Value,4,Medium,0.5121063830357392,0.12801949667663853
17331,3,Steady Mid-Value,4,High,1.1122567630243851,0.5680086580475854
17332,2,Steady Mid-Value (A),2,High,2.2341512430733936,-0.21240758133801513
17333,2,Steady Mid-Value (A),0,High,1.7118604230242818,-0.40832160720603017
17334,3,Steady Mid-Value,4,Medium,0.27856880832253156,0.5106280772348758
17335,3,Steady Mid-Value,4,Low,-0.7632133750832534,-0.5825282488405145
17336,0,At-Risk / Lapsing (A),3,Low,-1.1409037177777515,-1.0245664617483188
17337,3,Steady Mid-Value,1,Medium,0.08780672101919351,-0.3816778262789103
17338,2,Steady Mid-Value (A),1,Medium,0.7427824764439246,-0.6326325853024757
17339,3,Steady Mid-Value,4,Low,-1.1557926878949845,-0.1503803974458508
17340,2,Steady Mid-Value (A),4,Medium,0.9730985686332083,-1.1329935349598355
17341,1,Loyal High-Value,4,High,1.6502835906150277,2.441921294693397
17342,4,Seasonal Gift Shopper,6,Low,-4.36883728580001,-1.749429870648388
17343,3,Steady Mid-Value,2,Medium,0.4582288561790027,0.13366184986190646
17344,0,At-Risk / Lapsing (A),3,Low,-3.3885995662585864,0.05776799907194981
17345,2,Steady Mid-Value (A),4,High,4.061705785399838,0.2744398157922035
17346,2,Steady Mid-Value (A),0,High,2.2733684828599485,-0.7728424186996399
17347,2,Steady Mid-Value (A),2,High,2.591664048863954,-1.1454972918678863
17348,2,Steady Mid-Value (A),2,High,1.8430543349409831,-1.1486494781579217
17349,3,Steady Mid-Value,1,Medium,0.1864638929777033,0.9948200078109313
17350,3,Steady Mid-Value,4,Low,-0.8807732302052004,-0.1322204822746011
17351,2,Steady Mid-Value (A),2,High,1.249513832493292,-1.0067172662195614
17352,0,At-Risk / Lapsing (A),0,Medium,0.9718257986893059,-0.34432049331354736
17353,3,Steady Mid-Value,0,Medium,0.8801119457531554,0.11629885238367245
17354,3,Steady Mid-Value,2,High,0.8524835989047109,-0.04008580053799371
17355,2,Steady Mid-Value (A),4,High,1.9222319552155183,-1.5651070377578309
17356,2,Steady Mid-Value (A),2,High,1.6887496747581092,-0.20344452928613588
17357,3,Steady Mid-Value,4,Low,-0.9214634222266457,0.24316109632531585
17358,1,Loyal High-Value,5,High,2.050285850863253,3.2235268147340044
17359,2,Steady Mid-Value (A),2,High,2.9050705230603957,-1.0345381861535268
17360,0,At-Risk / Lapsing (A),1,Low,-0.1164376667429657,-1.6544106074597134
17361,0,At-Risk / Lapsing (A),4,Low,-1.0643596045660784,-0.9964685002598488
17362,4,Seasonal Gift Shopper,6,Low,-2.5830547185075803,1.8373168087819183
17363,1,Loyal High-Value,4,High,0.7964190194651055,2.1167286097412727
17364,1,Loyal High-Value,5,High,3.420786305629178,0.5487621612805981
17365,3,Steady Mid-Value,1,Medium,-0.8555242041124753,1.6714913584703692
17366,3,Steady Mid-Value,1,Low,-0.3601665262943667,0.22518284080314638
17367,4,Seasonal Gift Shopper,3,Low,-2.385741138965492,2.3902855958660347
17368,2,Steady Mid-Value (A),2,High,1.261912536857912,-0.7538293341365718
17369,4,Seasonal Gift Shopper,6,Low,-3.54133770877409,-0.20297779319520365
17370,3,Steady Mid-Value,1,Medium,0.0699206915160005,1.0026534713051765
17371,3,Steady Mid-Value,4,Medium,-0.4080325958614805,0.7942787387131975
17372,0,At-Risk / Lapsing (A),4,Low,-1.7177666381727594,0.08643001722627817
17373,2,Steady Mid-Value (A),4,High,1.4566811075721977,-0.5304282153364708
17374,3,Steady Mid-Value,1,Medium,-0.01958484405532861,0.6287798009383335
17375,5,At-Risk / Lapsing,0,Medium,-0.100792571705927,-0.014960969597454733
17376,3,Steady Mid-Value,4,Low,-1.1633647485713339,0.7341024786605981
17377,4,Seasonal Gift Shopper,4,Low,-1.8588120988515593,0.09568112155960834
17378,2,Steady Mid-Value (A),0,Medium,0.7992121839181469,-1.1570651948988884
17379,3,Steady Mid-Value,0,Medium,0.31763693834099843,-0.5013797235045131
17380,3,Steady Mid-Value,4,Low,-0.8071121012469422,-0.10670234638910144
17381,3,Steady Mid-Value,4,Low,-0.14203491666313672,-0.8899686545102585
17382,2,Steady Mid-Value (A),0,High,1.718716134991896,-0.7138994835029373
17383,0,At-Risk / Lapsing (A),4,Low,-1.1372404926550768,-0.20695642518258145
17384,4,Seasonal Gift Shopper,4,Low,-1.6937442120336013,0.16179020565317861
17385,0,At-Risk / Lapsing (A),4,Low,-1.3932289657369927,0.8109002770941768
17386,3,Steady Mid-Value,1,Low,-1.251545805624709,0.4953319905162018
17387,3,Steady Mid-Value,4,Medium,0.4029142249839371,0.09608253491969047
17388,2,Steady Mid-Value (A),0,Medium,1.0700463597509489,-1.7441287880728666
17389,2,Steady Mid-Value (A),2,High,1.1646222318550625,-0.32189534331191877
17390,2,Steady Mid-Value (A),2,High,1.3977321184354816,-0.5710357695982262
17391,1,Loyal High-Value,5,High,1.6402945295276012,1.9475080019080548
17392,0,At-Risk / Lapsing (A),0,Medium,-0.006701534232616569,-0.5552878530413848
17393,3,Steady Mid-Value,4,Low,-0.39331934326291107,-0.15736784344509674
17394,2,Steady Mid-Value (A),2,Medium,0.7405684749860609,-0.7631917861469637
17395,4,Seasonal Gift Shopper,6,Low,-2.3195311377249976,1.155227921314131
17396,2,Steady Mid-Value (A),0,High,1.2804673172824448,-0.33143629442280853
17397,1,Loyal High-Value,5,High,1.7894405248394842,1.9790523408395808
17398,3,Steady Mid-Value,4,High,0.9196372800695699,0.5828445848604336
17399,2,Steady Mid-Value (A),2,Medium,1.062522138348158,-0.3721604295931507
17400,2,Steady Mid-Value (A),2,High,3.8424076017099824,-1.1464914827505013
17401,3,Steady Mid-Value,1,Medium,0.018137435545242997,-0.5314766360332958
17402,1,Loyal High-Value,4,High,1.0849468934761297,1.2917157744888248
17403,2,Steady Mid-Value (A),0,High,0.8201036159531887,0.043128483619871906
17404,1,Loyal High-Value,5,High,3.3622846229440384,0.9600987422224635
17405,3,Steady Mid-Value,1,Medium,-0.4084826184084477,0.599524941448453
17406,2,Steady Mid-Value (A),2,High,2.317932473347865,-0.5117330784397403
17407,3,Steady Mid-Value,4,Medium,-0.8010273692415721,0.342494103348147
17408,2,Steady Mid-Value (A),2,High,2.8252200909435308,-0.680597857458038
17409,2,Steady Mid-Value (A),4,High,2.438464025982617,-0.5782402326268262
17410,2,Steady Mid-Value (A),0,Medium,1.7888378105582938,-1.144864368807347
17411,2,Steady Mid-Value (A),2,Medium,1.3383061674032037,-1.0434847155476148
17412,3,Steady Mid-Value,4,Medium,-0.20128577562066388,0.22884811678548542
17413,3,Steady Mid-Value,4,Medium,0.3560771288644748,0.5873494337559161
17414,4,Seasonal Gift Shopper,6,Low,-2.2525330123207636,2.137065378482848
17415,3,Steady Mid-Value,1,High,-0.34464212382217896,1.4401401311156008
17416,3,Steady Mid-Value,4,Low,-1.2007426828752408,-0.385000342829872
17417,5,At-Risk / Lapsing,3,Medium,-0.12014372150226295,0.3204821235435488
17418,2,Steady Mid-Value (A),0,Medium,1.2139685775455544,-0.3607088660308693
17419,3,Steady Mid-Value,2,Medium,0.12336898844377148,-0.2335135467383895
17420,3,Steady Mid-Value,1,Medium,-0.049021597891067525,0.19723603357260205
17421,4,Seasonal Gift Shopper,4,Low,-2.097088959956445,-0.37209810641423136
17422,1,Loyal High-Value,5,High,2.9284442293459425,1.3105196073228125
17423,1,Loyal High-Value,4,High,1.061097626444763,1.8108269872449967
17424,0,At-Risk / Lapsing (A),0,Medium,0.1998932836549704,-0.04412502504838319
17425,1,Loyal High-Value,6,High,-1.193962651905645,4.070022007086795
17426,3,Steady Mid-Value,1,Medium,-0.9797717976640645,0.9864803603148423
17427,3,Steady Mid-Value,2,High,0.7426370242518698,0.5765930758813839
17428,3,Steady Mid-Value,4,Low,-0.9054836092331825,-0.7410867423197227
17429,2,Steady Mid-Value (A),2,High,2.514965855254012,-1.1465565479206117
17430,0,At-Risk / Lapsing (A),4,Low,-1.1054606508041405,0.771536937927721
17431,0,At-Risk / Lapsing (A),0,Medium,-0.25772920511106245,0.09172512250574498
17432,2,Steady Mid-Value (A),2,High,1.8330084922589776,-0.9118058833395852
17433,2,Steady Mid-Value (A),4,Medium,0.9086138853975972,-0.7226979014497033
17434,2,Steady Mid-Value (A),2,High,2.617407830568144,-0.4484395745982959
17435,4,Seasonal Gift Shopper,6,Low,-4.858310983042388,-1.9507217507723351
17436,3,Steady Mid-Value,0,High,0.8940843421724777,0.2570176149271468
17437,3,Steady Mid-Value,4,Medium,0.36777397568027104,-0.6289607512327753
17438,3,Steady Mid-Value,0,Medium,-0.10580974865264549,0.303290106076661
17439,3,Steady Mid-Value,1,High,-0.021042548843914956,0.7360925109069849
17440,4,Seasonal Gift Shopper,1,Low,-1.7560451625773288,-0.08455187927114671
17441,2,Steady Mid-Value (A),2,High,2.5723301137875607,-0.8315717709527022
17442,0,At-Risk / Lapsing (A),3,Medium,-0.17874180687025087,0.9268941860372293
17443,3,Steady Mid-Value,1,Medium,-0.1914964589238341,0.6836234680423636
17444,2,Steady Mid-Value (A),2,High,2.145435638689183,-1.0145101060374504
17445,5,At-Risk / Lapsing,3,Low,-3.0414522489107574,0.741287291255559
17446,0,At-Risk / Lapsing (A),1,Low,-1.6455370070126194,0.12292788297484752
17447,1,Loyal High-Value,5,High,2.4718414303255254,2.0919250640716855
17448,0,At-Risk / Lapsing (A),4,Low,-2.400458001225021,-1.4482557081485512
17449,3,Steady Mid-Value,4,Low,-1.40554034341135,0.8133329244793649
17450,2,Steady Mid-Value (A),0,High,0.8201638921296929,-0.025050401681649088
17451,2,Steady Mid-Value (A),4,High,1.901599844418742,-0.3501204047427479
17452,2,Steady Mid-Value (A),4,Medium,1.309082692506689,-0.9643894110545738
17453,1,Loyal High-Value,5,High,3.3270019500253,1.7049749021759013
17454,2,Steady Mid-Value (A),0,High,1.770603424130865,-1.9685807841992313
17455,3,Steady Mid-Value,1,Medium,-0.6197544392050339,0.4623548486192034
17456,3,Steady Mid-Value,4,Medium,0.2501872385352249,-0.823151781510926
17457,3,Steady Mid-Value,1,Medium,-0.030151004016985526,0.12519599258597408
17458,4,Seasonal Gift Shopper,6,Low,-2.551087118095008,1.752231941719204
17459,2,Steady Mid-Value (A),0,High,2.805673720911684,-1.8917142606766941
17460,2,Steady Mid-Value (A),2,Medium,1.4705983841249257,-0.7899553893980847
17461,5,At-Risk / Lapsing,3,Low,-0.7662536182291585,-0.42558812536978646
17462,3,Steady Mid-Value,0,Medium,0.29058664031941644,0.29159261274996723
17463,2,Steady Mid-Value (A),0,Medium,1.725802060702117,-1.1537568598055827
17464,4,Seasonal Gift Shopper,4,Low,-1.7807214043483488,0.3001374094821185
17465,2,Steady Mid-Value (A),4,High,2.182661474609454,-0.44828532215254974
17466,2,Steady Mid-Value (A),2,High,1.8065595613054277,-0.021543470615435174
17467,2,Steady Mid-Value (A),2,High,1.913099699508202,-0.5967402766004326
17468,3,Steady Mid-Value,1,Medium,-0.21170745034921382,0.7573315659668564
17469,2,Steady Mid-Value (A),2,Medium,1.3814911853389973,-0.9666206915843873
17470,1,Loyal High-Value,5,High,1.6716855086546398,1.2361714575474172
17471,3,Steady Mid-Value,4,Low,-0.5039069242207628,-0.6908898846546587
17472,3,Steady Mid-Value,0,Medium,0.064198900986733,0.4352966101683209
17473,3,Steady Mid-Value,4,Low,-1.0872308265490318,-0.32568204737217105
17474,2,Steady Mid-Value (A),0,High,0.9799592806407488,-0.4447646395744197
17475,1,Loyal High-Value,5,High,1.367921442141178,2.7363275111704475
17476,3,Steady Mid-Value,1,Low,0.27378327790194573,-1.3212926635103188
17477,5,At-Risk / Lapsing,0,Medium,0.4777500042722182,-0.40738808944394145
17478,2,Steady Mid-Value (A),0,Medium,0.9320596247760539,-0.7726670925817223
17479,3,Steady Mid-Value,1,Medium,-0.11238228600074991,0.45639765922692643
17480,3,Steady Mid-Value,4,Low,-1.1943459736747573,1.0019373606881934
17481,3,Steady Mid-Value,1,Low,-1.1710756579942307,-0.2529133076786963
17482,3,Steady Mid-Value,1,Medium,0.15353193077272856,0.9762962494009549
17483,1,Loyal High-Value,5,High,3.884645624739192,1.238801653694177
17484,2,Steady Mid-Value (A),2,High,1.5990706553277154,-0.5164636801323611
17485,3,Steady Mid-Value,4,Medium,-0.8621919426347965,0.7164325137266169
17486,3,Steady Mid-Value,4,Low,-1.4145103297375976,-0.20362839532132979
17487,2,Steady Mid-Value (A),2,High,3.3198338307071418,-0.9297072999182311
17488,0,At-Risk / Lapsing (A),4,Low,-0.5808780027079526,-0.6956167285473663
17489,3,Steady Mid-Value,0,Medium,0.7097110681628814,0.2920697502197779
17490,2,Steady Mid-Value (A),0,High,1.8723331224532496,-0.9906969435749744
17491,0,At-Risk / Lapsing (A),4,Low,-1.4231967608198295,0.19206342700944032
17492,3,Steady Mid-Value,4,Medium,-0.07141091923712731,-0.13718908852444844
17493,3,Steady Mid-Value,4,Medium,0.3106225866426749,-0.43546801154617615
17494,3,Steady Mid-Value,4,Low,-1.3663218124829428,-0.36656292131493634
17495,4,Seasonal Gift Shopper,6,Low,-3.5488369183298887,-0.7206289773035512
17496,2,Steady Mid-Value (A),4,Low,0.5345391032379665,-1.7792083159016205
17497,3,Steady Mid-Value,1,Low,-0.3661343010696504,-0.8125033392110593
17498,4,Seasonal Gift Shopper,4,Low,-1.621623778630712,-0.07967694810505233
17499,3,Steady Mid-Value,1,Low,-0.495535985171495,-0.7742456566699738
17500,5,At-Risk / Lapsing,3,Low,-0.8873431435184254,0.20648436810399284
17501,2,Steady Mid-Value (A),2,High,1.6503669449692948,-0.16421051060181194
17502,3,Steady Mid-Value,1,Medium,0.04735731554164072,0.48622888768632866
17503,3,Steady Mid-Value,1,Medium,0.4195380793082384,-0.05798383404030692
17504,5,At-Risk / Lapsing,3,Low,-2.6437826523878027,1.9212272507035353
17505,3,Steady Mid-Value,0,Medium,0.537824258453046,-0.05532526072879507
17506,3,Steady Mid-Value,4,Medium,0.05408927820157031,-0.5010512538529626
17507,3,Steady Mid-Value,1,Medium,-0.6716448950612354,0.5837505764579167
17508,4,Seasonal Gift Shopper,6,Low,-3.740371792608774,0.26327700129319115
17509,0,At-Risk / Lapsing (A),1,Medium,-0.41963897500976766,0.42946224018988616
17510,2,Steady Mid-Value (A),2,High,1.2627631729301398,-0.6285679447632114
17511,3,Steady Mid-Value,4,Medium,-1.14493724431331,0.9354255095523941
17512,3,Steady Mid-Value,4,Low,-1.2639835576226464,-0.0824612262634892
17513,2,Steady Mid-Value (A),2,Medium,1.2126763506786218,-0.597684869541161
17514,2,Steady Mid-Value (A),2,High,1.8512754901896635,0.0361014817405943
17515,3,Steady Mid-Value,1,Medium,-0.6463834617960332,0.42933029996873934
17516,3,Steady Mid-Value,4,Medium,0.7335995488503756,-0.24239471825621411
17517,2,Steady Mid-Value (A),0,High,1.2944979080842467,-0.9575135758171023
17518,3,Steady Mid-Value,4,Medium,-0.34703381753868623,-0.4191135637311319
17519,4,Seasonal Gift Shopper,6,Low,-3.991475884749784,-1.262500639498841
17520,4,Seasonal Gift Shopper,4,Low,-2.468106781319917,-1.2812206032306441
17521,2,Steady Mid-Value (A),4,High,1.8565354316013534,-1.7080366932992121
17522,2,Steady Mid-Value (A),0,Medium,1.306347714962439,-1.0425177897259672
17523,2,Steady Mid-Value (A),1,Medium,0.9763269368250211,-0.4891514906208507
17524,0,At-Risk / Lapsing (A),1,Low,-0.7972930196536282,-0.0954638183626771
17525,0,At-Risk / Lapsing (A),4,Low,-0.4071967180735475,-0.5839536685394183
17526,2,Steady Mid-Value (A),4,Medium,0.6782104960469129,-1.224216704833583
17527,2,Steady Mid-Value (A),2,Medium,1.1303761898320535,-0.1285719368070935
17528,3,Steady Mid-Value,1,High,0.6536739535168421,0.8854564671004562
17529,2,Steady Mid-Value (A),2,High,3.048635510960389,-1.7257560263750338
17530,5,At-Risk / Lapsing,3,Low,-2.1900747072839706,1.720195987714355
17531,3,Steady Mid-Value,4,Medium,0.4882820532737231,-0.12439724883278022
17532,3,Steady Mid-Value,4,Medium,-0.27815762266968574,1.2736850896278014
17533,2,Steady Mid-Value (A),4,Medium,1.5145844921415468,-1.093749496773899
17534,3,Steady Mid-Value,4,High,0.9309383019988501,-0.08856618007098208
17535,5,At-Risk / Lapsing,3,Low,-2.7511656376777776,-1.1769771391525283
17536,4,Seasonal Gift Shopper,6,Low,-2.9894089777865234,1.0228748614269556
17537,2,Steady Mid-Value (A),0,High,1.547441688713753,-0.7103940681197464
17538,3,Steady Mid-Value,4,Low,-0.5893132112656179,-0.6779735224698746
17539,3,Steady Mid-Value,4,Medium,-0.09349149401901671,0.2622966241866661
17540,4,Seasonal Gift Shopper,6,Low,-5.210970105854363,-2.214808026751294
17541,4,Seasonal Gift Shopper,1,Low,-1.6877103783014462,-0.24941197891749903
17542,2,Steady Mid-Value (A),4,High,2.196253228961451,-1.2147888693100224
17543,3,Steady Mid-Value,4,Medium,0.1955333507873875,0.842367138173721
17544,3,Steady Mid-Value,1,Low,-0.48952874060769014,-0.6331615724654484
17545,1,Loyal High-Value,4,High,1.5245730076762185,2.85917737701355
17546,3,Steady Mid-Value,2,Medium,0.4643941006912486,0.24826078863790052
17547,1,Loyal High-Value,5,High,1.5778053401039092,2.261616679178066
17548,4,Seasonal Gift Shopper,6,Medium,-1.5776921317809407,1.1244880542443838
17549,0,At-Risk / Lapsing (A),4,High,1.4138983558141047,-0.20763643999726394
17550,4,Seasonal Gift Shopper,4,Low,-2.2330915191925635,-0.252691315719448
17551,2,Steady Mid-Value (A),4,Medium,1.1594845469054313,-0.46364999437067006
17552,3,Steady Mid-Value,2,Medium,0.35920058985538067,0.25837780054454323
17553,2,Steady Mid-Value (A),2,High,3.2517500756308872,-0.7663795709135155
17554,3,Steady Mid-Value,4,Low,-1.4153225280714579,-0.29549421661617054
17555,3,Steady Mid-Value,1,Low,-0.9274322746292055,-0.6858092002539941
17556,3,Steady Mid-Value,4,Medium,-0.350380719992067,1.1792942524274683
17557,3,Steady Mid-Value,4,Low,-1.5329328530736277,0.8798816519830993
17558,3,Steady Mid-Value,4,Medium,0.01919681859659208,0.4172855933514674
17559,3,Steady Mid-Value,4,Medium,-0.34374103968215636,-0.13987477179081798
17560,0,At-Risk / Lapsing (A),4,Medium,0.10934499673887965,-1.1032940113909235
17561,4,Seasonal Gift Shopper,6,Low,-5.752268391637784,-3.326947711851625
17562,2,Steady Mid-Value (A),4,High,1.9801272412457451,-1.4446288508658895
17563,3,Steady Mid-Value,4,Low,-0.974681698141366,-0.38666068952129545
17564,3,Steady Mid-Value,4,Low,-0.9658426433267014,-0.7011321026896105
17565,4,Seasonal Gift Shopper,6,Low,-4.099990986176222,-0.7337089186682355
17566,2,Steady Mid-Value (A),0,High,2.2154445334398964,-0.316745805591147
17567,2,Steady Mid-Value (A),4,High,2.0461517928774713,-1.38163801781944
17568,2,Steady Mid-Value (A),4,High,1.9049365817430206,-0.7114525068665236
17569,3,Steady Mid-Value,1,Medium,0.5438169780900202,-0.49820856479757775
17570,3,Steady Mid-Value,2,Medium,-0.09825737716836758,0.2285111641097942
17571,3,Steady Mid-Value,1,Low,-1.2637596354265226,0.8777119268926707
17572,3,Steady Mid-Value,4,Medium,0.20877403732552413,0.00913193587390355
17573,5,At-Risk / Lapsing,3,Low,-3.1443271967628847,0.5430244659844518
17574,3,Steady Mid-Value,0,Medium,0.523766365964473,-0.22220765562791725
17575,2,Steady Mid-Value (A),0,High,1.5544574432709266,0.06917568282562184
17576,2,Steady Mid-Value (A),0,High,1.7258739676601624,-1.397364469787707
17577,3,Steady Mid-Value,1,Low,-1.1158706506001517,-0.9596452140250751
17578,3,Steady Mid-Value,4,Low,-1.0001961483323574,-0.02207009298287472
17579,2,Steady Mid-Value (A),0,High,0.8779508397145565,-0.2588857585208081
17580,2,Steady Mid-Value (A),2,High,1.7049916730968897,-0.20454247565207168
17581,3,Steady Mid-Value,2,High,1.3074249732614358,0.10172696416095832
17582,0,At-Risk / Lapsing (A),4,Low,-1.4491408740398874,-1.552124591375853
17583,3,Steady Mid-Value,4,Medium,7.016974966179323e-05,-0.4215247105003986
17584,4,Seasonal Gift Shopper,6,Low,-4.346579863139619,-1.0029010467595436
17585,2,Steady Mid-Value (A),0,High,1.4962744535759451,-0.8075279067275957
17586,2,Steady Mid-Value (A),2,High,4.305398426480546,-1.6757890828433963
17587,1,Loyal High-Value,5,High,1.3946896465363885,3.0885866568856146
17588,4,Seasonal Gift Shopper,6,Low,-2.991420779346053,1.350419807754631
17589,3,Steady Mid-Value,4,Low,-1.1305340365845502,-0.11772808986324043
17590,4,Seasonal Gift Shopper,4,Low,-2.7188900309288146,-1.26827600936238
17591,2,Steady Mid-Value (A),2,High,3.1952485288288472,-1.388143031088224
17592,3,Steady Mid-Value,1,Medium,-0.45471198661183404,0.6044889118326228
17593,1,Loyal High-Value,5,High,1.2045601023417298,1.4857623330143819
17594,0,At-Risk / Lapsing (A),4,High,0.8197663039314994,-0.13526050019194363
17595,1,Loyal High-Value,5,High,1.736102076637308,1.190860602273404
17596,3,Steady Mid-Value,1,Medium,0.502148014648109,1.1765531139276266
17597,4,Seasonal Gift Shopper,6,Low,-2.094426474884548,0.15738166977342757
17598,2,Steady Mid-Value (A),2,High,1.7946161399781146,-0.3627251057422842
17599,5,At-Risk / Lapsing,0,Low,-0.01366645660051663,-0.6142053974124835
17600,2,Steady Mid-Value (A),0,Medium,0.7698916538560137,-0.7673969464021105
17601,1,Loyal High-Value,3,High,1.0250981183397154,2.966677115895216
17602,4,Seasonal Gift Shopper,6,Medium,-1.9797049395154716,1.690671332901065
17603,2,Steady Mid-Value (A),2,High,1.563897281599029,-0.04941391658062932
17604,0,At-Risk / Lapsing (A),1,Low,-1.361810762551246,0.6715349905742556
17605,2,Steady Mid-Value (A),2,High,1.7479261144208869,-0.14539451519010974
17606,3,Steady Mid-Value,4,High,0.7704338580863206,0.09386388835308365
17607,2,Steady Mid-Value (A),2,High,1.3095879441134701,-0.11525773003184134
17608,3,Steady Mid-Value,1,Medium,-0.33016349960951696,-0.006658993963672361
17609,3,Steady Mid-Value,4,Medium,-0.979118055869936,0.5097900147415332
17610,4,Seasonal Gift Shopper,6,Low,-3.732401719933079,-0.29773381154784734
17611,3,Steady Mid-Value,4,Low,-0.6829160238355243,-0.26561362739773453
17612,3,Steady Mid-Value,1,Medium,0.06049350192012509,0.5445409468549886
17613,3,Steady Mid-Value,4,Low,-0.6696463452209321,-1.2294718746078577
17614,2,Steady Mid-Value (A),2,High,1.151816105745141,0.014567912157712842
17615,2,Steady Mid-Value (A),2,High,1.8336121325661843,-0.8044077372106361
17616,4,Seasonal Gift Shopper,4,Low,-2.4710870613719393,-1.0313934701062528
17617,1,Loyal High-Value,5,High,1.7365081416044073,2.933408797467221
17618,3,Steady Mid-Value,4,Low,-1.1194421833768657,-0.16814948204301458
17619,4,Seasonal Gift Shopper,6,Low,-3.167452716624033,-0.022772264818813368
17620,4,Seasonal Gift Shopper,4,Low,-3.6806172067684,-2.736030542273151
17621,5,At-Risk / Lapsing,0,Medium,0.33470471714801175,0.7934770578570973
17622,4,Seasonal Gift Shopper,6,Low,-2.681164961350246,1.5148210264295738
17623,5,At-Risk / Lapsing,1,Low,-0.14532310639669055,-0.6659245839932317
17624,2,Steady Mid-Value (A),2,High,2.7140624047232413,-0.6950559019917836
17625,1,Loyal High-Value,5,High,1.5510275771840878,2.522973811551319
17626,3,Steady Mid-Value,2,High,0.9754450607401818,0.10806610236298904
17627,4,Seasonal Gift Shopper,6,Low,-2.639977597096148,0.23696439264018845
17628,0,At-Risk / Lapsing (A),4,Low,-1.493852431361256,0.6616035867845212
17629,4,Seasonal Gift Shopper,6,Low,-2.5801030661695035,1.689430548639369
17630,3,Steady Mid-Value,2,Medium,0.5265365757031388,-0.19539103799925797
17631,4,Seasonal Gift Shopper,3,Medium,-1.5630693073462842,1.9415567506862672
17632,3,Steady Mid-Value,4,High,0.46429014012517017,0.4265326220169299
17633,3,Steady Mid-Value,1,Medium,-0.43437246139362257,-0.1532775446137458
17634,5,At-Risk / Lapsing,3,Low,-1.6080868260529944,0.26829402670749414
17635,0,At-Risk / Lapsing (A),4,Low,-0.8150610125187485,-1.4586624025686927
17636,0,At-Risk / Lapsing (A),4,Low,-0.7894493481105435,-0.09818610053063415
17637,3,Steady Mid-Value,4,Low,-0.41832111842341113,-0.2826898119604791
17638,3,Steady Mid-Value,0,Medium,0.5125444119646807,-0.2552683070299018
17639,1,Loyal High-Value,4,High,1.6852031697359393,1.0695819620168363
17640,4,Seasonal Gift Shopper,6,Low,-5.415896640714278,-3.0871536826737973
17641,3,Steady Mid-Value,1,Low,-1.589115421501006,0.5861281343465784
17642,3,Steady Mid-Value,1,Medium,-1.0269472043045138,1.170631482771925
17643,3,Steady Mid-Value,4,Medium,0.25870139410890386,-1.487353835573818
17644,2,Steady Mid-Value (A),0,Medium,0.9875252686912499,-0.1050734038980956
17645,3,Steady Mid-Value,4,Medium,-1.0225637913852033,1.9364898101089365
17646,1,Loyal High-Value,4,High,1.8927891810506208,0.6692176740484844
17647,5,At-Risk / Lapsing,0,Low,-0.811247699452021,0.009860719596193617
17648,3,Steady Mid-Value,4,Low,-1.036632683955256,-0.3980594379175906
17649,0,At-Risk / Lapsing (A),0,Medium,1.3300333784892313,-1.6396730187150819
17650,3,Steady Mid-Value,2,Medium,0.5403429737620258,-0.4084009017324913
17651,3,Steady Mid-Value,1,Low,-0.0839883161813666,-0.18407072689065138
17652,4,Seasonal Gift Shopper,4,Low,-2.4657664373791213,-0.6725489238769576
17653,3,Steady Mid-Value,2,High,1.204985487512134,0.22449479271488315
17654,0,At-Risk / Lapsing (A),6,Low,-6.0767233234545435,-4.5465544609940745
17655,2,Steady Mid-Value (A),2,High,1.3395314062884103,-0.24972022847771422
17656,1,Loyal High-Value,4,High,1.1931306356689724,2.138687588361314
17657,3,Steady Mid-Value,4,Medium,0.3922512370955992,0.29331598955618915
17658,2,Steady Mid-Value (A),2,High,2.050655180759275,-0.6829551074804168
17659,2,Steady Mid-Value (A),4,High,1.236396512342272,-0.5194155995321753
17660,2,Steady Mid-Value (A),4,Medium,1.3569536553309935,-0.8144670511871915
17661,1,Loyal High-Value,5,High,2.258280926060007,1.750130786753901
17662,3,Steady Mid-Value,4,Medium,-1.2035102034988385,1.2380400468290493
17663,2,Steady Mid-Value (A),0,Medium,0.8386976862634867,-1.2615095195409831
17664,4,Seasonal Gift Shopper,6,Low,-2.945842550109118,0.369590634003559
17665,3,Steady Mid-Value,1,Low,-1.0188925517329739,-0.0474157195525068
17666,3,Steady Mid-Value,1,Medium,-0.08119799954045272,0.15156110651261015
17667,0,At-Risk / Lapsing (A),4,Low,-1.8116207173683394,-0.10483816794483215
17668,2,Steady Mid-Value (A),2,High,3.6002067994371703,-1.3574174246130863
17669,3,Steady Mid-Value,1,Medium,-0.6474039218130868,1.701230809621261
17670,2,Steady Mid-Value (A),2,High,1.8702487839100226,-0.4695458061730102
17671,0,At-Risk / Lapsing (A),3,Low,-1.4184847355247205,-0.6783686798050278
17672,2,Steady Mid-Value (A),0,Medium,0.8460471235467625,-0.7216581361362983
17673,2,Steady Mid-Value (A),2,Medium,1.020710060845664,-0.46484963919662164
17674,3,Steady Mid-Value,0,Medium,0.3091406508593244,-0.20772776657928604
17675,3,Steady Mid-Value,1,Low,-0.5181692868233843,0.23171630833267687
17676,3,Steady Mid-Value,1,Low,-0.13701466135396936,-0.5189026953477709
17677,4,Seasonal Gift Shopper,4,Low,-1.4992933319240365,0.3192478269438628
17678,2,Steady Mid-Value (A),2,High,1.3402561907991477,-0.05769041559565165
17679,2,Steady Mid-Value (A),2,High,3.857330972874149,-1.1729026745744033
17680,2,Steady Mid-Value (A),0,High,1.3878643728708104,0.42589955749016023
17681,2,Steady Mid-Value (A),4,Medium,1.501433449443348,-1.3970547754226985
17682,1,Loyal High-Value,5,High,0.5353722990010625,2.7737121050634492
17683,2,Steady Mid-Value (A),0,High,3.8028313291783276,-1.6380848841302638
17684,3,Steady Mid-Value,1,Low,-0.3800043261287097,-0.5300980028952563
17685,2,Steady Mid-Value (A),4,High,0.9617618321662863,-0.4285370667846346
17686,2,Steady Mid-Value (A),0,High,1.3745966893055437,-0.5895320661943804
17687,3,Steady Mid-Value,4,Medium,-0.9234309425532106,0.4490589417682402
17688,3,Steady Mid-Value,1,Medium,0.33609182289636996,0.15871997533697044
17689,2,Steady Mid-Value (A),2,High,1.8920569327257524,-0.8689421888489475
17690,2,Steady Mid-Value (A),0,High,1.5217289825562734,-0.3253219830443674
17691,3,Steady Mid-Value,4,Medium,-0.7242665573105657,0.3711297189890276
17692,0,At-Risk / Lapsing (A),0,Medium,-0.437654422987035,-0.5587305326054621
17693,5,At-Risk / Lapsing,0,Low,-0.0298321701072794,-1.9239590587053417
17694,3,Steady Mid-Value,4,Medium,-0.2323666851533992,-0.5118374610721509
17695,3,Steady Mid-Value,1,Medium,-0.36413605654866743,1.3219095558423193
17696,1,Loyal High-Value,4,High,1.1438512825129548,3.373812280502374
17697,1,Loyal High-Value,5,High,3.062718889920053,1.75759713714114
17698,2,Steady Mid-Value (A),2,High,1.334194790854726,-0.8204129495610161
17699,3,Steady Mid-Value,4,Medium,-0.47889207296889125,0.07475372397086838
17700,2,Steady Mid-Value (A),0,Medium,1.2871296852640894,-1.2157928884247158
17701,2,Steady Mid-Value (A),2,Medium,1.7411767231873247,-1.278474316036079
17702,1,Loyal High-Value,4,High,3.1984450130808932,1.0336904480033102
17703,2,Steady Mid-Value (A),2,High,2.8419623067103674,-1.1718901986738823
17704,2,Steady Mid-Value (A),2,High,2.5086261524137234,-1.1276390654222435
17705,3,Steady Mid-Value,1,Medium,0.3484975421608791,1.2122355810640708
17706,3,Steady Mid-Value,4,Medium,-0.1851268078890911,-0.25677899821727795
17707,2,Steady Mid-Value (A),2,High,1.6354085024291292,0.03680539334215181
17708,2,Steady Mid-Value (A),2,Medium,0.9665755762064688,-0.46516006333023757
17709,3,Steady Mid-Value,0,High,0.8068358950928014,0.32728928669320406
17710,3,Steady Mid-Value,4,Medium,-0.10217806166080112,0.0031290333497662162
17711,3,Steady Mid-Value,4,High,-0.3089163981746088,2.2914925954369902
17712,5,At-Risk / Lapsing,3,Low,-1.9630929839274038,-0.2174814206803273
17713,4,Seasonal Gift Shopper,4,Low,-1.934865993987639,-0.3497472637033537
17714,3,Steady Mid-Value,1,Medium,0.5602528018591828,-0.5733767436080092
17715,3,Steady Mid-Value,1,Medium,0.30158210469005314,-0.5852856066119404
17716,0,At-Risk / Lapsing (A),1,Medium,-0.8126115634335418,1.1864328261879873
17717,2,Steady Mid-Value (A),2,High,2.693909024259034,-0.6462299305721974
17718,2,Steady Mid-Value (A),2,High,2.1275320817845853,-0.5706808412382303
17719,2,Steady Mid-Value (A),2,High,1.2876312985944092,-0.35159389620605036
17720,3,Steady Mid-Value,4,High,1.1390423363922355,0.07882013939342834
17721,3,Steady Mid-Value,1,Medium,-0.35486993284525525,0.4336350434650613
17722,2,Steady Mid-Value (A),2,High,1.3541467913637524,-0.3683488921611663
17723,0,At-Risk / Lapsing (A),4,Low,-2.1022003588155656,-0.9752107299077142
17724,5,At-Risk / Lapsing,3,Low,-3.2208638321037055,-2.326094331938984
17725,3,Steady Mid-Value,4,Low,-0.057731404937923315,-0.2648813993470546
17726,4,Seasonal Gift Shopper,4,Low,-1.622284652238143,0.24454314880588185
17727,2,Steady Mid-Value (A),0,High,1.7007769809266609,-0.4033540689995989
17728,3,Steady Mid-Value,4,Medium,0.6969965556243664,0.004436525808012812
17729,4,Seasonal Gift Shopper,6,Low,-3.2643432420274965,0.25676696778140057
17730,3,Steady Mid-Value,1,High,0.19813724231139335,1.1039123719164143
17731,4,Seasonal Gift Shopper,6,Low,-3.138375872290222,1.2201357155340875
17732,4,Seasonal Gift Shopper,6,Low,-2.2532313454766935,0.6081245559474368
17733,3,Steady Mid-Value,4,Medium,0.3745498606259978,0.0731757244049219
17734,0,At-Risk / Lapsing (A),4,Low,-0.37283674485200635,-1.0124701608891424
17735,0,At-Risk / Lapsing (A),4,Low,-1.7228492305808065,-2.8213424124637116
17736,3,Steady Mid-Value,4,Medium,0.19292181773698933,0.32054369522734316
17737,0,At-Risk / Lapsing (A),4,Medium,-0.5820506893228854,-0.09710751138350232
17738,0,At-Risk / Lapsing (A),0,Medium,0.44143605133681657,-0.4721862027000664
17739,0,At-Risk / Lapsing (A),4,Low,-0.8370725903384799,-1.3083107173106225
17740,3,Steady Mid-Value,4,Low,-0.832716141996636,0.6052847775824551
17741,2,Steady Mid-Value (A),4,Medium,1.0567152925762158,-0.9030800839180416
17742,3,Steady Mid-Value,4,Low,-1.2837938058295735,-0.5149213108537319
17743,2,Steady Mid-Value (A),4,High,1.0120517596011327,-0.11032136717012385
17744,3,Steady Mid-Value,4,Medium,-0.7760209554691149,-0.23732985791988623
17745,2,Steady Mid-Value (A),0,High,3.563120330516984,-0.9387073080945786
17746,4,Seasonal Gift Shopper,4,Low,-2.089072228160867,-0.5850144618910642
17747,3,Steady Mid-Value,0,High,0.9166509940646723,0.1652870825149722
17748,4,Seasonal Gift Shopper,6,Low,-4.469238448404566,-1.2319563660332127
17749,2,Steady Mid-Value (A),0,Medium,0.9930753383459012,-1.0779924502545828
17750,3,Steady Mid-Value,1,Medium,0.26697561314746104,-0.6475203458759029
17751,4,Seasonal Gift Shopper,4,Low,-1.6594907886163421,0.5679732784365389
17752,3,Steady Mid-Value,1,Medium,-0.050397534323817016,-0.7201372242569012
17753,3,Steady Mid-Value,1,High,1.0339469774019199,0.8221174735931508
17754,3,Steady Mid-Value,4,Medium,-0.7226441346200833,0.6216491606852632
17755,2,Steady Mid-Value (A),2,Medium,1.095738197931311,-1.406145726114424
17756,4,Seasonal Gift Shopper,6,Low,-4.099916579521041,-0.6171353416899692
17757,3,Steady Mid-Value,4,High,1.0863017238211716,-0.03910117542914292
17758,3,Steady Mid-Value,4,Medium,-0.35633117244740115,-0.640010256156078
17759,5,At-Risk / Lapsing,3,Low,-2.2462981259302137,-0.6698648759023396
17760,2,Steady Mid-Value (A),4,High,1.3953631738244283,0.5578084651995122
17761,3,Steady Mid-Value,4,Low,-1.4878324867962924,0.1863580993392305
17762,4,Seasonal Gift Shopper,4,Low,-3.6133919398899303,-3.098845478238786
17763,3,Steady Mid-Value,2,High,0.9460176356595902,0.17512450037618885
17764,4,Seasonal Gift Shopper,6,Low,-4.282068958297582,-0.6610821131141927
17765,2,Steady Mid-Value (A),0,High,1.2392695373205895,-0.37764696175981816
17766,3,Steady Mid-Value,0,Medium,0.338498693134895,0.38015868739773734
17767,2,Steady Mid-Value (A),2,High,1.3326051364235607,0.23329108448417057
17768,0,At-Risk / Lapsing (A),4,Medium,-0.5350014156626913,0.27415860086992344
17769,2,Steady Mid-Value (A),2,High,2.061863576412463,-0.42895929982982245
17770,3,Steady Mid-Value,4,Low,-1.377432067748573,1.0583126624870156
17771,0,At-Risk / Lapsing (A),1,Low,-0.4392711656774372,-0.917405721440886
17772,3,Steady Mid-Value,4,Low,-1.4333338435424678,0.5920394044298608
17773,5,At-Risk / Lapsing,3,Low,-1.2212823522576046,-0.12713894696289268
17774,2,Steady Mid-Value (A),0,High,2.484549717788644,0.19562960220057576
17775,3,Steady Mid-Value,1,Medium,-0.05712686016459135,-0.5701498978233323
17776,1,Loyal High-Value,4,High,4.393591110953515,1.0090971747961395
17777,1,Loyal High-Value,3,High,0.4605224343487151,2.9949724935798616
17778,4,Seasonal Gift Shopper,4,Low,-1.8325283761813438,0.3838925044009941
17779,4,Seasonal Gift Shopper,4,Low,-1.6960129869668763,0.09618159230774811
17780,2,Steady Mid-Value (A),2,High,4.05454582217278,-1.1216088421246506
17781,2,Steady Mid-Value (A),4,High,1.5923204045585917,0.08430078441713557
17782,4,Seasonal Gift Shopper,6,Low,-2.5191699391309545,1.1916361444209027
17783,4,Seasonal Gift Shopper,3,Medium,-2.020495154682113,1.2918498315805425
17784,2,Steady Mid-Value (A),0,High,1.5021260858456975,-0.09174408595721924
17785,4,Seasonal Gift Shopper,6,Low,-2.3610827208025196,1.4584694724647103
17786,4,Seasonal Gift Shopper,4,Low,-1.4656644017011407,-0.13907789905108447
17787,3,Steady Mid-Value,4,Low,-0.6619740215140179,-0.6381929554927007
17788,2,Steady Mid-Value (A),4,Low,0.39672014767867597,-1.9758935431618974
17789,3,Steady Mid-Value,4,Low,-0.8795455007597373,0.41595800559327395
17790,2,Steady Mid-Value (A),2,High,1.4856869581446772,-0.19386119001099156
17791,2,Steady Mid-Value (A),2,High,1.298138683745905,-0.5869662002385516
17792,4,Seasonal Gift Shopper,4,Low,-1.3275330336963629,-0.5036346751519618
17793,2,Steady Mid-Value (A),2,High,2.821289562118163,-0.7606087525218489
17794,3,Steady Mid-Value,1,High,0.5946972970365844,1.115397732282714
17795,2,Steady Mid-Value (A),2,High,2.096102953855299,-0.4538198761736937
17796,3,Steady Mid-Value,1,Medium,-0.7060114482566398,0.8779517957245533
17797,0,At-Risk / Lapsing (A),0,Medium,0.5724949338948576,-0.5508126392740507
17798,2,Steady Mid-Value (A),0,High,1.2328361841130446,-0.001758316092398327
17799,5,At-Risk / Lapsing,0,Low,-0.8357708813635333,0.19481348152330707
17800,3,Steady Mid-Value,2,High,1.1596206605234254,0.09428970301662384
17801,3,Steady Mid-Value,4,Medium,0.7450430075048216,-0.2556035920307344
17802,5,At-Risk / Lapsing,3,Low,-2.1430393897824596,0.8778017407187191
17803,2,Steady Mid-Value (A),4,High,1.4397290619792311,-0.9241954293533368
17804,3,Steady Mid-Value,4,Medium,-0.2379303809426266,0.27635564830791004
17805,3,Steady Mid-Value,0,Medium,0.2665931509758845,0.5862990060407369
17806,3,Steady Mid-Value,4,Low,-0.024250299414838423,-0.88660372877751
17807,3,Steady Mid-Value,1,Medium,0.2670414248643015,0.21668587389581112
17808,2,Steady Mid-Value (A),2,High,2.471128539237314,-0.38850744456396796
17809,4,Seasonal Gift Shopper,6,Low,-3.8921378867630674,-0.16135299894948224
17810,2,Steady Mid-Value (A),4,High,1.496897881052535,-0.11565973025338998
17811,2,Steady Mid-Value (A),1,Medium,0.8298291830425054,-1.807955324589082
17812,3,Steady Mid-Value,4,Medium,-0.6258608249249576,0.11341099350838242
17813,5,At-Risk / Lapsing,3,Medium,-0.978795746871352,1.2226442836631828
17814,3,Steady Mid-Value,2,Low,-0.01452445495090044,-0.8349732711572667
17815,2,Steady Mid-Value (A),2,High,1.4296769460147563,-0.07032136114653012
17816,3,Steady Mid-Value,4,High,0.6620235692643823,0.45477985188240644
17817,3,Steady Mid-Value,1,Low,-0.1960233693998713,-0.269889597567103
17818,2,Steady Mid-Value (A),2,High,2.57076728545732,-1.6083627286591056
17819,2,Steady Mid-Value (A),0,High,1.5048891205040082,0.022067590046120453
17820,3,Steady Mid-Value,4,Low,-1.2577793016665393,0.592259825262349
17821,2,Steady Mid-Value (A),2,High,1.6271169867582786,-0.21317354974241448
17822,2,Steady Mid-Value (A),5,High,6.299232847994006,0.6897728711713669
17823,2,Steady Mid-Value (A),0,High,2.053116207207226,-1.1383013558872441
17824,2,Steady Mid-Value (A),0,High,2.346617471401982,-0.695660887064084
17825,2,Steady Mid-Value (A),0,Medium,1.0491354368991528,-1.4903553098257707
17826,3,Steady Mid-Value,4,Low,0.04634291804966279,-1.0275634686001014
17827,2,Steady Mid-Value (A),0,High,2.0832644416605635,-0.7568662077211273
17828,3,Steady Mid-Value,4,Low,-1.4102837487946223,-0.12926247048514203
17829,3,Steady Mid-Value,4,Medium,0.26326310880740517,-0.5920332430707349
17830,3,Steady Mid-Value,1,Medium,-0.6017086927159223,1.9520473270287828
17831,2,Steady Mid-Value (A),2,High,1.689968068508215,0.3839780896488979
17832,2,Steady Mid-Value (A),4,High,1.5380851862771567,-1.0739272153430264
17833,2,Steady Mid-Value (A),2,High,1.3925623236746831,-0.8772843773850363
17834,2,Steady Mid-Value (A),0,High,1.3118068977835915,-0.3358631696053513
17835,3,Steady Mid-Value,0,Medium,-0.09037080853600582,0.24784244158418176
17836,0,At-Risk / Lapsing (A),4,Medium,0.20530049554250474,-1.4093802539254765
17837,2,Steady Mid-Value (A),0,High,2.530562323586628,-0.749102382645801
17838,2,Steady Mid-Value (A),0,High,1.4606745342348852,0.023148684954062516
17839,3,Steady Mid-Value,4,Medium,-0.5988185137270412,1.0070411145604268
17840,2,Steady Mid-Value (A),1,Medium,0.2778269217496046,-1.4458750536431688
17841,3,Steady Mid-Value,2,Medium,0.27273084944822557,-0.17945975012299725
17842,5,At-Risk / Lapsing,0,Medium,-0.1903991360788296,0.831204819452725
17843,3,Steady Mid-Value,4,Medium,0.5233549640052751,-0.34630083946761586
17844,2,Steady Mid-Value (A),2,High,1.7902973726897795,-0.470754828629589
17845,1,Loyal High-Value,5,High,5.079654233754679,1.1672995707222755
17846,3,Steady Mid-Value,2,High,1.0013510575907922,-0.15001360445235568
17847,3,Steady Mid-Value,4,Medium,-0.2512066581077191,0.6627024960315876
17848,4,Seasonal Gift Shopper,4,Low,-1.7477951922228083,-1.020253136577564
17849,4,Seasonal Gift Shopper,4,Low,-1.9761143861100952,-0.047815230059585864
17850,2,Steady Mid-Value (A),4,Medium,0.9704716862299455,-0.8228935458362758
17851,3,Steady Mid-Value,4,Medium,0.44050794673951005,-0.35749670751450274
17852,2,Steady Mid-Value (A),2,Medium,0.8662891071053014,-0.7096326763521519
17853,3,Steady Mid-Value,1,Low,-0.9447258821242319,-0.3322047699467557
17854,2,Steady Mid-Value (A),0,High,1.3737706161802055,-0.6837698283724106
17855,3,Steady Mid-Value,4,Medium,-0.41227860869897165,0.38145382246246057
17856,1,Loyal High-Value,5,High,2.476731250376011,2.6362265810693866
17857,4,Seasonal Gift Shopper,6,Low,-3.022101708477779,1.2584734002174287
17858,2,Steady Mid-Value (A),0,Medium,1.4850643273522648,-0.9207655701883394
17859,2,Steady Mid-Value (A),2,High,1.3233841148439778,-0.5325277626157601
17860,3,Steady Mid-Value,4,Low,0.16708755850142393,-1.450420951708744
17861,5,At-Risk / Lapsing,3,Low,-2.897698599127534,1.246559891445208
17862,4,Seasonal Gift Shopper,4,Low,-2.067086875027014,-0.1428050451014377
17863,4,Seasonal Gift Shopper,3,Low,-2.6434056159301256,1.8120558208714541
17864,4,Seasonal Gift Shopper,4,Low,-2.080101694894082,-1.2629164133123427
17865,2,Steady Mid-Value (A),4,Medium,0.9609316955361892,-0.8115314626108041
17866,3,Steady Mid-Value,4,Medium,-0.33057410095657513,0.6984093155039713
17867,2,Steady Mid-Value (A),2,High,1.817765808670535,-0.84473097340174
17868,3,Steady Mid-Value,1,Medium,-0.05159634554962788,-0.7190047999895303
17869,1,Loyal High-Value,6,Medium,-1.4492624342243365,3.420975862586324
17870,1,Loyal High-Value,5,High,3.5710465289740583,1.3194109852903677
17871,3,Steady Mid-Value,1,Medium,-0.28706670238076476,1.057750336988794
17872,3,Steady Mid-Value,4,Low,-0.600615383357748,-0.4760813134864506
17873,3,Steady Mid-Value,1,Medium,-0.7674383510971629,0.6275356761907239
17874,5,At-Risk / Lapsing,3,Low,-1.9090286086120554,-0.6709865299180426
17875,4,Seasonal Gift Shopper,6,Low,-2.7429154303102865,1.6384509938101002
17876,5,At-Risk / Lapsing,1,Low,-2.141455406210806,-0.2312554319185984
17877,3,Steady Mid-Value,4,Medium,0.30252264330368245,-0.8007334744578346
17878,2,Steady Mid-Value (A),0,High,2.3796193826383556,-0.581346683871631
17879,2,Steady Mid-Value (A),2,High,3.0550157301381686,-0.7398581062578975
17880,4,Seasonal Gift Shopper,4,Low,-1.6403379107983587,-0.20418075160389515
17881,2,Steady Mid-Value (A),2,High,2.2134758323686254,-0.8696786916650052
17882,4,Seasonal Gift Shopper,4,Low,-1.9821412009486452,-0.011276434938242595
17883,2,Steady Mid-Value (A),2,High,1.1388599826615315,-0.48951258531119196
17884,4,Seasonal Gift Shopper,4,Low,-2.5850374791606607,-1.8979821148886544
17885,4,Seasonal Gift Shopper,6,Low,-3.0046580060603474,0.17614943542716058
17886,3,Steady Mid-Value,0,High,0.2639888689735374,0.5608007131975183
17887,0,At-Risk / Lapsing (A),4,Low,-1.973787213150084,-0.12112072608345802
17888,1,Loyal High-Value,5,High,3.1032541987328117,1.1792665454036175
17889,3,Steady Mid-Value,1,Medium,0.16495895226261423,0.06856048140060218
17890,3,Steady Mid-Value,1,Low,-1.6916714099048908,0.47583675605020564
17891,3,Steady Mid-Value,4,Medium,0.14128290760372927,0.4469389056000192
17892,3,Steady Mid-Value,0,Medium,-0.4735760705297377,0.12244294645902945
17893,2,Steady Mid-Value (A),4,Medium,0.6563144678741337,-0.9269004188291103
17894,2,Steady Mid-Value (A),2,High,1.3581559592978716,-0.5542318188061072
17895,2,Steady Mid-Value (A),2,High,1.6021195238582095,-0.9034688205731088
17896,3,Steady Mid-Value,1,Low,-1.3060628009317579,0.5777719860399292
17897,3,Steady Mid-Value,4,Low,-0.5626573035506178,-0.38032483652075977
17898,0,At-Risk / Lapsing (A),4,Medium,-0.7658969977498234,-0.010717395231036781
17899,3,Steady Mid-Value,4,Medium,-1.119174661789369,1.3170204599307345
17900,0,At-Risk / Lapsing (A),6,Low,-2.907508214142789,0.5720348443330948
17901,3,Steady Mid-Value,4,Medium,-0.0936047041653783,0.452277730676399
17902,3,Steady Mid-Value,4,Medium,-1.2045635767633174,1.0843271331676176
17903,4,Seasonal Gift Shopper,6,Low,-4.445549263233457,-1.7207292734093962
17904,3,Steady Mid-Value,1,Low,-1.318769359381799,0.7375429855756274
17905,3,Steady Mid-Value,1,Medium,0.27231901659572705,0.2183471917788764
17906,3,Steady Mid-Value,4,Medium,0.2592747465293284,-0.6478853415998763
17907,3,Steady Mid-Value,4,Low,-1.311250807734017,0.4751040529906732
17908,2,Steady Mid-Value (A),0,High,2.2836487442185582,-0.8014457964756654
17909,2,Steady Mid-Value (A),0,High,2.459373345006943,-1.5059688337948154
17910,2,Steady Mid-Value (A),2,High,2.641266799305418,-0.3764303135191664
17911,4,Seasonal Gift Shopper,6,Low,-2.4529309252775344,2.0539873487966007
17912,2,Steady Mid-Value (A),0,High,2.6409609398372242,-1.0719836039591515
17913,5,At-Risk / Lapsing,3,Low,-2.6861760419160396,1.59176907904796
17914,3,Steady Mid-Value,1,Medium,0.08038768710536442,0.4031944123858
17915,5,At-Risk / Lapsing,1,Low,-1.992940170839459,0.22572034918560432
17916,3,Steady Mid-Value,1,Medium,-0.8887827068389622,1.4454743132838983
17917,2,Steady Mid-Value (A),0,High,1.4304456852630834,-0.6191107785027122
17918,3,Steady Mid-Value,1,Low,-0.8653955654019513,0.41105259829694646
17919,1,Loyal High-Value,5,High,2.0794098418591727,2.1139121733403248
17920,3,Steady Mid-Value,1,Low,-0.9459769958267371,1.0574092304529836
17921,3,Steady Mid-Value,1,High,0.743780951819953,0.773204500539577
17922,3,Steady Mid-Value,4,High,0.7915309258539209,0.5418597543614161
17923,5,At-Risk / Lapsing,0,Medium,0.22854782023389902,0.36188495846068097
17924,2,Steady Mid-Value (A),4,High,1.5996770247180496,0.16757957373123372
17925,3,Steady Mid-Value,4,Medium,0.35843467203387885,-0.02370650311501659
17926,1,Loyal High-Value,5,High,2.648705287575171,2.137925965406738
17927,3,Steady Mid-Value,4,Medium,-0.5738542456186084,0.36026269576941816
17928,0,At-Risk / Lapsing (A),4,Low,-1.9672826833500956,-0.13872924087968114
17929,5,At-Risk / Lapsing,0,Medium,0.4458802081870671,-0.2837305105654232
17930,3,Steady Mid-Value,4,Medium,-0.4600933996563206,0.4464295594569675
17931,2,Steady Mid-Value (A),4,High,2.2231229194081705,-0.963012144403434
17932,3,Steady Mid-Value,1,Medium,0.05986330886509175,0.819425546338413
17933,4,Seasonal Gift Shopper,3,Low,-2.995026946266822,1.1080368682835984
17934,2,Steady Mid-Value (A),0,High,2.533319122338515,-0.7504983293455613
17935,5,At-Risk / Lapsing,0,Medium,0.06134680826315015,0.8792085472258987
17936,2,Steady Mid-Value (A),0,High,2.625198704001122,-1.4212069335549025
17937,0,At-Risk / Lapsing (A),1,Medium,-0.1595369503020343,-0.34417785602015
17938,0,At-Risk / Lapsing (A),6,Low,-3.3251367115923816,-1.2049711539504249
17939,3,Steady Mid-Value,4,Medium,-0.14488923691232714,0.2997075930772846
17940,0,At-Risk / Lapsing (A),3,Low,-1.1160297904817886,-0.5138998229173282
17941,2,Steady Mid-Value (A),1,Low,0.4332976487253394,-0.4857520370112238
17942,4,Seasonal Gift Shopper,6,Low,-3.0585460713779025,1.0181163758101937
17943,4,Seasonal Gift Shopper,4,Low,-1.247458304483905,-0.7972542002298805
17944,3,Steady Mid-Value,4,Medium,-0.40542053735182687,0.5736907429701807
17945,3,Steady Mid-Value,4,Low,-1.4839876534927254,0.6715194668395984
17946,3,Steady Mid-Value,4,Low,-1.03316976004959,-0.6105653781275604
17947,2,Steady Mid-Value (A),2,High,1.8030792053174838,0.20830826414644837
17948,5,At-Risk / Lapsing,3,Low,-2.0740832126079933,3.2038661823516783
17949,4,Seasonal Gift Shopper,4,Low,-2.6578118969698434,-1.813018975682193
17950,2,Steady Mid-Value (A),2,High,2.5758788071661924,0.2030626647630733
17951,2,Steady Mid-Value (A),2,High,2.240435250655728,-0.5602784880530656
17952,3,Steady Mid-Value,4,Medium,0.7052170671747994,-0.4539663421600603
17953,2,Steady Mid-Value (A),2,High,2.4809918703136153,-0.7531975249534815
17954,3,Steady Mid-Value,4,Medium,-0.0639713072916681,1.1097064223796966
17955,3,Steady Mid-Value,2,Medium,-0.1839323555513999,0.3228227503581298
17956,3,Steady Mid-Value,2,Medium,-0.002590432099139162,-0.22996578577415167
17957,4,Seasonal Gift Shopper,4,Low,-2.316467143780487,-1.177045506947062
17958,5,At-Risk / Lapsing,3,Low,-1.5206000312163772,-0.6814884290503155
17959,0,At-Risk / Lapsing (A),1,Low,-1.126695356420019,-0.3151999886413629
17960,3,Steady Mid-Value,1,Medium,0.12062881000962981,0.3406603265533109
17961,2,Steady Mid-Value (A),2,High,1.8990361768364334,-0.8855057927730714
17962,3,Steady Mid-Value,4,Medium,-0.4203942022440959,0.5728844190127268
17963,3,Steady Mid-Value,4,Medium,-0.7770095219483656,1.9332901579155413
17964,4,Seasonal Gift Shopper,4,Low,-1.5728105526349958,0.16306372784631487
17965,0,At-Risk / Lapsing (A),4,Low,-0.14050691249756572,-1.4374354916696055
17966,3,Steady Mid-Value,4,Low,-1.3120304102725449,-0.632931481461001
17967,4,Seasonal Gift Shopper,6,Low,-3.8310366343871887,-0.18734237274034832
17968,3,Steady Mid-Value,4,Medium,-0.8721406840113093,1.0742019161784735
17969,3,Steady Mid-Value,4,Medium,0.33871045090929913,0.7279641591346655
17970,0,At-Risk / Lapsing (A),6,Low,-3.2210090353653387,0.34488793509748916
17971,2,Steady Mid-Value (A),2,High,1.4610291430620592,-0.4320397412259488
17972,4,Seasonal Gift Shopper,4,Low,-1.8947170584050606,0.024801437621655677
17973,2,Steady Mid-Value (A),0,High,2.0080118536115976,-1.1552217959350217
17974,3,Steady Mid-Value,4,Medium,-0.21637683810916641,-0.280628396474215
17975,2,Steady Mid-Value (A),0,High,2.867633753751183,-0.9930540169759224
17976,1,Loyal High-Value,4,High,0.9857480846866298,1.7893646922588016
17977,4,Seasonal Gift Shopper,6,Low,-2.2338001864424974,1.7955622774620557
17978,1,Loyal High-Value,4,High,0.8310366667568124,1.0999084791060856
17979,4,Seasonal Gift Shopper,4,Low,-1.7147576230470003,-1.117236165533966
17980,2,Steady Mid-Value (A),2,High,1.403434634997883,-0.26670379739262323
17981,2,Steady Mid-Value (A),4,Medium,1.0873746539919018,-0.8702686857507542
17982,0,At-Risk / Lapsing (A),0,High,1.3956774685182733,-1.5823698949991343
17983,3,Steady Mid-Value,0,Medium,0.1727401006136154,-0.4624181543811204
17984,3,Steady Mid-Value,0,High,1.0291120114622239,0.6143198296125099
17985,3,Steady Mid-Value,4,Low,-1.1500200286060516,0.01231094013856215
17986,3,Steady Mid-Value,4,Medium,0.06565273321641217,-0.6421955775158299
17987,3,Steady Mid-Value,1,Medium,-0.3781421368150536,0.5508442930181252
17988,3,Steady Mid-Value,4,Low,-0.4304790668332315,0.043481184918534845
17989,2,Steady Mid-Value (A),2,High,2.802431658334828,-0.669959985428372
17990,0,At-Risk / Lapsing (A),3,Medium,-0.7419363181825805,0.4954475433462276
17991,3,Steady Mid-Value,4,High,0.046480160322185236,1.5083581974790121
17992,3,Steady Mid-Value,4,Low,-0.6289055466280613,-0.01235865671476258
17993,3,Steady Mid-Value,1,Medium,-0.2857969148125156,0.5202963892642096
17994,2,Steady Mid-Value (A),0,High,2.4175797813631554,-0.9566810199842094
17995,2,Steady Mid-Value (A),4,High,1.7843498842267957,-0.24174116611549118
17996,1,Loyal High-Value,4,High,0.46825635035047986,2.6097604702562758
17997,4,Seasonal Gift Shopper,4,Low,-2.998377103025863,-1.4752126812622388
17998,1,Loyal High-Value,4,High,2.7223758354206664,2.161972495421091
17999,2,Steady Mid-Value (A),0,High,1.6890269867287424,-0.8775471574454956
18000,2,Steady Mid-Value (A),4,Medium,1.225950838737746,-0.6664120322414956
18001,3,Steady Mid-Value,1,Medium,0.6366616331522748,-0.1983577694397464
18002,3,Steady Mid-Value,4,Medium,0.4640213708306942,-0.09132634360756228
18003,1,Loyal High-Value,4,High,1.1842577976433515,1.0904114143425363
18004,2,Steady Mid-Value (A),4,High,1.8394878242907722,0.17357719233152522
18005,5,At-Risk / Lapsing,3,Low,-1.4487470509326947,0.6863030932966246
18006,3,Steady Mid-Value,4,Low,-0.8161154098091975,-0.20850956262006948
18007,2,Steady Mid-Value (A),4,Medium,1.386501533425359,-0.39850943967622465
18008,5,At-Risk / Lapsing,3,Low,-4.242587986808491,-0.5239261928342313
18009,3,Steady Mid-Value,1,Medium,-0.8432351761393815,1.1944275220874476
18010,2,Steady Mid-Value (A),2,High,1.8134141934903247,0.48904819701963553
18011,2,Steady Mid-Value (A),2,High,1.7843357740809545,-0.6126201235435931
18012,2,Steady Mid-Value (A),4,Medium,0.8293189806525071,-0.8235159835640066
18013,2,Steady Mid-Value (A),2,Medium,1.2797940371255485,-0.9862823642639035
18014,2,Steady Mid-Value (A),2,High,1.5978916572320625,-0.943050727031722
18015,2,Steady Mid-Value (A),2,Medium,1.0799436076279554,-0.1971492443900845
18016,4,Seasonal Gift Shopper,6,Low,-2.5349818140423603,1.914898369936763
18017,3,Steady Mid-Value,4,Low,-0.8713148327404259,0.3967652213289006
18018,5,At-Risk / Lapsing,0,Low,-0.5737903646050694,0.225986030501184
18019,3,Steady Mid-Value,1,Medium,-0.21444227841401878,1.1211383840686768
18020,5,At-Risk / Lapsing,3,Low,-3.7187104237597746,0.4505200467036084
18021,0,At-Risk / Lapsing (A),6,Medium,-1.6963626114869064,2.464763464948017
18022,1,Loyal High-Value,5,High,1.8513151442508144,2.0875694996578096
18023,2,Steady Mid-Value (A),2,High,1.6076917243825823,-0.6218854053668866
18024,2,Steady Mid-Value (A),0,Low,0.5310494893556209,-1.465330541988828
18025,2,Steady Mid-Value (A),2,High,1.435660229622305,-0.6544289082748059
18026,2,Steady Mid-Value (A),4,Medium,1.0460509606035413,-0.34934310749549186
18027,3,Steady Mid-Value,4,Low,-0.6744330599527909,-0.18834440105467995
18028,2,Steady Mid-Value (A),4,Medium,0.6577384459780254,-1.0282468053066702
18029,4,Seasonal Gift Shopper,6,Low,-1.9383843130753693,1.6226878059079664
18030,2,Steady Mid-Value (A),2,High,1.8502732888225675,-0.5174695549450724
18031,4,Seasonal Gift Shopper,4,Low,-2.862261421602936,-1.6283937832771875
18032,3,Steady Mid-Value,1,High,0.3229937113989949,0.7117383663518525
18033,4,Seasonal Gift Shopper,6,Low,-2.7352032886704234,0.6255185356155015
18034,2,Steady Mid-Value (A),4,Low,0.6896029311412023,-1.9898575216461911
18035,3,Steady Mid-Value,2,High,1.0456316823063683,0.23772631116530146
18036,2,Steady Mid-Value (A),2,High,2.0933982473503687,-0.32080652793227776
18037,2,Steady Mid-Value (A),4,High,2.4564244456571966,-0.8187647950385216
18038,0,At-Risk / Lapsing (A),0,High,1.7248244648716713,-1.27265879800552
18039,3,Steady Mid-Value,4,Medium,0.05098300787742287,0.39197755449684085
18040,4,Seasonal Gift Shopper,3,Low,-2.1829075102067392,0.6684623929128802
18041,2,Steady Mid-Value (A),2,High,2.6699108951382136,-0.7812791302434723
18042,2,Steady Mid-Value (A),4,High,1.4726144094231544,-0.18510881325721945
18043,4,Seasonal Gift Shopper,3,Low,-2.266890382885925,1.2227276012121946
18044,4,Seasonal Gift Shopper,4,Low,-1.501550712885141,0.0574486770999864
18045,4,Seasonal Gift Shopper,6,Low,-5.5363589308624785,-2.7553161805159645
18046,4,Seasonal Gift Shopper,4,Low,-1.6200042216199582,0.35090971542710897
18047,3,Steady Mid-Value,1,Medium,-0.08340434439603153,0.5646762314167916
18048,2,Steady Mid-Value (A),2,High,1.0778664590054958,-0.07422274334087542
18049,3,Steady Mid-Value,2,Medium,0.49612023289827156,-0.5187654498379074
18050,0,At-Risk / Lapsing (A),1,Low,-1.2421684744762498,-0.41143424937120043
18051,4,Seasonal Gift Shopper,6,Low,-2.8522798047703786,1.493983857357245
18052,3,Steady Mid-Value,4,Low,-0.5164755599226638,-0.4934605521977326
18053,5,At-Risk / Lapsing,3,Low,-2.7128938601554515,-1.1171478255511238
18054,4,Seasonal Gift Shopper,4,Low,-2.482948336449674,-0.9760571728456118
18055,3,Steady Mid-Value,4,Low,-0.7685585085161306,-0.08761665620315513
18056,3,Steady Mid-Value,4,Low,-0.1632716828919256,-0.6675114941850029
18057,1,Loyal High-Value,1,High,0.8168254806337715,1.5552865761623027
18058,3,Steady Mid-Value,4,Low,-1.4301981873101342,0.6813067467825371
18059,4,Seasonal Gift Shopper,6,Low,-1.9896585518523187,1.2561856535805118
18060,3,Steady Mid-Value,1,Medium,0.3971234456172056,0.9435921843068713
18061,5,At-Risk / Lapsing,3,Low,-1.4161538266272078,1.2359367891450013
18062,3,Steady Mid-Value,4,Medium,0.11780920886654475,-0.13504557296391692
18063,2,Steady Mid-Value (A),2,High,1.3004191414982422,-0.4805984059619385
18064,3,Steady Mid-Value,4,Low,-1.06732599800688,-0.43033927284752155
18065,5,At-Risk / Lapsing,0,Medium,-0.04165410022309754,0.22651918828119014
18066,5,At-Risk / Lapsing,3,Low,-1.5110305777701132,0.5724826721820652
18067,4,Seasonal Gift Shopper,6,Low,-3.4173568534623544,0.6041708055500797
18068,3,Steady Mid-Value,4,Low,-1.5319930963393447,-0.6751299020824576
18069,2,Steady Mid-Value (A),0,High,2.2264536257958945,-1.424308037030415
18070,4,Seasonal Gift Shopper,6,Low,-3.8277354112198356,-0.3388201247281988
18071,4,Seasonal Gift Shopper,4,Low,-1.6109726948358263,-0.5300255405369516
18072,3,Steady Mid-Value,4,Medium,-1.0630777812221912,1.5052975832668687
18073,2,Steady Mid-Value (A),0,High,2.3771844531256243,-0.49312214986688013
18074,1,Loyal High-Value,4,High,1.1554875086931236,1.3395297664108377
18075,4,Seasonal Gift Shopper,6,Low,-3.859095462527654,-0.9277865864258861
18076,3,Steady Mid-Value,2,Medium,-0.11251253670592418,0.2925690061648274
18077,4,Seasonal Gift Shopper,6,Low,-2.681420849602718,1.892078381042509
18078,0,At-Risk / Lapsing (A),4,Low,-2.340226153365393,-1.7537293356101182
18079,3,Steady Mid-Value,4,Low,-1.4794032095286933,0.8135108495915716
18080,2,Steady Mid-Value (A),0,High,1.2177271588612433,-0.0784892023445661
18081,3,Steady Mid-Value,4,High,0.8515458388065664,-0.4266586108943667
18082,5,At-Risk / Lapsing,3,Low,-1.7956018864862537,-0.8652121405773269
18083,3,Steady Mid-Value,0,High,0.5718682967743915,-0.08033281609727189
18084,4,Seasonal Gift Shopper,6,Low,-3.7195619648495937,0.14008020606356428
18085,3,Steady Mid-Value,4,Medium,-0.024349786075105795,-0.12515347782639694
18086,4,Seasonal Gift Shopper,6,Low,-3.258029103691107,0.6606121146431455
18087,4,Seasonal Gift Shopper,4,Low,-1.678045364755074,-0.13090856884390517
18088,3,Steady Mid-Value,2,Medium,0.17534830493435466,-0.29120327260635676
18089,2,Steady Mid-Value (A),1,Low,0.5373035189856984,-1.9664849526091008
18090,4,Seasonal Gift Shopper,6,Low,-2.5935178381978203,1.491951655777197
18091,3,Steady Mid-Value,4,Medium,-0.0915621112597048,-0.10861174807518004
18092,3,Steady Mid-Value,1,Medium,0.3710657415068551,-0.6031516124128857
18093,4,Seasonal Gift Shopper,4,Low,-2.202605910736731,-1.2029094525281652
18094,3,Steady Mid-Value,1,Low,-0.9097480960757185,0.7006268317446528
18095,4,Seasonal Gift Shopper,6,Low,-4.215242535348605,-1.524946345046417
18096,3,Steady Mid-Value,4,Medium,-0.45325727060175997,0.20451229815824434
18097,2,Steady Mid-Value (A),2,High,1.116558007355085,0.5297154048153758
18098,3,Steady Mid-Value,4,High,1.4219786612597487,0.3251417651780953
18099,3,Steady Mid-Value,4,Medium,-0.022259665486745878,0.4455765700372952
18100,3,Steady Mid-Value,4,Medium,-0.7705841765616115,0.8038034083496831
18101,4,Seasonal Gift Shopper,6,Low,-2.670260604290167,1.3580114580094604
18102,3,Steady Mid-Value,4,High,1.0849504759502242,0.18519876203059107
18103,3,Steady Mid-Value,2,Medium,0.5526263804826087,0.010455814378329015
18104,3,Steady Mid-Value,4,Low,-1.497456487938728,-0.6405736988982318
18105,4,Seasonal Gift Shopper,6,Low,-2.9586586761158875,0.8271657419503368
18106,0,At-Risk / Lapsing (A),4,Low,-0.21023822877353587,-1.6396938537396637
18107,3,Steady Mid-Value,1,Low,-1.0158745176518373,0.3999390221498805
18108,3,Steady Mid-Value,4,Medium,-0.35071932208764134,0.6952510513925833
18109,2,Steady Mid-Value (A),0,High,2.5579566563747687,-0.3668731199830547
18110,2,Steady Mid-Value (A),0,Medium,1.2218004895231358,-1.261126693285481
18111,2,Steady Mid-Value (A),2,Medium,1.0197978363130087,-0.06060721871498491
18112,5,At-Risk / Lapsing,3,Low,-0.8534352499737348,-0.13571955756160084
18113,3,Steady Mid-Value,1,Medium,-0.11134916320677479,0.3384979311383671
18114,2,Steady Mid-Value (A),2,High,1.8860121408484622,-0.22558196030160982
18115,5,At-Risk / Lapsing,3,Low,-1.3176723781315793,1.4661807261179722
18116,3,Steady Mid-Value,1,Medium,-0.2991576219794609,1.089135749747217
18117,4,Seasonal Gift Shopper,4,Low,-1.6273924172351142,-1.0658548600544098
18118,3,Steady Mid-Value,2,Medium,0.7102464712971878,-0.4430721418031825
18119,2,Steady Mid-Value (A),0,High,1.186623050202382,-0.8887239652147605
18120,2,Steady Mid-Value (A),2,High,1.7068893134792869,-0.9650130914536807
18121,3,Steady Mid-Value,4,Low,-0.5308800133132903,-0.6572065095823073
18122,3,Steady Mid-Value,4,Low,-0.6561453826125019,-0.15879368109974545
18123,1,Loyal High-Value,5,High,0.8933849436741782,3.379810720542049
18124,2,Steady Mid-Value (A),0,High,2.2891498817749905,-0.5796408550644637
18125,3,Steady Mid-Value,4,Medium,0.6970158429542683,-0.7280618761948773
18126,3,Steady Mid-Value,2,Medium,0.8883666813026426,-0.4686617233534613
18127,3,Steady Mid-Value,1,Low,-1.1819962961077841,-0.6305589912981182
18128,4,Seasonal Gift Shopper,3,Low,-2.415806003522601,1.159118845668193
18129,3,Steady Mid-Value,1,Low,-1.123855476680049,0.3517419186224973
18130,5,At-Risk / Lapsing,3,Low,-1.177141402621589,0.2790948173296788
18131,3,Steady Mid-Value,4,Medium,-0.8882860572283198,0.7886500529937632
18132,3,Steady Mid-Value,1,Medium,0.578541430762598,-0.027828580236627255
18133,0,At-Risk / Lapsing (A),4,High,-0.07582348849225719,0.1280516382889733
18134,3,Steady Mid-Value,4,Medium,-0.8922035251341012,0.7129527763232217
18135,2,Steady Mid-Value (A),4,High,1.664269657295246,0.1286792378818081
18136,3,Steady Mid-Value,1,High,0.7083532969581577,0.4377238574306024
18137,3,Steady Mid-Value,4,Medium,-0.6742487237520635,1.3770491334958355
18138,1,Loyal High-Value,6,High,-0.5837353812446474,3.9023383903413436
18139,2,Steady Mid-Value (A),0,Medium,0.9048251368766121,-0.5388778229873129
18140,3,Steady Mid-Value,1,Medium,-1.068093482246619,1.3078582635265212
18141,1,Loyal High-Value,4,High,1.9905920852620647,1.483301605507348
18142,1,Loyal High-Value,5,High,2.7082297733400003,1.5167336483119118
18143,4,Seasonal Gift Shopper,6,Low,-2.6911263395751694,0.7959647792038383
18144,3,Steady Mid-Value,2,Medium,0.1798039392697806,-0.32015533880897884
18145,3,Steady Mid-Value,4,Low,-1.4607501188281928,0.3197875468517833
18146,3,Steady Mid-Value,4,Medium,0.4435906952908359,0.30912560999562777
18147,4,Seasonal Gift Shopper,6,Low,-2.822219987701741,0.9065044833642266
18148,1,Loyal High-Value,5,High,4.772554545025124,1.1546400634600196
18149,5,At-Risk / Lapsing,3,Medium,-1.8333534113306629,3.4828628895179143
18150,2,Steady Mid-Value (A),0,High,0.7476990114052219,0.31838747945537693
18151,2,Steady Mid-Value (A),2,Medium,1.3198685386317834,-0.8574850416241823
18152,5,At-Risk / Lapsing,3,Medium,-1.0323858594853588,0.8803407243195249
18153,1,Loyal High-Value,4,High,1.7216478723769255,0.8480643385633332
18154,3,Steady Mid-Value,4,Medium,-0.45961995345581347,2.421184814705109
18155,2,Steady Mid-Value (A),0,High,1.107472111176567,-0.46179250194147475
18156,3,Steady Mid-Value,4,Low,-0.5183405260769267,0.21474635462088967
18157,4,Seasonal Gift Shopper,6,Low,-2.8642581087312218,1.5383049890415081
18158,1,Loyal High-Value,5,High,1.7436043255572158,1.4515247216843656
18159,1,Loyal High-Value,4,High,0.7108547271348531,2.275764136934301
18160,5,At-Risk / Lapsing,3,Low,-2.2260313146613346,2.657199071330286
18161,4,Seasonal Gift Shopper,6,Medium,-1.9370396863214037,2.1279398493773014
18162,4,Seasonal Gift Shopper,6,Low,-1.993885318326223,1.029758662564853
18163,4,Seasonal Gift Shopper,6,Low,-3.0098382034758107,1.2815569554224822
18164,3,Steady Mid-Value,1,Medium,-0.9696456991560989,0.8651750070028185
18165,3,Steady Mid-Value,4,Medium,0.2961850296060112,-0.17633987063920264
18166,3,Steady Mid-Value,4,Low,-1.1694278598155554,-0.1546011845286076
18167,2,Steady Mid-Value (A),0,High,2.4627547536872307,-1.1208290466212953
18168,2,Steady Mid-Value (A),0,High,3.058276819181298,-1.298074026436573
18169,3,Steady Mid-Value,1,Medium,-0.2676861421108457,1.1769319180073108
18170,5,At-Risk / Lapsing,3,Low,-1.1721224651860689,-0.5955066112731199
18171,3,Steady Mid-Value,4,Medium,-0.08337608961679872,-0.6374464730483387
18172,3,Steady Mid-Value,1,Medium,0.28707927715113757,-0.979617721893527
18173,1,Loyal High-Value,4,High,2.0796515213650677,1.4956357545178087
18174,2,Steady Mid-Value (A),0,High,1.128276230919538,-0.7000120463378247
18175,3,Steady Mid-Value,4,Low,-0.9184304943924149,-0.936465831825184
18176,5,At-Risk / Lapsing,1,Low,-1.4459813255730607,0.9810324836271899
18177,0,At-Risk / Lapsing (A),6,Low,-6.0044128553832,-4.3906161443077405
18178,3,Steady Mid-Value,1,Low,-0.7829210938848338,-0.5186856102832252
18179,5,At-Risk / Lapsing,3,Medium,-0.6895365870095244,1.559274825797642
18180,0,At-Risk / Lapsing (A),1,Medium,-0.3338620093953109,0.31706171721471405
18181,0,At-Risk / Lapsing (A),4,Medium,-0.9455532522208308,1.1855642936616413
18182,4,Seasonal Gift Shopper,1,Low,-1.702455667984692,-0.4783204235995985
18183,2,Steady Mid-Value (A),0,High,1.8240915586313067,-0.7875765868787021
18184,2,Steady Mid-Value (A),2,High,1.9839474957674101,-0.780319059764561
18185,4,Seasonal Gift Shopper,4,Low,-2.7277958364950052,-1.2604646792056065
18186,3,Steady Mid-Value,4,High,0.29992331052721544,1.117310741354865
18187,3,Steady Mid-Value,4,Low,-0.9252699067902878,-0.7494398041211529
18188,1,Loyal High-Value,5,High,1.1200414233946523,2.8815340585817606
18189,5,At-Risk / Lapsing,3,Low,-3.343909954413947,0.2620283154907534
18190,2,Steady Mid-Value (A),2,High,2.358072984384814,-1.2809926440067407
18191,3,Steady Mid-Value,4,Low,-0.4449433039365382,-0.752215809620736
18192,2,Steady Mid-Value (A),2,High,2.1477916517468922,-0.2748000126113455
18193,4,Seasonal Gift Shopper,6,Low,-3.9562025913816,-0.270672388237772
18194,3,Steady Mid-Value,4,Low,-1.1981620786162552,-1.1609808789267653
18195,4,Seasonal Gift Shopper,3,Low,-2.196668218448013,2.376530028719445
18196,0,At-Risk / Lapsing (A),4,Medium,-0.2504907050512677,-0.3078813653568819
18197,3,Steady Mid-Value,2,Low,-0.25409471733589317,-0.2278660085190306
18198,4,Seasonal Gift Shopper,6,Low,-3.002445510341621,0.5245912949351503
18199,3,Steady Mid-Value,4,Medium,0.2671368655494482,-0.12292430259018162
18200,0,At-Risk / Lapsing (A),4,Low,-0.9408150363376218,-1.603473353821288
18201,0,At-Risk / Lapsing (A),4,Low,-1.0715503849596988,-0.49941423721361927
18202,3,Steady Mid-Value,1,Medium,0.8438916295411663,0.25975980079848515
18203,2,Steady Mid-Value (A),0,Medium,0.9861302076758011,-0.3196203339979296
18204,3,Steady Mid-Value,1,Low,-1.2502767975138636,1.065152517570806
18205,2,Steady Mid-Value (A),2,Medium,1.0183797044729674,-0.5401826732221916
18206,4,Seasonal Gift Shopper,3,Medium,-1.9063666112197484,2.2700573448352586
18207,1,Loyal High-Value,5,High,2.75340220038627,1.226694843854427
18208,0,At-Risk / Lapsing (A),1,Medium,-0.32155586953079845,-0.2889285404642796
18209,4,Seasonal Gift Shopper,4,Low,-1.8450198787598886,-1.01018424108041
18210,3,Steady Mid-Value,1,Medium,0.17631641256135364,0.03973294950322578
18211,2,Steady Mid-Value (A),2,High,1.9524773079696474,-0.0852591964313606
18212,1,Loyal High-Value,5,High,-0.12873355748596108,3.177972267994163
18213,3,Steady Mid-Value,4,Medium,0.5715156237657686,-0.36384884980072535
18214,2,Steady Mid-Value (A),0,Medium,0.7231769776213456,-0.952580955838129
18215,3,Steady Mid-Value,0,High,0.8287427775438166,0.05140365863121069
18216,2,Steady Mid-Value (A),4,High,2.509936022034141,-1.029794136153971
18217,2,Steady Mid-Value (A),2,High,1.2995535052464973,-0.6118430539603502
18218,4,Seasonal Gift Shopper,4,Low,-2.0452191790685434,-1.7698735450506875
18219,2,Steady Mid-Value (A),1,High,0.8749926989708526,0.31136627479122014
18220,2,Steady Mid-Value (A),2,High,1.3296499412395195,-0.26894216654305103
18221,5,At-Risk / Lapsing,1,Low,-0.8294010446658456,-1.2515026743721336
18222,4,Seasonal Gift Shopper,6,Low,-4.478972071890788,-1.6827296783697276
18223,3,Steady Mid-Value,1,Medium,0.034812690285756974,0.421969876624768
18224,4,Seasonal Gift Shopper,3,Low,-3.029531890652888,-0.7929214206777163
18225,4,Seasonal Gift Shopper,6,Low,-2.925863113539193,-0.20222828476038252
18226,0,At-Risk / Lapsing (A),1,Low,-1.1227169354723627,0.08840717678673161
18227,1,Loyal High-Value,5,High,4.575551046919018,1.4866056975460213
18228,3,Steady Mid-Value,4,Low,-0.9062806122434548,-0.1267170313914075
18229,0,At-Risk / Lapsing (A),3,Medium,-0.6463532200452526,1.6489586499951774
18230,3,Steady Mid-Value,1,Medium,-0.9041999223389539,1.3243866643404218
18231,0,At-Risk / Lapsing (A),4,Medium,0.030973740418566185,-0.9760351159253366
18232,3,Steady Mid-Value,4,Low,-0.8350881298966638,-0.16913841008006655
18233,3,Steady Mid-Value,4,High,0.49387243406707565,0.8387329136448094
18234,3,Steady Mid-Value,4,Low,-0.9947252028988406,-0.10755130392426672
18235,3,Steady Mid-Value,1,Medium,-0.4500300267467507,0.8829518176542385
18236,3,Steady Mid-Value,4,Medium,-0.438400039798308,0.7036026711465244
18237,2,Steady Mid-Value (A),0,High,2.3531909658950614,-1.7466506288236172
18238,4,Seasonal Gift Shopper,4,Low,-2.2224441712810092,-1.2518108809429476
18239,3,Steady Mid-Value,1,Medium,-0.059049634135216834,-0.6839897183208049
18240,3,Steady Mid-Value,0,High,0.39082426817337595,0.24492983065819324
18241,1,Loyal High-Value,4,High,2.5027753691945875,2.0650908878210186
18242,2,Steady Mid-Value (A),2,High,1.5095600468641064,-0.2756495644346015
18243,3,Steady Mid-Value,1,Medium,-0.510302410174754,0.41059493039725964
18244,5,At-Risk / Lapsing,3,Low,-0.8523548800890163,-0.09908214427155204
18245,5,At-Risk / Lapsing,3,Low,-2.6563261499051167,1.3931935692109605
18246,3,Steady Mid-Value,4,Medium,-0.32806463245863576,0.7476424592518118
18247,2,Steady Mid-Value (A),1,Medium,0.68416306637215,-1.6241345460263057
18248,2,Steady Mid-Value (A),2,High,2.377532414211844,-0.1993442758403262
18249,5,At-Risk / Lapsing,3,Low,-3.5906948621938324,0.18129035633479204
18250,3,Steady Mid-Value,1,Medium,-0.10109950134740413,-0.04829057169492905
18251,3,Steady Mid-Value,4,Medium,-0.02899890358702148,0.05042804564012841
18252,3,Steady Mid-Value,4,Low,-0.47087712716080404,-0.42772712085649495
18253,5,At-Risk / Lapsing,0,Medium,0.5756104032024383,-0.0505438243992464
18254,3,Steady Mid-Value,4,Medium,0.08555674464831646,0.44240852408765047
18255,3,Steady Mid-Value,4,Medium,-0.6545099009231478,-0.060394082644831086
18256,2,Steady Mid-Value (A),0,High,2.4710048769741464,-0.4423320302295666
18257,0,At-Risk / Lapsing (A),4,Low,-0.9879739584183648,-1.5940953096187678
18258,2,Steady Mid-Value (A),2,High,2.5029511787645937,-0.6621393315815338
18259,3,Steady Mid-Value,1,Low,-0.8625941221702316,-0.5764081316426785
18260,2,Steady Mid-Value (A),2,Medium,0.8230873896315662,-0.49639597351658055
18261,3,Steady Mid-Value,2,High,0.9285264426540104,-0.11682699368317559
18262,4,Seasonal Gift Shopper,6,Low,-3.251573653770575,0.867673662281736
18263,2,Steady Mid-Value (A),4,High,1.1714664265247428,0.34190621326390463
18264,5,At-Risk / Lapsing,0,Medium,-0.1597113986237412,0.20229364768161648
18265,3,Steady Mid-Value,2,High,1.075308447663315,0.027527907021967567
18266,3,Steady Mid-Value,4,High,0.4807991523421801,0.3558310690404094
18267,4,Seasonal Gift Shopper,6,Low,-5.021990057482209,-2.4740569878364695
18268,3,Steady Mid-Value,4,Medium,-0.5833444021947639,0.029914715556050346
18269,2,Steady Mid-Value (A),0,Medium,0.9460824916220313,-0.41269133279757064
18270,1,Loyal High-Value,4,High,0.24597908977811042,2.9870128153461595
18271,3,Steady Mid-Value,1,Medium,-0.6483823120053711,1.8506015234252746
18272,3,Steady Mid-Value,4,Medium,-0.1193331037507678,0.5761911595508489
18273,3,Steady Mid-Value,1,Medium,0.2694684101796446,0.37844687147434614
18274,3,Steady Mid-Value,2,High,0.8735824026417158,-0.3588577287900146
18275,2,Steady Mid-Value (A),2,High,3.287487966541617,-1.645780298224563
18276,3,Steady Mid-Value,4,High,0.4729925611811529,0.18772930025663295
18277,2,Steady Mid-Value (A),2,Medium,1.0354014727064396,-0.7761554075096334
18278,5,At-Risk / Lapsing,3,Low,-2.0042833553661206,-1.2198287991809675
18279,5,At-Risk / Lapsing,3,Low,-1.51385000691642,-0.598780972236186
18280,4,Seasonal Gift Shopper,6,Low,-4.2203069470723005,-0.9313029389560774
18281,0,At-Risk / Lapsing (A),6,Low,-3.580122164175982,0.18366551806169354
18282,2,Steady Mid-Value (A),4,Medium,1.5732411388152534,-2.0828451063351934
18283,4,Seasonal Gift Shopper,6,Low,-2.176160859487604,0.9918266383385225
18284,3,Steady Mid-Value,4,Medium,-0.4236488554944983,0.607060400730194
18285,3,Steady Mid-Value,4,Medium,0.08538626493730209,1.9281597330845155
18286,2,Steady Mid-Value (A),0,High,2.1448208846318604,-1.4217090357985211
18287,1,Loyal High-Value,5,High,3.2269077776810597,1.51849040103114
18288,2,Steady Mid-Value (A),2,High,1.8856522386247743,-0.44844089132620146
18289,0,At-Risk / Lapsing (A),3,Low,-1.3409462965191212,0.27443560699398567
18290,3,Steady Mid-Value,4,Medium,-0.2494519133860477,0.3184283484885322
18291,4,Seasonal Gift Shopper,4,Low,-1.776625947633012,0.4628056168530739
18292,3,Steady Mid-Value,4,Medium,0.23785066678864644,0.23961906786405243
18293,3,Steady Mid-Value,4,Medium,-0.662067290566255,1.6950180177695013
18294,3,Steady Mid-Value,4,Medium,0.10483228960724907,1.2345959707954648
18295,4,Seasonal Gift Shopper,6,Low,-2.7415226394236747,1.8367000371815532
18296,2,Steady Mid-Value (A),2,Medium,0.9527353718022709,-0.45535727099699463
18297,3,Steady Mid-Value,4,Low,-1.313729052846351,0.6500910304418667
18298,0,At-Risk / Lapsing (A),4,Low,-1.898943525401781,-0.5342293135530679
18299,1,Loyal High-Value,4,High,1.3634233164959255,2.1442526270031523
18300,1,Loyal High-Value,5,High,3.5386527776539514,2.0509034304445874
18301,4,Seasonal Gift Shopper,6,Medium,-1.8890655567514405,1.6965061866517377
18302,3,Steady Mid-Value,4,Medium,-0.059072277605352795,-0.07490161227394276
18303,5,At-Risk / Lapsing,1,Low,-1.4549603332380006,0.31807784470784195
18304,0,At-Risk / Lapsing (A),4,High,-0.08917144704833939,2.268795796597417
18305,4,Seasonal Gift Shopper,6,Low,-3.8849797686097145,-0.7443302652793874
18306,3,Steady Mid-Value,4,Medium,-0.9355062852697233,1.1454126651999341
18307,3,Steady Mid-Value,4,Low,-0.9117384142790409,0.29128021652705127
18308,4,Seasonal Gift Shopper,6,Low,-2.7796198353700623,1.6970023670052115
18309,3,Steady Mid-Value,4,Low,-0.7208482635474819,-0.06804308195425654
18310,3,Steady Mid-Value,4,Medium,-0.057026573634698104,0.5701971686467634
18311,2,Steady Mid-Value (A),2,High,3.4541318394283027,-0.6105910145528819
18312,3,Steady Mid-Value,1,Medium,0.10926429350070349,-0.13383539361474348
18313,2,Steady Mid-Value (A),2,High,2.4233538906529835,-1.195662096076369
18314,3,Steady Mid-Value,1,High,0.9099276808380238,0.5145668127992473
18315,2,Steady Mid-Value (A),2,High,1.6198235025797538,-0.7709460897916972
18316,2,Steady Mid-Value (A),2,Medium,0.8712992631146738,-0.15175035570950002
18317,2,Steady Mid-Value (A),2,High,1.7903404700591505,-0.6018435757104251
18318,3,Steady Mid-Value,1,Medium,-0.9312298293943604,-0.19259200813916236
18319,2,Steady Mid-Value (A),4,High,1.1411456890590363,-0.004484924037459414
18320,3,Steady Mid-Value,4,Medium,-0.251708300354557,0.2847451484782635
18321,3,Steady Mid-Value,0,High,0.8795907252003405,-0.16586835894155166
18322,3,Steady Mid-Value,4,Low,-0.8616421945452175,-0.8274465685719801
18323,2,Steady Mid-Value (A),4,High,1.9239042896184206,-0.8979863371748958
18324,3,Steady Mid-Value,4,Low,-1.1642672974664443,0.6641131240093276
18325,2,Steady Mid-Value (A),2,High,2.0545825864491882,-0.008680353028297363
18326,1,Loyal High-Value,4,High,2.8741628631313487,1.8574301850612622
18327,0,At-Risk / Lapsing (A),0,High,0.6344216671212403,-0.07596208116501345
18328,5,At-Risk / Lapsing,0,Medium,-0.44118834602561596,1.2072772657516904
18329,3,Steady Mid-Value,4,High,0.8665597062052375,0.22182264635419305
18330,3,Steady Mid-Value,1,High,0.44414530856874246,0.4041140263374481
18331,2,Steady Mid-Value (A),0,High,1.8390939248443363,-0.6445529831075486
18332,2,Steady Mid-Value (A),2,High,2.339634849116775,0.1744254483618834
18333,3,Steady Mid-Value,1,Medium,-0.29628060830915576,0.5924044266972607
18334,0,At-Risk / Lapsing (A),4,Low,-2.7778336272185613,-1.719608309716606
18335,2,Steady Mid-Value (A),1,Medium,0.19315209170823958,-1.5337822224291664
18336,3,Steady Mid-Value,4,Medium,-0.16184987891615493,0.8086348354595398
18337,0,At-Risk / Lapsing (A),1,Low,-1.8737902654458134,-0.7046919709044952
18338,3,Steady Mid-Value,4,Medium,0.20457249922081022,-0.8309746573229267
18339,3,Steady Mid-Value,4,Low,-0.34225742893473443,-0.8602754747347046
18340,2,Steady Mid-Value (A),2,High,2.6625342217170993,-0.8915922084550458
18341,2,Steady Mid-Value (A),2,High,2.179560467507113,-0.6366740874711257
18342,2,Steady Mid-Value (A),2,Medium,1.0612391499100695,-1.1940635348764161
18343,3,Steady Mid-Value,1,Medium,-0.5444794941648711,0.9032989716861262
18344,3,Steady Mid-Value,1,High,-0.12419310813851209,1.5982030645709786
18345,3,Steady Mid-Value,4,Low,-1.5034146397707684,-0.14643057314706692
18346,2,Steady Mid-Value (A),1,Medium,0.93411170639872,-0.07092026384056274
